transaction_id,user_id,amount,merchant,category,location,device_id,timestamp,status,is_anomaly,anomaly_type
5a763264-1b8a-4f30-b900-5578ef767871,44,2870.7,DMart,Groceries,"Kolkata, IN",device-mobile-044,2026-08-11T15:17:55.823367+00:00,APPROVED,0,None
cba14f0d-8029-41a9-8d88-ea2d86869be4,18,1575.12,Reliance Digital,Electronics,"Bengaluru, IN",device-mobile-018,2026-08-11T15:27:37.823367+00:00,APPROVED,0,None
fd3027cc-f655-4a80-8bf9-9299e1914b1e,10,4222.84,Bescom,Utilities,"Hyderabad, IN",device-mobile-010,2026-08-11T15:29:11.823367+00:00,APPROVED,0,None
8a50c748-a89e-41bb-bdab-e830d15778cf,40,2835.4,BookMyShow,Entertainment,"Ahmedabad, IN",device-mobile-040,2026-08-11T15:29:26.823367+00:00,APPROVED,0,None
a81885e2-1dbc-4a2b-a365-f302aaa3353b,2,2765.78,Zomato,Food & Dining,"Pune, IN",device-mobile-002,2026-08-11T15:36:48.823367+00:00,APPROVED,0,None
1f260565-db88-4da8-b728-77a0ab01d48a,39,8671.37,Uber,Travel,"Chennai, IN",device-mobile-039,2026-08-11T15:37:19.823367+00:00,APPROVED,0,None
01ca2ffc-6842-49cd-a8c1-3fc2e7f62e57,30,842.35,Bescom,Utilities,"Bengaluru, IN",device-mobile-030,2026-08-11T15:39:59.823367+00:00,APPROVED,0,None
91fc4fce-f5e6-45d6-8e59-38d8a523a5e9,26,2453.66,CaratLane,Luxury & Jewelry,"Ahmedabad, IN",device-laptop-026,2026-08-11T15:45:01.823367+00:00,APPROVED,0,None
39f0c277-ba81-4126-93ca-e0a54c1057b1,16,2915.47,Bescom,Utilities,"Chennai, IN",device-mobile-016,2026-08-11T15:46:54.823367+00:00,APPROVED,0,None
b5610d58-7ab8-4123-b668-55b07694b77d,25,2777.55,Reliance Digital,Electronics,"Bengaluru, IN",device-mobile-025,2026-08-11T15:56:39.823367+00:00,APPROVED,0,None
1432c7f2-8c45-40d4-b10c-6621d6e9825f,11,985.47,H&M,Shopping,"Delhi, IN",device-mobile-011,2026-08-11T15:59:54.823367+00:00,APPROVED,0,None
cec6e16b-112f-452f-a84b-f68ed1ff047e,36,9111.87,Amazon India,Shopping,"Mumbai, IN",device-mobile-036,2026-08-11T16:01:15.823367+00:00,APPROVED,0,None
ffc2aa41-fbfd-445b-9b72-79570116bb5c,6,745.3,H&M,Shopping,"Hyderabad, IN",device-mobile-006,2026-08-11T16:13:27.823367+00:00,APPROVED,0,None
5f17b7d2-4a86-457e-a580-2309e60ccc38,47,1577.75,Tata Power,Utilities,"Bengaluru, IN",device-laptop-047,2026-08-11T16:15:57.823367+00:00,APPROVED,0,None
463caa10-c961-4075-9c93-c444f87a3a97,45,791.71,Apple Store,Electronics,"Ahmedabad, IN",device-mobile-045,2026-08-11T16:39:54.823367+00:00,APPROVED,0,None
06e00aa0-fda3-4a48-b67e-0b21a1c456c4,25,2364.85,Reliance Digital,Electronics,"Bengaluru, IN",device-mobile-025,2026-08-11T16:55:13.823367+00:00,APPROVED,0,None
8c788749-5763-4425-ae2e-d39c0405cc0f,18,1547.51,IndiGo,Travel,"Bengaluru, IN",device-laptop-018,2026-08-11T17:03:08.823367+00:00,APPROVED,0,None
7c405af1-1f9c-4018-b762-4fa5b8305610,5,1194.09,Steam Games,Entertainment,"Mumbai, IN",device-mobile-005,2026-08-11T17:08:47.823367+00:00,APPROVED,0,None
a1a400f4-5841-4f92-9483-8563b1027e7a,37,3269.15,Zomato,Food & Dining,"Kolkata, IN",device-mobile-037,2026-08-11T17:49:06.823367+00:00,APPROVED,0,None
0a670474-5418-44da-9be6-27e887f000ad,34,9974.28,Swiggy,Food & Dining,"Hyderabad, IN",device-mobile-034,2026-08-11T17:54:48.823367+00:00,APPROVED,0,None
805e7037-e12b-45dc-bebe-8946a0964800,36,2787.11,Ajio,Shopping,"Mumbai, IN",device-laptop-036,2026-08-11T18:00:57.823367+00:00,APPROVED,0,None
3049ba97-bf4d-4cda-a22c-c792b6d3e6de,41,399.23,H&M,Shopping,"Ahmedabad, IN",device-mobile-041,2026-08-11T18:08:53.823367+00:00,APPROVED,0,None
6893e498-a242-4a0b-aec2-9a0bb86763e3,20,808.31,Flipkart,Shopping,"Pune, IN",device-mobile-020,2026-08-11T18:19:33.823367+00:00,APPROVED,0,None
f27f72fa-7238-4d83-9401-0618238cf4f0,4,4349.22,Myntra,Shopping,"Bengaluru, IN",device-mobile-004,2026-08-11T18:20:20.823367+00:00,APPROVED,0,None
9f7384f2-1ffb-4564-9e03-a261175ea858,41,199.1,Vijay Sales,Electronics,"Ahmedabad, IN",device-mobile-041,2026-08-11T18:26:44.823367+00:00,APPROVED,0,None
ff7152d7-795c-4d08-b5b9-f1361f621fde,18,4015.9,Booking.com,Travel,"Bengaluru, IN",device-mobile-018,2026-08-11T18:34:57.823367+00:00,APPROVED,0,None
82d9fb0e-8047-41f5-87ea-b73bd0500ccf,50,995.31,BookMyShow,Entertainment,"Kolkata, IN",device-mobile-050,2026-08-11T18:36:24.823367+00:00,APPROVED,0,None
696004b5-ca1a-4d0d-a5c6-84ee1f144dcd,20,2750.18,Swiggy,Food & Dining,"Pune, IN",device-laptop-020,2026-08-11T18:42:12.823367+00:00,APPROVED,0,None
64d8bcd7-5d50-45a4-b578-8d308264edf5,8,6226.22,Jio Recharge,Utilities,"Kolkata, IN",device-mobile-008,2026-08-11T19:06:34.823367+00:00,APPROVED,0,None
b057adf4-0513-4842-ac88-d6131e8eccfe,50,884.88,Airtel Bill,Utilities,"Kolkata, IN",device-laptop-050,2026-08-11T19:08:42.823367+00:00,APPROVED,0,None
fc274909-319a-4bc6-bb36-415765dcb729,33,1901.26,H&M,Shopping,"Kolkata, IN",device-mobile-033,2026-08-11T19:32:00.823367+00:00,APPROVED,0,None
5133b20b-e3ae-4f69-87fa-baff5682fbd8,31,2562.09,BigBasket,Groceries,"Delhi, IN",device-mobile-031,2026-08-11T19:33:50.823367+00:00,APPROVED,0,None
f39b2f74-d7b6-44b2-ae09-ba430bd35d2f,19,1481.42,Netflix,Entertainment,"Kolkata, IN",device-mobile-019,2026-08-11T19:35:01.823367+00:00,APPROVED,0,None
7a17e2ad-d77a-4b3f-a53a-de33e6030042,45,1831.6,Nature's Basket,Groceries,"Ahmedabad, IN",device-mobile-045,2026-08-11T19:48:41.823367+00:00,APPROVED,0,None
3af5ab25-c858-4265-b523-d3a7c29c3adc,25,1235.14,Samsung Store,Electronics,"Bengaluru, IN",device-mobile-025,2026-08-11T20:15:42.823367+00:00,APPROVED,0,None
07befc35-bb11-45de-8e73-114312f59389,9,3134.06,Adani Gas,Utilities,"Kolkata, IN",device-mobile-009,2026-08-11T20:15:56.823367+00:00,APPROVED,0,None
3c148e84-84e9-4e84-8b59-f1e1665803f0,16,1464.74,Instamart,Groceries,"Chennai, IN",device-mobile-016,2026-08-11T20:22:49.823367+00:00,APPROVED,0,None
35ba15a7-968d-4763-9c2f-63b795917c1a,26,2258.48,Bescom,Utilities,"Ahmedabad, IN",device-mobile-026,2026-08-11T20:35:52.823367+00:00,APPROVED,0,None
286f1247-0c8b-40d9-bd62-dabc852783a2,26,5902.14,Reliance Digital,Electronics,"Ahmedabad, IN",device-mobile-026,2026-08-11T20:37:26.823367+00:00,APPROVED,0,None
f363659a-d689-450e-8c06-c3e3dfc0f5ea,40,2551.03,Flipkart,Shopping,"Ahmedabad, IN",device-mobile-040,2026-08-11T20:59:23.823367+00:00,APPROVED,0,None
4e630e72-a81c-41ae-9e71-9152361c7be9,31,647.74,Steam Games,Entertainment,"Mumbai, IN",device-laptop-031,2026-08-11T21:04:18.823367+00:00,APPROVED,0,None
c62b112d-af34-4dfb-ae65-e41433f3a39f,32,1818.27,Flipkart,Shopping,"Hyderabad, IN",device-mobile-032,2026-08-11T21:11:41.823367+00:00,APPROVED,0,None
338ab9ff-9e29-4c1e-95d3-d1116ed4d195,30,291.49,McDonald's,Food & Dining,"Bengaluru, IN",device-mobile-030,2026-08-11T21:19:38.823367+00:00,APPROVED,0,None
d6ff8cef-c5a0-4e96-9163-b95918c3464c,11,403.46,Tiffany & Co,Luxury & Jewelry,"Delhi, IN",device-mobile-011,2026-08-11T21:21:11.823367+00:00,APPROVED,0,None
30edd369-b63c-4253-a4fe-c778c56284ec,29,1662.52,Samsung Store,Electronics,"Pune, IN",device-mobile-029,2026-08-11T21:26:05.823367+00:00,APPROVED,0,None
414fe77c-7065-4f7a-a2ec-5a634d5a2590,5,969.85,IRCTC,Travel,"Mumbai, IN",device-mobile-005,2026-08-11T21:27:29.823367+00:00,APPROVED,0,None
142339c3-0ad5-4a15-9c45-40b1ae7912c9,23,781.22,Zomato,Food & Dining,"Hyderabad, IN",device-mobile-023,2026-08-11T21:29:28.823367+00:00,APPROVED,0,None
8e0b42b1-8cb8-443e-a735-89f04df96627,6,386.46,Dominos,Food & Dining,"Hyderabad, IN",device-mobile-006,2026-08-11T21:34:13.823367+00:00,APPROVED,0,None
67f8aaeb-8ad1-41ca-bf09-2ba2f976598b,42,5953.61,Reliance Digital,Electronics,"Ahmedabad, IN",device-mobile-042,2026-08-11T21:39:52.823367+00:00,APPROVED,0,None
c12b1d2d-671c-4f0f-aedc-a6e3ca878518,16,1174.25,Ajio,Shopping,"Chennai, IN",device-mobile-016,2026-08-11T21:47:31.823367+00:00,APPROVED,0,None
77f71efa-5184-4099-aa5e-43b890cdb0a5,50,1608.84,IRCTC,Travel,"Kolkata, IN",device-mobile-050,2026-08-11T21:54:16.823367+00:00,APPROVED,0,None
f9d1a77f-1072-4c27-9b50-da7b94c8a1a5,35,2607.45,Nature's Basket,Groceries,"Mumbai, IN",device-mobile-035,2026-08-11T22:13:54.823367+00:00,APPROVED,0,None
0f4d0a15-7d2c-4992-bb9f-246cfb5b49e6,14,44387.24,Apple Store,Electronics,"Chennai, IN",device-emulator-root-2325,2026-08-11T22:18:19.823367+00:00,SUSPICIOUS,1,UNRECOGNIZED_DEVICE
9284c0cf-a0c2-4139-9971-e6468f75344c,50,5703.19,Amazon India,Shopping,"Kolkata, IN",device-mobile-050,2026-08-11T22:21:08.823367+00:00,SUSPICIOUS,1,RAPID_BURST
3afd4fef-4d83-4b00-96fa-190de33d3e1b,9,2369.95,Zomato,Food & Dining,"Pune, IN",device-mobile-009,2026-08-11T22:30:03.823367+00:00,APPROVED,0,None
0e3b68aa-21b6-43ab-994a-2decb0d47c94,23,1518.58,PVR Cinemas,Entertainment,"Hyderabad, IN",device-mobile-023,2026-08-11T22:30:45.823367+00:00,APPROVED,0,None
f9d2489d-2c36-49ee-be2a-1e0cd0abfd53,31,2073.96,PVR Cinemas,Entertainment,"Delhi, IN",device-mobile-031,2026-08-11T22:39:41.823367+00:00,APPROVED,0,None
acd6cb4a-5349-4935-93f0-7965903843b5,27,955.56,DMart,Groceries,"Chennai, IN",device-mobile-027,2026-08-11T22:43:10.823367+00:00,APPROVED,0,None
6d7c5912-c2bf-4c2b-aa8e-65a19a5207fb,3,5995.63,H&M,Shopping,"Delhi, IN",device-laptop-003,2026-08-11T22:57:04.823367+00:00,APPROVED,0,None
5a158789-8f63-4cda-8ba7-75c48750f77e,49,2573.34,Zara,Shopping,"Delhi, IN",device-mobile-049,2026-08-11T23:14:07.823367+00:00,APPROVED,0,None
efb97e5d-4fb3-4542-a9b4-9795c2360a09,32,594.7,Swiggy,Food & Dining,"Hyderabad, IN",device-mobile-032,2026-08-11T23:14:43.823367+00:00,APPROVED,0,None
1510a92f-0c18-40ba-b629-9f20374c5f54,45,1279.04,Dominos,Food & Dining,"Kolkata, IN",device-mobile-045,2026-08-11T23:28:30.823367+00:00,APPROVED,0,None
c5c80231-7a89-4345-bcaf-3ad4f79c1da7,29,2197.16,Jio Recharge,Utilities,"Pune, IN",device-mobile-029,2026-08-11T23:28:56.823367+00:00,APPROVED,0,None
a6d222eb-6621-4bfa-8582-97975de4b375,42,1940.86,PVR Cinemas,Entertainment,"Delhi, IN",device-mobile-042,2026-08-11T23:29:29.823367+00:00,APPROVED,0,None
4aabb19f-1f22-4f83-8741-7aed7fd07f78,22,976.78,Reliance Digital,Electronics,"Bengaluru, IN",device-mobile-022,2026-08-12T00:03:09.823367+00:00,APPROVED,0,None
157f81ef-cb04-422b-8e44-e85c3d8cf6e9,30,940.01,Reliance Digital,Electronics,"Bengaluru, IN",device-mobile-030,2026-08-12T00:06:38.823367+00:00,APPROVED,0,None
9bd6e87e-bcfc-4fdd-865c-57eec4dbf05b,47,1224.56,Barbeque Nation,Food & Dining,"Bengaluru, IN",device-mobile-047,2026-08-12T00:09:47.823367+00:00,APPROVED,0,None
1b003f86-ee66-449c-a35d-0eaac160306f,30,1690.96,Myntra,Shopping,"Bengaluru, IN",device-mobile-030,2026-08-12T00:14:11.823367+00:00,APPROVED,0,None
fff530bd-5b2c-47da-a5bd-c8108968c4f9,7,931.08,Reliance Digital,Electronics,"Mumbai, IN",device-mobile-007,2026-08-12T00:23:03.823367+00:00,APPROVED,0,None
d9a9d5df-d077-4535-a48c-eddeb4a7d7f5,37,1754.65,Spotify,Entertainment,"Kolkata, IN",device-mobile-037,2026-08-12T00:32:12.823367+00:00,APPROVED,0,None
98986860-cb32-4011-9a48-b495eb98bfba,1,3258.89,Apple Store,Electronics,"Bengaluru, IN",device-mobile-001,2026-08-12T00:38:45.823367+00:00,APPROVED,0,None
6729d388-123c-49c0-a4db-4baf376fb262,23,1540.09,Bescom,Utilities,"Hyderabad, IN",device-mobile-023,2026-08-12T00:38:56.823367+00:00,APPROVED,0,None
8f434563-5ee0-4992-b234-97e2a89be28c,6,721.1,Swiggy,Food & Dining,"Hyderabad, IN",device-mobile-006,2026-08-12T00:43:02.823367+00:00,APPROVED,0,None
926d0500-b772-4ebf-b180-62d7f724d64b,47,1573.3,Zepto,Groceries,"Bengaluru, IN",device-mobile-047,2026-08-12T01:00:58.823367+00:00,APPROVED,0,None
f279a2bc-f972-40de-9ea2-7df3da69d557,42,704.12,Bescom,Utilities,"Delhi, IN",device-mobile-042,2026-08-12T01:11:33.823367+00:00,APPROVED,0,None
62e70c1a-b47b-4920-a1de-b6daf10bbd3c,11,619.0,Vijay Sales,Electronics,"Delhi, IN",device-mobile-011,2026-08-12T01:13:47.823367+00:00,APPROVED,0,None
a55c3575-360f-4f0a-8977-a9a9ab9490ca,15,39920.98,Apple Store,Electronics,"Hyderabad, IN",device-emulator-root-9805,2026-08-12T01:21:19.823367+00:00,SUSPICIOUS,1,UNRECOGNIZED_DEVICE
24e3b13c-b627-4e2c-88b1-d7d2a9037507,25,1847.49,Swiggy,Food & Dining,"Bengaluru, IN",device-mobile-025,2026-08-12T02:03:52.823367+00:00,APPROVED,0,None
3404739a-2df9-4435-b7bd-eccf30f153a2,31,3523.54,Starbucks,Food & Dining,"Delhi, IN",device-mobile-031,2026-08-12T02:47:38.823367+00:00,APPROVED,0,None
90de811a-040a-4f90-8a7e-0e976ad319ae,20,1001.06,Zara,Shopping,"Pune, IN",device-mobile-020,2026-08-12T02:48:33.823367+00:00,APPROVED,0,None
75ef67da-83e7-403d-8720-8ee557095882,3,5773.77,Jio Recharge,Utilities,"Delhi, IN",device-laptop-003,2026-08-12T03:06:53.823367+00:00,APPROVED,0,None
e5704300-a37f-483f-af45-c67985947113,43,584.31,Starbucks,Food & Dining,"Pune, IN",device-mobile-043,2026-08-12T03:15:59.823367+00:00,APPROVED,0,None
40e8c9c7-038f-4da2-9daa-4a9be6545bfa,37,1055.33,Samsung Store,Electronics,"Kolkata, IN",device-mobile-037,2026-08-12T03:23:08.823367+00:00,APPROVED,0,None
266df2e2-697d-4c85-a284-afac636aecf5,44,3357.4,Vijay Sales,Electronics,"Kolkata, IN",device-mobile-044,2026-08-12T03:23:21.823367+00:00,APPROVED,0,None
bd967b34-378e-4132-b785-bcd1cd1e5112,24,4257.17,Instamart,Groceries,"Bengaluru, IN",device-mobile-024,2026-08-12T03:31:35.823367+00:00,APPROVED,0,None
728dd699-ad37-499a-90f1-d5a292f5472e,34,2415.53,Croma,Electronics,"Hyderabad, IN",device-mobile-034,2026-08-12T03:32:29.823367+00:00,APPROVED,0,None
aa0aa2e3-b5c4-4e43-91b5-f45251952aac,10,1363.93,Myntra,Shopping,"Mumbai, IN",device-mobile-010,2026-08-12T03:39:52.823367+00:00,APPROVED,0,None
54ec25eb-506f-45b7-90bb-2ac294afeabf,45,1698.23,DMart,Groceries,"Kolkata, IN",device-mobile-045,2026-08-12T03:45:00.823367+00:00,APPROVED,0,None
206a2b65-c684-41be-a151-9c0cf918a275,1,742.49,H&M,Shopping,"Bengaluru, IN",device-mobile-001,2026-08-12T03:53:19.823367+00:00,APPROVED,0,None
fc45471c-54f2-4f8f-9428-098d5aee191f,8,2526.64,Ajio,Shopping,"Kolkata, IN",device-mobile-008,2026-08-12T04:03:00.823367+00:00,APPROVED,0,None
199dacd9-847c-418e-ad5e-a77a4692487f,22,920.89,Vijay Sales,Electronics,"Bengaluru, IN",device-mobile-022,2026-08-12T04:08:57.823367+00:00,APPROVED,0,None
c94744e9-83b5-4037-a459-afb155ea7714,23,3126.15,Zomato,Food & Dining,"Chennai, IN",device-mobile-023,2026-08-12T04:15:26.823367+00:00,APPROVED,0,None
eb8038a7-5689-48d6-b704-3c23281d5f06,50,72599.74,Apple Store,Electronics,"Kolkata, IN",device-emulator-root-4229,2026-08-12T04:30:59.823367+00:00,SUSPICIOUS,1,UNRECOGNIZED_DEVICE
1b79d442-3f23-441b-928a-4f20fff34578,2,2047.74,H&M,Shopping,"Pune, IN",device-mobile-002,2026-08-12T04:37:59.823367+00:00,APPROVED,0,None
e4c15f3b-d90b-4873-bb2c-b04947949c7d,35,2365.21,Ajio,Shopping,"Mumbai, IN",device-mobile-035,2026-08-12T04:40:37.823367+00:00,APPROVED,0,None
d5a228df-5c3d-4409-adb9-70e9dcba4312,12,2058.07,Zara,Shopping,"Chennai, IN",device-mobile-012,2026-08-12T04:47:06.823367+00:00,APPROVED,0,None
95ae9b99-3edb-4f55-b2d1-0972cfa1f156,2,3435.81,Booking.com,Travel,"Pune, IN",device-mobile-002,2026-08-12T04:51:05.823367+00:00,APPROVED,0,None
c241f8e3-7b43-4fb6-917c-04e3f00ead35,1,1926.74,BookMyShow,Entertainment,"Bengaluru, IN",device-mobile-001,2026-08-12T04:59:58.823367+00:00,APPROVED,0,None
e4bd03eb-d1fb-4675-9c2c-ab3f7fb12ad4,11,556.52,Instamart,Groceries,"Delhi, IN",device-laptop-011,2026-08-12T05:39:46.823367+00:00,APPROVED,0,None
9f1c77ed-d4f3-4f11-a3a9-5117b1fd1b3c,31,1181.59,Bescom,Utilities,"Delhi, IN",device-mobile-031,2026-08-12T05:42:16.823367+00:00,APPROVED,0,None
c9640725-a4b1-40bb-9bd2-483cb3d9baa9,46,20126.2,Amazon India,Shopping,"Delhi, IN",device-mobile-046,2026-08-12T05:48:46.823367+00:00,SUSPICIOUS,1,RAPID_BURST
9cad7b05-b44e-41b5-8302-4697370715f2,36,3995.08,Zepto,Groceries,"Mumbai, IN",device-mobile-036,2026-08-12T06:10:16.823367+00:00,APPROVED,0,None
4dfd197e-f850-47dd-992a-cd51ac0d37fe,38,762.28,Amazon India,Shopping,"Hyderabad, IN",device-mobile-038,2026-08-12T06:12:44.823367+00:00,APPROVED,0,None
c564fa81-677d-4428-9321-f902df043ae8,31,4702.85,Jio Recharge,Utilities,"Delhi, IN",device-mobile-031,2026-08-12T06:12:57.823367+00:00,APPROVED,0,None
2674e783-c6bf-4e01-a0ad-bf8d9f466711,47,646.54,Ola,Travel,"Bengaluru, IN",device-mobile-047,2026-08-12T06:17:10.823367+00:00,APPROVED,0,None
7e61c9ce-c8e7-4311-bf06-3611d33a5f26,16,2249.64,Steam Games,Shopping,"London, UK",device-botnet-12,2026-08-12T06:18:15.823367+00:00,FLAGGED,1,FAILED_ATTEMPT_STUFFING
cb03513f-f4c9-4b18-91e8-97035c823b5f,33,503.28,IndiGo,Travel,"Kolkata, IN",device-mobile-033,2026-08-12T06:18:42.823367+00:00,APPROVED,0,None
20e2dfbd-38fd-4bd7-9305-3477f7ad2830,36,1980.67,Apple Store,Electronics,"Mumbai, IN",device-mobile-036,2026-08-12T06:36:54.823367+00:00,APPROVED,0,None
6dcea00a-65a9-45fc-afc2-60c9c4b32e57,25,1282.74,Tata Power,Utilities,"Bengaluru, IN",device-mobile-025,2026-08-12T06:36:54.823367+00:00,APPROVED,0,None
0ecff911-49ee-4860-ad74-314548dbd832,25,2366.71,Myntra,Shopping,"Bengaluru, IN",device-mobile-025,2026-08-12T06:40:55.823367+00:00,APPROVED,0,None
82faf6fc-a219-4ab3-be8c-5bb21869d2c5,28,1787.73,McDonald's,Food & Dining,"Chennai, IN",device-mobile-028,2026-08-12T06:41:58.823367+00:00,APPROVED,0,None
997fe7b4-043c-4feb-ad7e-1f11810f962b,32,699.86,Croma,Electronics,"Hyderabad, IN",device-mobile-032,2026-08-12T07:07:26.823367+00:00,APPROVED,0,None
b80eca69-7054-47f7-aa81-4735b0f553a4,46,3608.89,DMart,Groceries,"Delhi, IN",device-mobile-046,2026-08-12T07:20:11.823367+00:00,APPROVED,0,None
fb3b53b9-9c1a-47ce-b729-a1cdee3703fe,17,4013.68,DMart,Groceries,"Mumbai, IN",device-mobile-017,2026-08-12T07:22:24.823367+00:00,APPROVED,0,None
765d10bd-6b6e-4856-b9cc-9728d7045dae,50,3548.36,Ola,Travel,"Kolkata, IN",device-mobile-050,2026-08-12T07:22:58.823367+00:00,APPROVED,0,None
0ad059de-d64a-476a-bfd4-412917550177,5,1120.63,Bescom,Utilities,"Mumbai, IN",device-mobile-005,2026-08-12T07:57:33.823367+00:00,APPROVED,0,None
f84f924c-2688-4f4f-9c5e-f8f312a3f738,24,2460.94,PVR Cinemas,Entertainment,"Bengaluru, IN",device-laptop-024,2026-08-12T07:59:17.823367+00:00,APPROVED,0,None
66b273bf-77fd-406b-b68e-ace38aad36a0,27,1067.93,Nature's Basket,Groceries,"Chennai, IN",device-mobile-027,2026-08-12T08:02:53.823367+00:00,APPROVED,0,None
dc13e85f-e2fc-41ad-9623-9f339c43d8dd,49,1682.0,DMart,Groceries,"Delhi, IN",device-laptop-049,2026-08-12T08:06:14.823367+00:00,APPROVED,0,None
f1fd92f9-b7bc-4753-93c7-9a1027f05e1c,26,4016.02,Vijay Sales,Electronics,"Ahmedabad, IN",device-mobile-026,2026-08-12T08:21:13.823367+00:00,APPROVED,0,None
a09b949b-024c-429d-abc1-c0642dd64b6e,8,2478.64,Booking.com,Travel,"Kolkata, IN",device-mobile-008,2026-08-12T08:22:51.823367+00:00,APPROVED,0,None
1f91433f-606e-4d51-9080-502426adbf1a,43,595.51,Starbucks,Food & Dining,"Pune, IN",device-mobile-043,2026-08-12T08:36:04.823367+00:00,APPROVED,0,None
81d6fe92-0571-416c-bec6-7ed71fe2bbbe,47,719.79,IRCTC,Travel,"Pune, IN",device-mobile-047,2026-08-12T08:41:27.823367+00:00,APPROVED,0,None
d81b5632-8ccf-4fd2-be1a-fec1e13f2357,7,783.23,Bescom,Utilities,"Mumbai, IN",device-laptop-007,2026-08-12T08:51:00.823367+00:00,APPROVED,0,None
82d1c12e-775c-43e6-ad4f-b0dd4b25a365,44,2595.18,Uber,Travel,"Kolkata, IN",device-laptop-044,2026-08-12T08:55:10.823367+00:00,APPROVED,0,None
1d479a71-18ce-487b-a5a9-a42809bd1c90,3,2380.43,Bescom,Utilities,"Delhi, IN",device-mobile-003,2026-08-12T09:03:16.823367+00:00,APPROVED,0,None
b6edeaf5-17c6-477f-971b-1a9512fc0af2,35,3780.48,Flipkart,Shopping,"Chennai, IN",device-mobile-035,2026-08-12T09:04:07.823367+00:00,APPROVED,0,None
10720bfc-5055-4912-bc40-8c2ea571e5e3,41,6516.25,Steam Games,Shopping,"London, UK",device-botnet-31,2026-08-12T09:05:28.823367+00:00,FLAGGED,1,FAILED_ATTEMPT_STUFFING
57d0cb25-3c05-454a-93e8-5738e7c7577a,38,434.75,Starbucks,Food & Dining,"Hyderabad, IN",device-mobile-038,2026-08-12T09:12:10.823367+00:00,APPROVED,0,None
56c8c4a2-7ef9-4a48-9711-7566b6b5ed80,1,1126.91,Netflix,Entertainment,"Bengaluru, IN",device-mobile-001,2026-08-12T09:12:43.823367+00:00,APPROVED,0,None
6bbcb958-5ed6-41c4-90a9-25d3d2b4fd63,16,843.89,Spotify,Entertainment,"Chennai, IN",device-mobile-016,2026-08-12T09:19:15.823367+00:00,APPROVED,0,None
dfd8afc9-5d00-4d83-b449-1cd6d8e3f3b1,20,1395.85,Zomato,Food & Dining,"Pune, IN",device-mobile-020,2026-08-12T09:20:00.823367+00:00,APPROVED,0,None
b9a2d40f-38c3-4c65-b4a7-378e4b4eb4dc,22,620.01,Flipkart,Shopping,"Chennai, IN",device-mobile-022,2026-08-12T09:22:57.823367+00:00,APPROVED,0,None
e4e7c63c-de9f-4955-aa79-9e69ed7d4ac8,2,2439.57,PVR Cinemas,Entertainment,"Pune, IN",device-mobile-002,2026-08-12T09:30:56.823367+00:00,APPROVED,0,None
505538ef-0129-40b3-846c-cd639a7e814e,30,511.68,Zomato,Food & Dining,"Bengaluru, IN",device-mobile-030,2026-08-12T10:07:21.823367+00:00,APPROVED,0,None
db47ab40-70cf-4123-8742-ff09476d8b1a,41,8953.81,Amazon India,Shopping,"Ahmedabad, IN",device-mobile-041,2026-08-12T10:14:11.823367+00:00,SUSPICIOUS,1,RAPID_BURST
4ef4643d-e9a0-41f2-9406-6c57e945b2f6,3,2562.86,Vijay Sales,Electronics,"Delhi, IN",device-mobile-003,2026-08-12T10:15:45.823367+00:00,APPROVED,0,None
2e94c6f5-5098-403d-9dc6-3911afa516ed,38,647.84,BookMyShow,Entertainment,"Hyderabad, IN",device-mobile-038,2026-08-12T10:31:03.823367+00:00,APPROVED,0,None
c72a3b50-2436-4eef-9257-06dc8ffe8563,19,1809.91,DMart,Groceries,"Kolkata, IN",device-mobile-019,2026-08-12T10:34:52.823367+00:00,APPROVED,0,None
b1473f71-cb3e-47d8-9f55-d6dbf1b538f8,35,4107.22,PVR Cinemas,Entertainment,"Mumbai, IN",device-mobile-035,2026-08-12T10:35:16.823367+00:00,APPROVED,0,None
3fec2448-b153-41d2-a386-89c1b68768c4,32,1624.61,IRCTC,Travel,"Hyderabad, IN",device-mobile-032,2026-08-12T11:05:15.823367+00:00,APPROVED,0,None
d0297d8d-e950-4add-9627-c461d221180f,43,55778.09,Apple Store,Electronics,"Chennai, IN",device-emulator-root-2409,2026-08-12T11:10:39.823367+00:00,SUSPICIOUS,1,UNRECOGNIZED_DEVICE
833f3a3b-e20f-4880-ad38-51f36af4a981,48,3677.9,BigBasket,Groceries,"Bengaluru, IN",device-mobile-048,2026-08-12T11:45:39.823367+00:00,APPROVED,0,None
f0138bb7-9caa-4814-aacf-61cc69ce6d3a,9,2613.39,PVR Cinemas,Entertainment,"Pune, IN",device-laptop-009,2026-08-12T11:52:09.823367+00:00,APPROVED,0,None
e7b1ec28-654d-45aa-90c2-456fb04d23b6,35,878.68,Zara,Shopping,"Mumbai, IN",device-mobile-035,2026-08-12T12:07:52.823367+00:00,APPROVED,0,None
487e7b03-3830-4d51-9518-d771c66e7e87,19,875.92,Samsung Store,Electronics,"Kolkata, IN",device-mobile-019,2026-08-12T12:24:18.823367+00:00,APPROVED,0,None
483f5fb6-bdd3-412a-9a2b-c8d1cdb64947,37,2060.57,IRCTC,Travel,"Kolkata, IN",device-mobile-037,2026-08-12T12:34:15.823367+00:00,APPROVED,0,None
973d646e-fc99-46a5-81b0-0c649c45a891,30,618.67,Ajio,Shopping,"Bengaluru, IN",device-mobile-030,2026-08-12T12:38:09.823367+00:00,APPROVED,0,None
575ffd07-9b35-436c-8d16-77acfe7466d5,49,1647.91,Ola,Travel,"Kolkata, IN",device-laptop-049,2026-08-12T13:06:27.823367+00:00,APPROVED,0,None
a8c3b591-fc94-4406-b950-86b948327866,4,4592.08,Adani Gas,Utilities,"Bengaluru, IN",device-mobile-004,2026-08-12T13:13:14.823367+00:00,APPROVED,0,None
da23b41c-48ae-4069-a2ba-98be088199f8,35,6005.28,Amazon India,Shopping,"Mumbai, IN",device-mobile-035,2026-08-12T13:20:35.823367+00:00,APPROVED,0,None
cfa9cbac-3b78-495c-9e6d-b5c1525f6405,4,2256.47,IRCTC,Travel,"Bengaluru, IN",device-mobile-004,2026-08-12T13:34:55.823367+00:00,APPROVED,0,None
bb87a91c-9b3f-4d50-869c-e387c8c61a8e,15,1168.38,BigBasket,Groceries,"Kolkata, IN",device-mobile-015,2026-08-12T13:36:54.823367+00:00,APPROVED,0,None
075b0abb-4f80-4a77-84b6-a13d86fef718,30,1472.9,Blinkit,Groceries,"Bengaluru, IN",device-mobile-030,2026-08-12T13:45:18.823367+00:00,APPROVED,0,None
76f9067b-9556-474d-a8d1-f7ea6a644fa2,48,2048.81,Dominos,Food & Dining,"Bengaluru, IN",device-mobile-048,2026-08-12T13:52:36.823367+00:00,APPROVED,0,None
bb0c2258-437f-4942-b017-017bba4f0629,33,634.85,Uber,Travel,"Kolkata, IN",device-mobile-033,2026-08-12T14:00:49.823367+00:00,APPROVED,0,None
976d8c79-cdf7-4030-a646-b474b19d272c,12,3367.33,Ajio,Shopping,"Chennai, IN",device-mobile-012,2026-08-12T14:01:16.823367+00:00,APPROVED,0,None
3fa2421f-7b01-4491-8c0a-16c786e6e790,21,3039.52,DMart,Groceries,"Chennai, IN",device-mobile-021,2026-08-12T14:25:31.823367+00:00,APPROVED,0,None
b3498ebf-4b57-4bb1-a67d-9c98f8a2c05f,30,217.89,Bescom,Utilities,"Bengaluru, IN",device-mobile-030,2026-08-12T14:35:46.823367+00:00,APPROVED,0,None
aa5fdaac-a56e-4177-a669-a3c13cef117e,37,2743.43,Samsung Store,Electronics,"Kolkata, IN",device-mobile-037,2026-08-12T14:57:14.823367+00:00,APPROVED,0,None
18df4ab9-932c-4f4f-a2cc-0102baf39d08,44,4435.14,H&M,Shopping,"Kolkata, IN",device-mobile-044,2026-08-12T16:03:32.823367+00:00,APPROVED,0,None
737d161e-43ef-4cc4-b614-4a7f0059514a,48,2326.5,Zara,Shopping,"Bengaluru, IN",device-mobile-048,2026-08-12T16:06:31.823367+00:00,APPROVED,0,None
b403677a-0b7e-40cb-83eb-776bdd9c01b4,21,4818.68,Vijay Sales,Electronics,"Chennai, IN",device-mobile-021,2026-08-12T16:17:06.823367+00:00,APPROVED,0,None
9092626a-4184-4f76-9154-197059433e8c,44,2196.47,Booking.com,Travel,"Kolkata, IN",device-mobile-044,2026-08-12T16:19:01.823367+00:00,APPROVED,0,None
0d1df29d-6430-479c-900a-abe821cfca91,15,1766.46,Booking.com,Travel,"Hyderabad, IN",device-mobile-015,2026-08-12T16:21:23.823367+00:00,APPROVED,0,None
c769da42-48bb-416a-a7a4-2706dd559b12,21,2273.45,McDonald's,Food & Dining,"Chennai, IN",device-mobile-021,2026-08-12T16:22:37.823367+00:00,APPROVED,0,None
67153bb0-6816-4756-9438-1d5a6b99a85d,32,716.51,Tata Power,Utilities,"Delhi, IN",device-mobile-032,2026-08-12T16:35:30.823367+00:00,APPROVED,0,None
62739af2-9b1d-4478-8c54-a590a16a3949,34,2963.2,Vijay Sales,Electronics,"Hyderabad, IN",device-mobile-034,2026-08-12T16:43:12.823367+00:00,APPROVED,0,None
18fc3581-fe54-4333-94b7-3ca1b6b166af,48,2893.24,BookMyShow,Entertainment,"Bengaluru, IN",device-mobile-048,2026-08-12T16:55:02.823367+00:00,APPROVED,0,None
ffce1ae5-8644-4d74-a04e-d6cc8001201e,31,3623.78,H&M,Shopping,"Delhi, IN",device-mobile-031,2026-08-12T16:58:38.823367+00:00,APPROVED,0,None
70d5b301-0e78-4ebb-9010-6fb3d6bf9271,26,2953.57,Nature's Basket,Groceries,"Ahmedabad, IN",device-laptop-026,2026-08-12T17:18:51.823367+00:00,APPROVED,0,None
149b3d1a-8ff8-457e-88c2-30a50ef46cb4,8,2362.19,IndiGo,Travel,"Kolkata, IN",device-mobile-008,2026-08-12T17:40:02.823367+00:00,APPROVED,0,None
45e33ea1-748d-4eb8-a179-ddd0a2ab54d3,22,222.88,Instamart,Groceries,"Bengaluru, IN",device-mobile-022,2026-08-12T17:55:49.823367+00:00,APPROVED,0,None
2c39875b-fb67-4c70-97e5-46db92e31773,20,3001.78,IndiGo,Travel,"Hyderabad, IN",device-mobile-020,2026-08-12T18:12:42.823367+00:00,APPROVED,0,None
f2f6cb0b-64c6-4052-8cf0-bfe0161fd6f7,3,1246.53,Blinkit,Groceries,"Delhi, IN",device-mobile-003,2026-08-12T18:13:38.823367+00:00,APPROVED,0,None
0f7d1f99-4d75-40bb-958d-535de16d4e48,28,1186.08,Spotify,Entertainment,"Chennai, IN",device-mobile-028,2026-08-12T18:14:26.823367+00:00,APPROVED,0,None
b8c9f291-0ebc-4615-84f5-31d1a8c5f679,4,4734.19,Flipkart,Shopping,"Bengaluru, IN",device-mobile-004,2026-08-12T18:14:31.823367+00:00,APPROVED,0,None
d0c4dcd2-a9b4-4a18-9bf8-e6522ce4e573,44,3491.03,Tata Power,Utilities,"Kolkata, IN",device-mobile-044,2026-08-12T18:32:48.823367+00:00,APPROVED,0,None
923f1a7e-2d6f-41c6-bbd6-bcc6c28218b9,46,690.83,Flipkart,Shopping,"Delhi, IN",device-laptop-046,2026-08-12T18:42:28.823367+00:00,APPROVED,0,None
d82fccff-a542-4c2e-9ca5-e712bae73da4,15,1276.45,Croma,Electronics,"Kolkata, IN",device-mobile-015,2026-08-12T18:46:20.823367+00:00,APPROVED,0,None
17e72777-abb1-44b2-9542-d7578418aaae,5,1428.63,Swiggy,Food & Dining,"Mumbai, IN",device-mobile-005,2026-08-12T18:48:54.823367+00:00,APPROVED,0,None
9ab104df-ff69-434b-86fc-d8af8e913709,7,359.54,Adani Gas,Utilities,"Mumbai, IN",device-mobile-007,2026-08-12T19:04:21.823367+00:00,APPROVED,0,None
c3bd7740-d7b4-4e41-b257-cc053a53066d,46,2086.2,Croma,Electronics,"Delhi, IN",device-mobile-046,2026-08-12T19:06:33.823367+00:00,APPROVED,0,None
e9e7d2bd-29ed-43e5-a4ff-d3e2361acd54,19,6960.76,Steam Games,Shopping,"Cayman Islands, KY",device-botnet-46,2026-08-12T19:07:02.823367+00:00,FLAGGED,1,FAILED_ATTEMPT_STUFFING
b67b9ba9-70af-4284-8fae-62bb7a9ebc6b,30,803.59,Ajio,Shopping,"Bengaluru, IN",device-mobile-030,2026-08-12T19:20:48.823367+00:00,APPROVED,0,None
917e8ce4-e230-4539-a116-1a0a8df38f87,49,1555.39,Netflix,Entertainment,"Bengaluru, IN",device-laptop-049,2026-08-12T19:28:16.823367+00:00,APPROVED,0,None
19c8221e-fc3f-4d8b-a837-2e6564a080d5,48,1995.27,Steam Games,Shopping,"Dubai, AE",device-botnet-13,2026-08-12T19:31:46.823367+00:00,FLAGGED,1,FAILED_ATTEMPT_STUFFING
971b2632-c9d0-4c33-9552-1c6d51087316,18,1841.45,Zara,Shopping,"Bengaluru, IN",device-mobile-018,2026-08-12T19:42:30.823367+00:00,APPROVED,0,None
08f7b823-f114-47f5-a8c7-f7c127f53b2b,47,1238.35,Flipkart,Shopping,"Bengaluru, IN",device-mobile-047,2026-08-12T19:42:53.823367+00:00,APPROVED,0,None
3cb6f907-e60b-413e-a479-33486c26ff6e,43,2215.06,Ajio,Shopping,"Pune, IN",device-mobile-043,2026-08-12T19:43:28.823367+00:00,APPROVED,0,None
1d04569f-f392-452e-b4ad-77fc70ae63f3,31,26426.65,Zara,Shopping,"Bucharest, RO",device-mobile-031,2026-08-12T19:48:58.823367+00:00,SUSPICIOUS,1,LOCATION_HOPPING
ad6873ed-ca22-408e-a667-7f3e793a5444,24,3345.79,Flipkart,Shopping,"Bengaluru, IN",device-laptop-024,2026-08-12T19:52:37.823367+00:00,APPROVED,0,None
43f81ebf-f53a-41cb-9a7a-882acc72941f,38,1159.02,Jio Recharge,Utilities,"Hyderabad, IN",device-mobile-038,2026-08-12T19:58:53.823367+00:00,APPROVED,0,None
8b2e301c-c2b1-4e85-b233-d975427cc9bf,41,305.81,Samsung Store,Electronics,"Ahmedabad, IN",device-mobile-041,2026-08-12T20:07:53.823367+00:00,APPROVED,0,None
d34bc5f8-848c-44c3-8aab-d5103b007d56,24,1063.69,Steam Games,Entertainment,"Bengaluru, IN",device-mobile-024,2026-08-12T20:19:21.823367+00:00,APPROVED,0,None
9aa031e4-629f-48cc-ab15-cff56f4475ec,50,741.38,Netflix,Entertainment,"Kolkata, IN",device-mobile-050,2026-08-12T20:25:05.823367+00:00,APPROVED,0,None
a76e299f-662e-472a-81a9-c3bebc2a3194,17,3233.7,Tata Power,Utilities,"Mumbai, IN",device-laptop-017,2026-08-12T20:25:28.823367+00:00,APPROVED,0,None
30a6f594-bd06-4f2f-b2a1-78e315d2d424,42,830.92,Dominos,Food & Dining,"Delhi, IN",device-mobile-042,2026-08-12T20:34:27.823367+00:00,APPROVED,0,None
3c6b5820-2341-428d-a495-22c0587a4c72,14,1144.15,Myntra,Shopping,"Delhi, IN",device-mobile-014,2026-08-12T20:42:18.823367+00:00,APPROVED,0,None
d83ba5d2-8c69-4635-b05c-80518fecf36f,35,2549.92,Uber,Travel,"Mumbai, IN",device-mobile-035,2026-08-12T20:51:30.823367+00:00,APPROVED,0,None
cca5e438-11f5-43b9-91d8-2fd2e14d9d2a,40,1902.73,Starbucks,Food & Dining,"Ahmedabad, IN",device-mobile-040,2026-08-12T21:05:07.823367+00:00,APPROVED,0,None
868949f9-0c55-4624-aed7-058721db1ad3,32,574.92,Reliance Digital,Electronics,"Hyderabad, IN",device-mobile-032,2026-08-12T21:17:24.823367+00:00,APPROVED,0,None
fb9f7044-fb18-4504-84c6-1966ec17e7cf,31,2279.41,IndiGo,Travel,"Delhi, IN",device-mobile-031,2026-08-12T21:22:18.823367+00:00,APPROVED,0,None
4f31aed8-d558-43e2-8a48-0837be081b31,21,1255.3,Adani Gas,Utilities,"Chennai, IN",device-mobile-021,2026-08-12T21:24:39.823367+00:00,APPROVED,0,None
37335f32-0486-46f5-ae8f-90d0c4c7ff54,42,988.7,Dominos,Food & Dining,"Delhi, IN",device-mobile-042,2026-08-12T21:45:43.823367+00:00,APPROVED,0,None
4895a00e-1379-4384-b8ff-c296de40125f,27,790.8,Amazon India,Shopping,"Hyderabad, IN",device-mobile-027,2026-08-12T21:46:52.823367+00:00,APPROVED,0,None
74b72d17-a1c9-4972-8443-63d9b69083e3,22,1178.17,McDonald's,Food & Dining,"Bengaluru, IN",device-mobile-022,2026-08-12T21:52:19.823367+00:00,APPROVED,0,None
621ee6a1-30ae-46a9-b615-13697171de47,46,2577.79,DMart,Groceries,"Delhi, IN",device-mobile-046,2026-08-12T22:02:14.823367+00:00,APPROVED,0,None
efed2c78-4759-4905-9c71-2f280f67b642,44,2221.64,Blinkit,Groceries,"Kolkata, IN",device-laptop-044,2026-08-12T22:05:41.823367+00:00,APPROVED,0,None
9b3f7204-d14e-4826-a7f4-1a281471150e,29,1402.27,Samsung Store,Electronics,"Pune, IN",device-mobile-029,2026-08-12T22:20:27.823367+00:00,APPROVED,0,None
a5b4fb62-34c3-473b-9556-1110b623d116,11,339.77,Apple Store,Electronics,"Delhi, IN",device-mobile-011,2026-08-12T22:38:33.823367+00:00,APPROVED,0,None
f87bc544-74c1-4698-8192-4886a00679ab,30,800.13,Blinkit,Groceries,"Bengaluru, IN",device-mobile-030,2026-08-12T22:39:06.823367+00:00,APPROVED,0,None
ad6e2aba-4e9d-47c3-866d-39b297fe4aff,49,1608.81,PVR Cinemas,Entertainment,"Delhi, IN",device-mobile-049,2026-08-12T22:41:30.823367+00:00,APPROVED,0,None
b5b69922-90ba-4899-8658-877b6db8f40f,36,16295.24,Amazon India,Shopping,"Moscow, RU",device-mobile-036,2026-08-12T22:57:50.823367+00:00,SUSPICIOUS,1,LOCATION_HOPPING
ef1e605a-06ad-4021-b7b1-7adfa7f8ad16,42,3222.67,Bescom,Utilities,"Delhi, IN",device-mobile-042,2026-08-12T22:58:58.823367+00:00,APPROVED,0,None
1aebaa54-132e-4518-897d-56c493cc9ece,1,3025.26,Myntra,Shopping,"Bengaluru, IN",device-mobile-001,2026-08-12T23:02:40.823367+00:00,APPROVED,0,None
c37c1215-5310-43e3-a5ee-5e4af022392c,4,648.16,Tata Power,Utilities,"Bengaluru, IN",device-laptop-004,2026-08-12T23:03:29.823367+00:00,APPROVED,0,None
4751f0ea-83c6-4961-a927-a8625d487ff3,23,534.03,Adani Gas,Utilities,"Hyderabad, IN",device-mobile-023,2026-08-12T23:04:01.823367+00:00,APPROVED,0,None
3560bf45-870e-413b-ba39-50ac1b0debf5,47,1331.22,McDonald's,Food & Dining,"Bengaluru, IN",device-mobile-047,2026-08-12T23:23:42.823367+00:00,APPROVED,0,None
11fe1aa9-bf9b-4704-9c35-18002bbeebe3,20,2177.98,Nature's Basket,Groceries,"Pune, IN",device-mobile-020,2026-08-12T23:24:18.823367+00:00,APPROVED,0,None
6e933409-f710-4e0b-ae5a-d9d7a40c72b5,7,380.6,Starbucks,Food & Dining,"Mumbai, IN",device-mobile-007,2026-08-12T23:30:18.823367+00:00,APPROVED,0,None
712b9ddd-75ca-443a-b26f-e2e58d8ce298,47,32170.29,H&M,Shopping,"Moscow, RU",device-mobile-047,2026-08-12T23:32:45.823367+00:00,SUSPICIOUS,1,LOCATION_HOPPING
82cdb5ac-d64a-42c8-95af-0e87af556c66,50,392.2,Zepto,Groceries,"Kolkata, IN",device-mobile-050,2026-08-12T23:49:08.823367+00:00,APPROVED,0,None
4c0dd2e9-d9dd-414f-a8ff-fc5f81d0458e,27,1100.7,BigBasket,Groceries,"Chennai, IN",device-mobile-027,2026-08-13T00:20:56.823367+00:00,APPROVED,0,None
13e50250-0089-4263-a75c-326eeff39f17,27,4390.48,IRCTC,Travel,"Bucharest, RO",device-mobile-027,2026-08-13T00:21:31.823367+00:00,SUSPICIOUS,1,LOCATION_HOPPING
97b2c275-dfba-46f9-9382-f3bc2042bc5d,3,2967.47,Zomato,Food & Dining,"Delhi, IN",device-mobile-003,2026-08-13T00:23:41.823367+00:00,APPROVED,0,None
253802f4-9212-4999-8132-cf2784848a42,50,561.61,Zara,Shopping,"Kolkata, IN",device-mobile-050,2026-08-13T00:34:10.823367+00:00,APPROVED,0,None
185ab801-5554-425c-a6e8-d12f4316366d,42,3094.77,Adani Gas,Utilities,"Delhi, IN",device-mobile-042,2026-08-13T00:39:39.823367+00:00,APPROVED,0,None
1e5278e9-e043-4a56-9cf6-dd7792e67b00,49,3568.52,Tanishq,Luxury & Jewelry,"Delhi, IN",device-laptop-049,2026-08-13T00:41:21.823367+00:00,APPROVED,0,None
ff494438-170a-4e4d-a6d4-f4bde16c6126,44,1552.18,Spotify,Entertainment,"Kolkata, IN",device-mobile-044,2026-08-13T00:45:00.823367+00:00,APPROVED,0,None
aa3977c1-400b-421e-9fe3-3c9f80827cf2,49,1085.0,Zomato,Food & Dining,"Delhi, IN",device-laptop-049,2026-08-13T00:59:55.823367+00:00,APPROVED,0,None
88ed33bd-4a51-4033-8acb-cb698938a1ee,50,1922.05,Vijay Sales,Electronics,"Kolkata, IN",device-mobile-050,2026-08-13T01:08:32.823367+00:00,APPROVED,0,None
bb41f81b-475c-4f80-8539-0f517913ade2,41,845.7,Samsung Store,Electronics,"Ahmedabad, IN",device-mobile-041,2026-08-13T01:09:21.823367+00:00,APPROVED,0,None
c65e80b1-3a3a-491a-bcfc-d31d8dd30d74,45,1645.64,IRCTC,Travel,"Chennai, IN",device-mobile-045,2026-08-13T01:31:57.823367+00:00,APPROVED,0,None
a289142a-b37d-4bec-9d2f-4b5691e71ceb,25,1800.37,Amazon India,Shopping,"Bengaluru, IN",device-mobile-025,2026-08-13T01:32:45.823367+00:00,APPROVED,0,None
a83f22ba-3ab6-482a-8d56-3581e79f8bfa,30,669.91,Nature's Basket,Groceries,"Bengaluru, IN",device-mobile-030,2026-08-13T01:43:54.823367+00:00,APPROVED,0,None
edff03b6-149c-428d-8ba6-f00b2997f53b,22,898.09,IRCTC,Travel,"Bengaluru, IN",device-mobile-022,2026-08-13T02:06:38.823367+00:00,APPROVED,0,None
ca7c0083-8512-41e2-95d0-66865964b0fb,3,5637.5,Croma,Electronics,"Delhi, IN",device-mobile-003,2026-08-13T02:06:41.823367+00:00,APPROVED,0,None
e7383cea-433e-4120-a174-6941359b4274,46,3270.48,DMart,Groceries,"Delhi, IN",device-mobile-046,2026-08-13T02:10:35.823367+00:00,APPROVED,0,None
0525874e-88cc-4a14-a506-372df714e392,3,1532.13,Amazon India,Shopping,"Delhi, IN",device-mobile-003,2026-08-13T02:10:59.823367+00:00,APPROVED,0,None
a9c7bb56-1fe5-41cc-9a9b-a2a4fd08016e,27,1572.01,Instamart,Groceries,"Chennai, IN",device-mobile-027,2026-08-13T02:20:29.823367+00:00,APPROVED,0,None
f84a0b58-42c8-4edd-8b95-ddb30e662aaf,37,2237.24,Tata Power,Utilities,"Kolkata, IN",device-mobile-037,2026-08-13T02:32:38.823367+00:00,APPROVED,0,None
f6205bff-b96d-448c-bfea-1076820dc739,41,570.7,Jio Recharge,Utilities,"Ahmedabad, IN",device-mobile-041,2026-08-13T02:48:01.823367+00:00,APPROVED,0,None
b90e73cd-e30d-4917-97a7-7f2e13a0c5e2,15,3125.83,Barbeque Nation,Food & Dining,"Kolkata, IN",device-mobile-015,2026-08-13T02:58:42.823367+00:00,APPROVED,0,None
982ca181-2fb6-4c61-8eac-a6307d316b4c,27,711.48,PVR Cinemas,Entertainment,"Pune, IN",device-mobile-027,2026-08-13T03:07:36.823367+00:00,APPROVED,0,None
b3280981-bb17-43a2-9fd1-0b666df629ba,34,1114.67,Swiggy,Food & Dining,"Hyderabad, IN",device-laptop-034,2026-08-13T03:15:44.823367+00:00,APPROVED,0,None
eff2df23-ae09-4ed3-8107-8355a90f3c18,26,1695.48,Myntra,Shopping,"Ahmedabad, IN",device-laptop-026,2026-08-13T03:24:30.823367+00:00,APPROVED,0,None
08ac77ed-cb42-4ea4-acbf-4472da7e828f,14,2330.2,H&M,Shopping,"Chennai, IN",device-mobile-014,2026-08-13T03:27:44.823367+00:00,APPROVED,0,None
bff7c264-01b4-4fc3-a0a4-54d3598aee45,20,1889.9,Flipkart,Shopping,"Pune, IN",device-mobile-020,2026-08-13T03:28:05.823367+00:00,APPROVED,0,None
d9d7e670-7afe-4120-a4ec-114c40dfc609,41,1040.9,Ajio,Shopping,"Ahmedabad, IN",device-mobile-041,2026-08-13T03:32:49.823367+00:00,APPROVED,0,None
5b1753e0-fec4-47c1-a521-86716b5dea05,8,5429.55,McDonald's,Food & Dining,"Kolkata, IN",device-mobile-008,2026-08-13T03:36:09.823367+00:00,APPROVED,0,None
c089f865-1772-49d7-86ae-44b7d3484569,16,625.86,MakeMyTrip,Travel,"Chennai, IN",device-mobile-016,2026-08-13T03:44:27.823367+00:00,APPROVED,0,None
a25d3d3a-717c-468b-a959-640fa32c28cc,2,4317.69,Samsung Store,Electronics,"Pune, IN",device-mobile-002,2026-08-13T03:46:02.823367+00:00,APPROVED,0,None
a07f7452-e2de-4903-80ab-bd11303e9e32,26,1871.59,Flipkart,Shopping,"Mumbai, IN",device-mobile-026,2026-08-13T03:52:21.823367+00:00,APPROVED,0,None
62a6e824-7ac8-4245-88b6-6c3a9b01a4c7,12,2080.68,Amazon India,Shopping,"Chennai, IN",device-mobile-012,2026-08-13T04:00:44.823367+00:00,APPROVED,0,None
b8c83463-9d32-47e7-9e5b-0baed0634131,22,779.94,Swiggy,Food & Dining,"Bengaluru, IN",device-mobile-022,2026-08-13T04:02:53.823367+00:00,APPROVED,0,None
efc6cb5c-1ed2-4616-9a64-4d4d4119da3a,23,2915.85,Zepto,Groceries,"Hyderabad, IN",device-laptop-023,2026-08-13T04:04:24.823367+00:00,APPROVED,0,None
c378c5cf-2cf4-4d5d-bca3-59bab97bc18f,19,1709.46,Zomato,Food & Dining,"Kolkata, IN",device-mobile-019,2026-08-13T04:14:50.823367+00:00,APPROVED,0,None
aef0e41e-2c1d-4b65-852f-15f0505eacd0,49,3379.27,Reliance Digital,Electronics,"Delhi, IN",device-mobile-049,2026-08-13T04:21:07.823367+00:00,APPROVED,0,None
e8e4952d-04dc-4a51-b931-0f0a213a2356,1,1596.87,Croma,Electronics,"Bengaluru, IN",device-mobile-001,2026-08-13T04:32:09.823367+00:00,APPROVED,0,None
6dc1bf6b-ad46-423c-8c5a-99c6962c8039,44,4024.92,Flipkart,Shopping,"Kolkata, IN",device-mobile-044,2026-08-13T04:33:17.823367+00:00,APPROVED,0,None
74ccbc6f-6cab-4e8f-a1df-27d1b452fb17,20,29364.23,Ajio,Shopping,"Singapore, SG",device-mobile-020,2026-08-13T04:40:29.823367+00:00,SUSPICIOUS,1,LOCATION_HOPPING
7a95191c-291f-4744-bfbe-b8744f33dce2,50,954.04,Starbucks,Food & Dining,"Hyderabad, IN",device-mobile-050,2026-08-13T04:46:40.823367+00:00,APPROVED,0,None
3859cefd-6887-4992-ae58-289c0e3888c1,31,5798.0,BigBasket,Groceries,"Delhi, IN",device-mobile-031,2026-08-13T04:55:00.823367+00:00,APPROVED,0,None
1edca763-801f-42d8-8948-5399f8cabe93,17,839.93,IRCTC,Travel,"Mumbai, IN",device-mobile-017,2026-08-13T05:22:44.823367+00:00,APPROVED,0,None
2730cd6d-a8c6-4879-97cc-50b20754aefd,17,871.48,Nature's Basket,Groceries,"Mumbai, IN",device-mobile-017,2026-08-13T05:33:13.823367+00:00,APPROVED,0,None
bc626dce-84d1-4b21-8cbe-091a9b89ec34,24,2846.89,Netflix,Entertainment,"Bengaluru, IN",device-mobile-024,2026-08-13T05:34:25.823367+00:00,APPROVED,0,None
c1d0addb-14b0-460d-ae97-f664082ceec2,13,4026.64,Airtel Bill,Utilities,"Hyderabad, IN",device-laptop-013,2026-08-13T05:50:21.823367+00:00,APPROVED,0,None
6e33dde3-7046-4565-8bc3-04d65caa2993,41,546.93,McDonald's,Food & Dining,"Ahmedabad, IN",device-mobile-041,2026-08-13T06:09:32.823367+00:00,APPROVED,0,None
9a2f2a3b-4456-485f-94af-79dd29226326,25,2306.55,PVR Cinemas,Entertainment,"Bengaluru, IN",device-mobile-025,2026-08-13T06:10:34.823367+00:00,APPROVED,0,None
85606132-51e4-410e-bf97-0ef214cfa3e4,30,674.12,Spotify,Entertainment,"Bengaluru, IN",device-mobile-030,2026-08-13T06:15:49.823367+00:00,APPROVED,0,None
ee0a36ab-db77-4a6a-a765-7c3ee26c0a2d,36,6335.31,Steam Games,Shopping,"Moscow, RU",device-botnet-49,2026-08-13T06:41:21.823367+00:00,FLAGGED,1,FAILED_ATTEMPT_STUFFING
2b5e9dc4-9a50-44e1-b032-bd1d9a3d2d60,10,2184.46,Croma,Electronics,"Mumbai, IN",device-mobile-010,2026-08-13T06:50:21.823367+00:00,APPROVED,0,None
9648fe88-4de0-41cb-a741-cdc03ec5834f,1,292659.37,Tanishq,Luxury & Jewelry,"Bengaluru, IN",device-mobile-001,2026-08-13T06:53:04.823367+00:00,FLAGGED,1,HIGH_AMOUNT_SPIKE
ea23ee90-9979-4385-944c-860dc7434834,29,1129.37,Reliance Digital,Electronics,"Pune, IN",device-mobile-029,2026-08-13T07:14:29.823367+00:00,APPROVED,0,None
d5d4ec56-6f63-4c9f-99ee-801054934929,45,1492.7,Starbucks,Food & Dining,"Bengaluru, IN",device-mobile-045,2026-08-13T07:49:39.823367+00:00,APPROVED,0,None
e20c7aa3-822d-4d11-8eda-4e779921de13,4,2789.79,Bescom,Utilities,"Bengaluru, IN",device-mobile-004,2026-08-13T07:49:52.823367+00:00,APPROVED,0,None
74232d20-cf95-485a-94b7-2ffd25e8dc3c,36,6938.82,BigBasket,Groceries,"Mumbai, IN",device-mobile-036,2026-08-13T08:34:57.823367+00:00,APPROVED,0,None
636c592a-435b-4d2d-bef0-7ec26f37ba64,25,1002.11,PVR Cinemas,Entertainment,"Bengaluru, IN",device-mobile-025,2026-08-13T08:39:04.823367+00:00,APPROVED,0,None
6c2d0d68-0373-41eb-8c66-fd1fceebb653,8,1534.7,Zara,Shopping,"Kolkata, IN",device-mobile-008,2026-08-13T08:57:01.823367+00:00,APPROVED,0,None
9f516fee-cf04-4d1e-9f3b-da7dbf38fa82,36,2533.59,Ajio,Shopping,"Mumbai, IN",device-mobile-036,2026-08-13T09:12:39.823367+00:00,APPROVED,0,None
6d183f09-8e0c-4045-8f7d-1e7be2699d74,29,1719.24,Nature's Basket,Groceries,"Bengaluru, IN",device-mobile-029,2026-08-13T09:20:06.823367+00:00,APPROVED,0,None
7c605347-ef5f-47ed-be4b-7b21ff46968a,30,731.5,MakeMyTrip,Travel,"Hyderabad, IN",device-mobile-030,2026-08-13T09:31:21.823367+00:00,APPROVED,0,None
f4f1e584-f49a-48d5-b110-753e54a6b9b4,6,6927.5,Steam Games,Shopping,"Moscow, RU",device-botnet-69,2026-08-13T10:10:08.823367+00:00,FLAGGED,1,FAILED_ATTEMPT_STUFFING
9863a6f2-823f-4517-addc-cf1c8c7698a9,42,2539.19,IndiGo,Travel,"Delhi, IN",device-mobile-042,2026-08-13T10:16:53.823367+00:00,APPROVED,0,None
ddcae04f-5108-45a4-9115-ac363645fbc8,38,557.62,Blinkit,Groceries,"Hyderabad, IN",device-mobile-038,2026-08-13T10:21:26.823367+00:00,APPROVED,0,None
e5dfa177-c395-4191-8e97-7512451263fd,45,2231.43,Dominos,Food & Dining,"Kolkata, IN",device-mobile-045,2026-08-13T10:22:00.823367+00:00,APPROVED,0,None
bb1e2e16-cb4b-4ac6-9d31-222ed3db41d7,20,791.22,Starbucks,Food & Dining,"Pune, IN",device-mobile-020,2026-08-13T10:22:26.823367+00:00,APPROVED,0,None
ce29612c-b6e6-45c8-9917-9d95aeef66f7,2,3631.07,Adani Gas,Utilities,"Pune, IN",device-mobile-002,2026-08-13T10:24:34.823367+00:00,APPROVED,0,None
a2c0917b-69d9-4657-a799-0c9766318d00,32,2527.51,Nature's Basket,Groceries,"Pune, IN",device-mobile-032,2026-08-13T10:28:37.823367+00:00,APPROVED,0,None
a5393357-5f17-4b60-a09c-c3756175f569,27,1277.97,Apple Store,Electronics,"Bengaluru, IN",device-mobile-027,2026-08-13T10:29:07.823367+00:00,APPROVED,0,None
7db51ba7-7b8a-48b9-b9ef-36876b693fa8,29,2204.77,Apple Store,Electronics,"Pune, IN",device-mobile-029,2026-08-13T10:33:46.823367+00:00,APPROVED,0,None
11c7a10e-7d0b-4570-808d-fc4770d7737a,45,1012.49,Ajio,Shopping,"Kolkata, IN",device-mobile-045,2026-08-13T10:33:51.823367+00:00,APPROVED,0,None
4320aa9c-4dfc-47d7-8556-2bd740cea380,20,1615.54,Nature's Basket,Groceries,"Pune, IN",device-mobile-020,2026-08-13T10:37:31.823367+00:00,APPROVED,0,None
9fd78dd5-61aa-472b-99a3-d1e0642b8a76,4,1405.51,Steam Games,Entertainment,"Bengaluru, IN",device-mobile-004,2026-08-13T10:38:29.823367+00:00,APPROVED,0,None
bc3734ec-d79a-4873-bc0b-1c7d0abd018c,2,3126.46,Zepto,Groceries,"Pune, IN",device-mobile-002,2026-08-13T10:51:07.823367+00:00,APPROVED,0,None
2a09d814-02e8-4454-9084-64cf6d732172,21,1477.15,Blinkit,Groceries,"Chennai, IN",device-mobile-021,2026-08-13T10:58:47.823367+00:00,APPROVED,0,None
de0c9528-f4ea-4068-a44b-525b810669b0,41,888.43,Barbeque Nation,Food & Dining,"Ahmedabad, IN",device-mobile-041,2026-08-13T11:30:53.823367+00:00,APPROVED,0,None
437d5a0b-53ed-4e3c-8df2-f297ea49dec2,2,1309.49,Nature's Basket,Groceries,"Chennai, IN",device-mobile-002,2026-08-13T11:36:00.823367+00:00,APPROVED,0,None
f3af202f-96c3-42da-97a9-6c00e593d261,32,2580.94,Vijay Sales,Electronics,"Hyderabad, IN",device-mobile-032,2026-08-13T12:03:44.823367+00:00,APPROVED,0,None
134b1ace-5c7c-4406-84ab-5512ea2b8ff8,18,4128.26,Blinkit,Groceries,"Bengaluru, IN",device-mobile-018,2026-08-13T12:36:10.823367+00:00,APPROVED,0,None
86d90cda-abb8-42fe-885f-da4ff031d58b,14,936.81,McDonald's,Food & Dining,"Ahmedabad, IN",device-mobile-014,2026-08-13T12:39:27.823367+00:00,APPROVED,0,None
ed5472a7-e210-4505-9aaa-440ad897363f,34,3719.06,MakeMyTrip,Travel,"Hyderabad, IN",device-mobile-034,2026-08-13T12:44:12.823367+00:00,APPROVED,0,None
704bf6e2-81ce-4bae-95dc-5889df86bb89,44,4176.09,Nature's Basket,Groceries,"Kolkata, IN",device-mobile-044,2026-08-13T12:45:23.823367+00:00,APPROVED,0,None
511b74d2-c946-4bc5-ace1-1338c4f04545,22,698.26,Swiggy,Food & Dining,"Bengaluru, IN",device-mobile-022,2026-08-13T12:51:45.823367+00:00,APPROVED,0,None
f83eb83c-dec3-473a-9dfd-7d9469f25401,26,3452.42,Instamart,Groceries,"Ahmedabad, IN",device-mobile-026,2026-08-13T12:52:08.823367+00:00,APPROVED,0,None
a1970d9a-0857-4023-bbe7-7d013b1f8d0f,17,1083.33,Malabar Gold,Luxury & Jewelry,"Mumbai, IN",device-mobile-017,2026-08-13T13:08:40.823367+00:00,APPROVED,0,None
0d16cb67-7a8d-40f2-bb91-dae1eb4201a4,28,1576.39,Blinkit,Groceries,"Chennai, IN",device-mobile-028,2026-08-13T13:18:24.823367+00:00,APPROVED,0,None
3dbda270-7ea7-40b9-b1bc-9058b25417fb,38,331.29,Adani Gas,Utilities,"Hyderabad, IN",device-mobile-038,2026-08-13T13:19:09.823367+00:00,APPROVED,0,None
d274a458-bc93-4a0b-9f43-4f13570030a2,24,1019.28,Zara,Shopping,"Bengaluru, IN",device-laptop-024,2026-08-13T13:26:26.823367+00:00,APPROVED,0,None
12cc741f-b5f5-4ee3-bc2a-adb3da29adb0,42,4370.8,Barbeque Nation,Food & Dining,"Delhi, IN",device-mobile-042,2026-08-13T13:40:10.823367+00:00,APPROVED,0,None
f2c9ca26-7320-4cce-a519-6641631987be,24,4560.14,Adani Gas,Utilities,"Bengaluru, IN",device-mobile-024,2026-08-13T14:06:15.823367+00:00,APPROVED,0,None
c5f174c2-36e6-4605-b1b7-80d3511fda6f,20,2006.64,Apple Store,Electronics,"Pune, IN",device-laptop-020,2026-08-13T14:17:18.823367+00:00,APPROVED,0,None
730d11c5-1fbe-49e5-9ad1-07abe4e0364b,37,723.98,Starbucks,Food & Dining,"Ahmedabad, IN",device-mobile-037,2026-08-13T14:19:46.823367+00:00,APPROVED,0,None
26cbd0fe-8a86-417b-b1a1-8ef8b2b6c216,8,1909.34,Jio Recharge,Utilities,"Kolkata, IN",device-mobile-008,2026-08-13T14:26:52.823367+00:00,APPROVED,0,None
6e95c33b-73a5-4457-9426-c1984f834a4d,41,751.75,PVR Cinemas,Entertainment,"Ahmedabad, IN",device-mobile-041,2026-08-13T14:31:06.823367+00:00,APPROVED,0,None
0bc89b4a-6d92-40c7-a567-adbb203fa56b,41,59327.94,Apple Store,Electronics,"Bengaluru, IN",device-emulator-root-4803,2026-08-13T14:34:06.823367+00:00,SUSPICIOUS,1,UNRECOGNIZED_DEVICE
4571fb97-14c1-4786-9606-0deb8e90611b,40,2010.97,Adani Gas,Utilities,"Ahmedabad, IN",device-mobile-040,2026-08-13T14:37:14.823367+00:00,APPROVED,0,None
60521a91-36d1-4263-9ac3-06de05fe23b2,18,2073.94,Bescom,Utilities,"Bengaluru, IN",device-mobile-018,2026-08-13T14:41:48.823367+00:00,APPROVED,0,None
4400c5b9-12f3-4651-8e55-ec5ad5e4b7b4,25,2236.07,BigBasket,Groceries,"Bengaluru, IN",device-mobile-025,2026-08-13T15:07:59.823367+00:00,APPROVED,0,None
c615baff-c961-4b25-b01c-4f0b157b48fc,42,2714.76,Airtel Bill,Utilities,"Delhi, IN",device-mobile-042,2026-08-13T15:21:48.823367+00:00,APPROVED,0,None
34c82ac2-b15b-4279-a89c-74cd4b16649e,3,3791.41,Croma,Electronics,"Delhi, IN",device-mobile-003,2026-08-13T15:38:59.823367+00:00,APPROVED,0,None
11dd1d24-357a-4d09-aa5d-4cbd25eaef51,17,906.81,Tata Power,Utilities,"Delhi, IN",device-mobile-017,2026-08-13T15:47:20.823367+00:00,APPROVED,0,None
b3a16e4f-2e36-4688-a5f5-f6f11050647d,4,21964.06,Amazon India,Shopping,"Bengaluru, IN",device-mobile-004,2026-08-13T15:49:57.823367+00:00,SUSPICIOUS,1,RAPID_BURST
63e69613-cbe2-44d1-843c-127cd2cb6bc2,33,137.48,BookMyShow,Entertainment,"Kolkata, IN",device-mobile-033,2026-08-13T16:06:41.823367+00:00,APPROVED,0,None
2b87b9ae-eb8e-4b25-976b-0dbbfb9b8b0c,11,944.12,Spotify,Entertainment,"Delhi, IN",device-mobile-011,2026-08-13T16:07:52.823367+00:00,APPROVED,0,None
68f1eae2-0d4f-4da2-9223-ab6aa91c9a17,26,2941.95,H&M,Shopping,"Ahmedabad, IN",device-mobile-026,2026-08-13T16:14:38.823367+00:00,APPROVED,0,None
4d91e9e9-a95f-4f18-a9b6-2ee762646e00,12,3878.74,Vijay Sales,Electronics,"Chennai, IN",device-mobile-012,2026-08-13T16:17:42.823367+00:00,APPROVED,0,None
3290d09c-5dd6-4eec-886c-cfc9bfc9f54b,5,444.67,Zara,Shopping,"Mumbai, IN",device-mobile-005,2026-08-13T16:21:41.823367+00:00,APPROVED,0,None
e24ffbff-7734-4303-98e2-91fd055e4eb4,44,6475.87,Bescom,Utilities,"Kolkata, IN",device-mobile-044,2026-08-13T16:32:47.823367+00:00,APPROVED,0,None
1a05bc8c-a69a-44ee-9511-a256075ba538,15,822.91,Starbucks,Food & Dining,"Kolkata, IN",device-mobile-015,2026-08-13T16:42:04.823367+00:00,APPROVED,0,None
b7434282-122f-460a-8479-3e97de9ae1ee,3,3015.82,Croma,Electronics,"Delhi, IN",device-mobile-003,2026-08-13T16:45:13.823367+00:00,APPROVED,0,None
27dba2b0-a08f-4154-8946-c4e8be53020d,2,4543.61,Blinkit,Groceries,"Pune, IN",device-mobile-002,2026-08-13T16:46:43.823367+00:00,APPROVED,0,None
a3dbcdca-d2fd-4e6f-9896-2d98a9a57bfe,26,2894.79,Amazon India,Shopping,"Ahmedabad, IN",device-mobile-026,2026-08-13T16:55:19.823367+00:00,APPROVED,0,None
258fc8e6-862c-464b-a5e2-8bcc97a26dd4,32,504.96,Zepto,Groceries,"Hyderabad, IN",device-mobile-032,2026-08-13T17:03:32.823367+00:00,APPROVED,0,None
072f428f-187b-4e32-b789-0edee45c0a3f,4,22026.29,Booking.com,Travel,"Singapore, SG",device-mobile-004,2026-08-13T17:36:29.823367+00:00,SUSPICIOUS,1,LOCATION_HOPPING
be91dd4b-d4fa-4d9a-a125-565f91695202,40,1350.67,Blinkit,Groceries,"Ahmedabad, IN",device-mobile-040,2026-08-13T17:38:15.823367+00:00,APPROVED,0,None
48bcbf87-c324-4804-9a2b-f5f881f70514,43,803.57,Starbucks,Food & Dining,"Pune, IN",device-mobile-043,2026-08-13T17:38:46.823367+00:00,APPROVED,0,None
a37098a8-16ee-484a-aef6-c26808515310,4,2146.89,Swiggy,Food & Dining,"Bengaluru, IN",device-mobile-004,2026-08-13T17:45:45.823367+00:00,APPROVED,0,None
ff4c3733-ea72-47f3-898a-46b43bcb5a5d,41,690.04,BookMyShow,Entertainment,"Ahmedabad, IN",device-mobile-041,2026-08-13T17:53:12.823367+00:00,APPROVED,0,None
8f921025-31e9-45f1-8be1-6864f3f50032,30,1162.98,Vijay Sales,Electronics,"Bengaluru, IN",device-mobile-030,2026-08-13T17:54:40.823367+00:00,APPROVED,0,None
a5311551-a215-46b6-96b3-5ad9528bc4a2,19,1490.88,H&M,Shopping,"Chennai, IN",device-mobile-019,2026-08-13T17:58:43.823367+00:00,APPROVED,0,None
8e2528bf-c820-475f-b7c4-09e541cd0444,25,3484.86,Samsung Store,Electronics,"Bengaluru, IN",device-mobile-025,2026-08-13T18:06:18.823367+00:00,APPROVED,0,None
b07933a7-2c00-4fa6-8135-4a73ed40c1e2,17,1673.3,Dominos,Food & Dining,"Mumbai, IN",device-mobile-017,2026-08-13T18:06:51.823367+00:00,APPROVED,0,None
b68938bd-a010-4b34-9418-e4845aab013d,27,509.99,Blinkit,Groceries,"Chennai, IN",device-mobile-027,2026-08-13T18:07:43.823367+00:00,APPROVED,0,None
e9ec1184-5f11-49eb-af7e-f74b691100a0,39,3366.41,Flipkart,Shopping,"Chennai, IN",device-mobile-039,2026-08-13T18:22:03.823367+00:00,APPROVED,0,None
63c64162-ef64-405f-b84c-74e863d93446,47,2155.48,Dominos,Food & Dining,"Bengaluru, IN",device-mobile-047,2026-08-13T18:28:50.823367+00:00,APPROVED,0,None
7f48e943-694e-4240-965f-8ceb0df3f8f1,13,2166.33,Nature's Basket,Groceries,"Hyderabad, IN",device-mobile-013,2026-08-13T18:40:54.823367+00:00,APPROVED,0,None
f842ead0-dacb-48ce-b02a-e0ce68cbc6e9,35,8788.62,Vijay Sales,Electronics,"Mumbai, IN",device-mobile-035,2026-08-13T18:42:07.823367+00:00,APPROVED,0,None
ed4c15fe-250b-45e8-a52f-68194d39c952,48,2541.75,DMart,Groceries,"Bengaluru, IN",device-mobile-048,2026-08-13T18:55:45.823367+00:00,APPROVED,0,None
95103481-640f-42f5-bd09-36c30cf1e8e7,39,4445.98,Booking.com,Travel,"Chennai, IN",device-mobile-039,2026-08-13T18:56:47.823367+00:00,APPROVED,0,None
8fcf1fb7-879e-4597-93c3-016adff5ff4b,16,2001.45,CaratLane,Luxury & Jewelry,"Chennai, IN",device-mobile-016,2026-08-13T19:14:08.823367+00:00,APPROVED,0,None
5207d06d-6733-4444-bdbe-842e7eac5cf9,34,2472.31,Jio Recharge,Utilities,"Hyderabad, IN",device-mobile-034,2026-08-13T19:21:54.823367+00:00,APPROVED,0,None
a0e0f26f-e9b4-4170-b7f2-251c998dbd54,8,1504.3,IndiGo,Travel,"Kolkata, IN",device-mobile-008,2026-08-13T19:26:18.823367+00:00,APPROVED,0,None
ad516216-dcf4-4266-939c-026da44d0d12,32,1242.07,Dominos,Food & Dining,"Hyderabad, IN",device-mobile-032,2026-08-13T19:38:51.823367+00:00,APPROVED,0,None
0de30f62-520c-4186-ba24-caf341c06dd2,31,1212.78,Myntra,Shopping,"Delhi, IN",device-mobile-031,2026-08-13T19:41:06.823367+00:00,APPROVED,0,None
5dbe3235-ad44-4914-baba-481f513f32cd,23,1861.82,Zara,Shopping,"Ahmedabad, IN",device-mobile-023,2026-08-13T19:54:32.823367+00:00,APPROVED,0,None
9df1eead-d289-437e-92c7-8109279f6f75,7,404.95,Spotify,Entertainment,"Mumbai, IN",device-mobile-007,2026-08-13T19:58:13.823367+00:00,APPROVED,0,None
178f0b47-678f-4962-87b1-1e0b0667132a,33,371.88,Croma,Electronics,"Kolkata, IN",device-mobile-033,2026-08-13T20:05:29.823367+00:00,APPROVED,0,None
ad11263d-ef9c-4691-8645-3c433f06f845,25,2107.19,IRCTC,Travel,"Bengaluru, IN",device-mobile-025,2026-08-13T20:12:34.823367+00:00,APPROVED,0,None
c4748124-4266-42f1-bdf7-f5de8cb336b0,24,1693.07,PVR Cinemas,Entertainment,"Bengaluru, IN",device-mobile-024,2026-08-13T20:17:25.823367+00:00,APPROVED,0,None
8cef2262-a84c-452d-80e8-f32a85119b94,20,25544.14,IndiGo,Travel,"Moscow, RU",device-mobile-020,2026-08-13T20:39:01.823367+00:00,SUSPICIOUS,1,LOCATION_HOPPING
37a3f55f-8263-4b27-838d-897a048974ea,13,1977.32,Rolex Boutique,Luxury & Jewelry,"Hyderabad, IN",device-laptop-013,2026-08-13T21:10:00.823367+00:00,APPROVED,0,None
aec1016f-6224-44c0-950b-5d7912c480d9,12,1748.73,Blinkit,Groceries,"Chennai, IN",device-mobile-012,2026-08-13T21:34:09.823367+00:00,APPROVED,0,None
946897b2-1e5e-4c51-bbb7-01aa0085fa3d,33,519.7,McDonald's,Food & Dining,"Kolkata, IN",device-mobile-033,2026-08-13T21:37:31.823367+00:00,APPROVED,0,None
5c78ccd0-fee8-46c7-94d9-041754e844cb,26,3331.03,Dominos,Food & Dining,"Ahmedabad, IN",device-mobile-026,2026-08-13T21:40:10.823367+00:00,APPROVED,0,None
ecaf5e84-9688-424c-885e-04253a174caa,29,3631.08,Zomato,Food & Dining,"Pune, IN",device-mobile-029,2026-08-13T21:45:18.823367+00:00,APPROVED,0,None
d500cf7a-f924-4735-8c1b-e8e0447f8630,28,1808.02,Ajio,Shopping,"Chennai, IN",device-mobile-028,2026-08-13T21:55:40.823367+00:00,APPROVED,0,None
31d34c2e-1520-4e8b-ac17-ab87498f308d,17,1661.31,Ajio,Shopping,"Mumbai, IN",device-mobile-017,2026-08-13T22:31:17.823367+00:00,APPROVED,0,None
2b392012-c15d-416c-8fd2-f154cee859bf,11,428.98,Booking.com,Travel,"Delhi, IN",device-mobile-011,2026-08-13T22:36:57.823367+00:00,APPROVED,0,None
13e0af14-5511-4d30-aae4-5e182c526f28,43,549.64,IndiGo,Travel,"Mumbai, IN",device-mobile-043,2026-08-13T22:39:07.823367+00:00,APPROVED,0,None
204f765e-d6f1-428e-a035-9ba5201cd1a0,41,480.24,Apple Store,Electronics,"Ahmedabad, IN",device-mobile-041,2026-08-13T22:39:41.823367+00:00,APPROVED,0,None
a9c70508-b71a-46c3-90ec-1a4627f51307,19,1975.3,Vijay Sales,Electronics,"Kolkata, IN",device-mobile-019,2026-08-13T22:42:25.823367+00:00,APPROVED,0,None
a8ff7dd0-d157-4761-914e-67c42b731b72,38,368.81,Ajio,Shopping,"Hyderabad, IN",device-laptop-038,2026-08-13T22:46:16.823367+00:00,APPROVED,0,None
4fec378a-2ddf-408b-a9da-b99087cde892,40,3380.13,Ajio,Shopping,"Ahmedabad, IN",device-mobile-040,2026-08-13T23:00:40.823367+00:00,APPROVED,0,None
82ca2623-1f81-4fff-a0a9-22a86e431e08,47,2505.33,Apple Store,Electronics,"Bengaluru, IN",device-mobile-047,2026-08-13T23:05:07.823367+00:00,APPROVED,0,None
969f2c46-3013-4900-84d9-2aeba906a0f6,24,696.9,Zara,Shopping,"Kolkata, IN",device-mobile-024,2026-08-13T23:14:15.823367+00:00,APPROVED,0,None
3b0b7f95-4c6b-43bc-9644-72d158412cb4,12,335993.7,Apple Store,Electronics,"Chennai, IN",device-mobile-012,2026-08-13T23:17:43.823367+00:00,FLAGGED,1,HIGH_AMOUNT_SPIKE
665f7368-21c6-4741-ac7c-113f690340c1,43,445.95,IRCTC,Travel,"Pune, IN",device-mobile-043,2026-08-13T23:50:14.823367+00:00,APPROVED,0,None
773b3826-2558-4309-87c1-6b3553024c78,18,1297.83,H&M,Shopping,"Bengaluru, IN",device-laptop-018,2026-08-13T23:57:59.823367+00:00,APPROVED,0,None
ffcff8e7-f2b5-4c46-8326-ee082f71543a,2,2029.16,Ajio,Shopping,"Pune, IN",device-mobile-002,2026-08-14T00:09:52.823367+00:00,APPROVED,0,None
4bc274be-c798-4557-ae5f-a179cc1972bc,42,1478.78,Zomato,Food & Dining,"Chennai, IN",device-mobile-042,2026-08-14T00:10:14.823367+00:00,APPROVED,0,None
50bd45de-35db-4df7-8235-d0229c503888,16,759.97,Tata Power,Utilities,"Chennai, IN",device-mobile-016,2026-08-14T00:15:33.823367+00:00,APPROVED,0,None
e20bae9f-5f66-466e-b182-92b2be6f6195,21,1352.79,Steam Games,Entertainment,"Chennai, IN",device-mobile-021,2026-08-14T00:15:54.823367+00:00,APPROVED,0,None
31e6db97-3e7f-4e43-b70e-2912e4a2100c,40,21036.52,Amazon India,Shopping,"Ahmedabad, IN",device-mobile-040,2026-08-14T00:20:41.823367+00:00,SUSPICIOUS,1,RAPID_BURST
559ead81-ce35-44e1-9168-a09c6547cd94,9,3872.57,Booking.com,Travel,"Pune, IN",device-mobile-009,2026-08-14T00:35:25.823367+00:00,APPROVED,0,None
0a6d7812-058c-4b57-93e6-1127c0b1344a,35,77937.84,Apple Store,Electronics,"Bengaluru, IN",device-emulator-root-5983,2026-08-14T00:38:54.823367+00:00,SUSPICIOUS,1,UNRECOGNIZED_DEVICE
e86c123c-0187-4b66-b376-7f58108c3e16,37,1905.09,Myntra,Shopping,"Kolkata, IN",device-mobile-037,2026-08-14T01:00:43.823367+00:00,APPROVED,0,None
b9547f64-9c85-4bcd-a869-2c78bb679662,45,1286.32,Blinkit,Groceries,"Kolkata, IN",device-mobile-045,2026-08-14T01:01:52.823367+00:00,APPROVED,0,None
c9e3eb5f-da2f-498b-8587-efe74c0e0725,48,2649.04,Adani Gas,Utilities,"Bengaluru, IN",device-mobile-048,2026-08-14T01:04:58.823367+00:00,APPROVED,0,None
d2523873-2ffa-458e-ac57-85fb11e1cd11,50,1150.75,Airtel Bill,Utilities,"Ahmedabad, IN",device-mobile-050,2026-08-14T01:20:04.823367+00:00,APPROVED,0,None
f515c8e4-3964-4346-a7a4-3fda2d4b6ca8,11,430.21,McDonald's,Food & Dining,"Delhi, IN",device-mobile-011,2026-08-14T01:28:50.823367+00:00,APPROVED,0,None
9690299e-fb17-45dd-9541-08d43048cda0,46,170885.37,Apple Store,Electronics,"Delhi, IN",device-mobile-046,2026-08-14T01:29:33.823367+00:00,FLAGGED,1,HIGH_AMOUNT_SPIKE
df270402-f4a7-4cf5-8d50-79165b42eaaa,20,1190.18,Ajio,Shopping,"Pune, IN",device-laptop-020,2026-08-14T01:39:35.823367+00:00,APPROVED,0,None
4b66651a-0d5e-4d62-be85-8702a6e3f40d,49,17748.05,Amazon India,Shopping,"Delhi, IN",device-mobile-049,2026-08-14T01:44:48.823367+00:00,SUSPICIOUS,1,RAPID_BURST
730f2025-b934-448d-9417-554cd9749e1d,40,600.44,Zara,Shopping,"Ahmedabad, IN",device-mobile-040,2026-08-14T01:53:24.823367+00:00,APPROVED,0,None
45876841-6c1b-4869-af1c-be05a924d58b,46,2370.91,Blinkit,Groceries,"Delhi, IN",device-mobile-046,2026-08-14T02:04:36.823367+00:00,APPROVED,0,None
467e69f2-62a3-4239-ae30-5306b212d53c,13,2798.26,BigBasket,Groceries,"Hyderabad, IN",device-mobile-013,2026-08-14T02:11:35.823367+00:00,APPROVED,0,None
fa4ff4fa-8f61-4939-b12f-fd4a4873fa21,33,206.63,Reliance Digital,Electronics,"Kolkata, IN",device-mobile-033,2026-08-14T02:30:44.823367+00:00,APPROVED,0,None
0fb3a4a7-ec17-49eb-a7ee-9eaea06a8ef3,30,960.57,Flipkart,Shopping,"Bengaluru, IN",device-mobile-030,2026-08-14T02:38:54.823367+00:00,APPROVED,0,None
5e3acf82-5d0b-4b99-b859-5e2a3672e811,10,1726.6,Adani Gas,Utilities,"Delhi, IN",device-laptop-010,2026-08-14T02:39:43.823367+00:00,APPROVED,0,None
685d502a-d9a1-4104-8e4a-07f71e0f64ec,7,417.72,Starbucks,Food & Dining,"Mumbai, IN",device-mobile-007,2026-08-14T02:43:06.823367+00:00,APPROVED,0,None
55afbce9-ba6f-494a-9d2a-a13d985cb4cb,27,603.07,PVR Cinemas,Entertainment,"Chennai, IN",device-mobile-027,2026-08-14T02:45:53.823367+00:00,APPROVED,0,None
a2f6fcd1-f740-42a8-971e-f9d3f1c97b5c,48,2712.39,H&M,Shopping,"Chennai, IN",device-mobile-048,2026-08-14T02:54:02.823367+00:00,APPROVED,0,None
b7b400fe-584d-40eb-ab3a-4ce88f6d86a5,17,696.2,Ola,Travel,"Mumbai, IN",device-mobile-017,2026-08-14T02:57:53.823367+00:00,APPROVED,0,None
350048fd-03aa-4d44-9794-96bd12e109eb,20,1935.28,Tata Power,Utilities,"Pune, IN",device-mobile-020,2026-08-14T03:28:21.823367+00:00,APPROVED,0,None
28f1d34f-0916-4f82-8b3b-bf020aecd46f,39,2375.26,PVR Cinemas,Entertainment,"Chennai, IN",device-mobile-039,2026-08-14T03:31:31.823367+00:00,APPROVED,0,None
4c3d0a81-7b75-4cb6-adb8-401166b5dbde,20,1095.14,Tata Power,Utilities,"Pune, IN",device-mobile-020,2026-08-14T03:38:48.823367+00:00,APPROVED,0,None
74bb8532-96d5-4eaf-9656-ac45926fc942,47,1856.51,Tiffany & Co,Luxury & Jewelry,"Bengaluru, IN",device-mobile-047,2026-08-14T03:49:46.823367+00:00,APPROVED,0,None
eb408ce5-9e27-4c14-9940-e9d513eeb835,25,2601.39,Jio Recharge,Utilities,"Bengaluru, IN",device-mobile-025,2026-08-14T03:50:09.823367+00:00,APPROVED,0,None
c23436cf-b70e-4853-9d30-a788cfd1dc82,4,1273.33,Starbucks,Food & Dining,"Bengaluru, IN",device-laptop-004,2026-08-14T03:57:37.823367+00:00,APPROVED,0,None
cb0b3574-e11c-41d6-8fe2-663b7cadae07,1,1278.84,Reliance Digital,Electronics,"Bengaluru, IN",device-mobile-001,2026-08-14T04:07:38.823367+00:00,APPROVED,0,None
f449acff-7cf6-4eaa-9858-b8c1065d6d95,18,3769.36,BigBasket,Groceries,"Bengaluru, IN",device-mobile-018,2026-08-14T04:09:17.823367+00:00,APPROVED,0,None
0c57de29-e716-4616-83d2-a6ae90b85520,41,709.98,Jio Recharge,Utilities,"Chennai, IN",device-mobile-041,2026-08-14T04:10:37.823367+00:00,APPROVED,0,None
38911be5-a2d1-4cd2-8bc6-cc819254666d,18,686.63,Dominos,Food & Dining,"Bengaluru, IN",device-mobile-018,2026-08-14T04:11:36.823367+00:00,APPROVED,0,None
b05ba07b-9ac3-42df-be81-c346c3e53ace,5,833.35,Swiggy,Food & Dining,"Mumbai, IN",device-mobile-005,2026-08-14T04:17:13.823367+00:00,APPROVED,0,None
4630b95d-1dcc-4afc-931c-1e4aa98164ad,6,401.35,IndiGo,Travel,"Hyderabad, IN",device-mobile-006,2026-08-14T04:25:44.823367+00:00,APPROVED,0,None
b22a323e-2990-4919-ac15-96ea58367a8e,4,1027.76,Barbeque Nation,Food & Dining,"Bengaluru, IN",device-mobile-004,2026-08-14T04:35:56.823367+00:00,APPROVED,0,None
2bb90c41-7922-44a7-9246-cbc2278f6469,25,2667.5,Booking.com,Travel,"Bengaluru, IN",device-mobile-025,2026-08-14T04:41:15.823367+00:00,APPROVED,0,None
96b1e227-0bb1-4756-acc6-2dad876fbab0,16,1336.46,Nature's Basket,Groceries,"Chennai, IN",device-laptop-016,2026-08-14T04:42:51.823367+00:00,APPROVED,0,None
74d56163-396d-403b-a13e-39ac22afb118,21,3413.81,Flipkart,Shopping,"Ahmedabad, IN",device-mobile-021,2026-08-14T04:50:03.823367+00:00,APPROVED,0,None
6fb37dc3-c690-45bc-b590-b1593f558466,48,1088.34,Netflix,Entertainment,"Ahmedabad, IN",device-mobile-048,2026-08-14T04:51:18.823367+00:00,APPROVED,0,None
88ca453d-17e8-499b-b65e-8c6ec6bb3fd8,38,1866.58,H&M,Shopping,"Pune, IN",device-mobile-038,2026-08-14T05:03:54.823367+00:00,APPROVED,0,None
697b2005-a79c-4926-ac76-527a7ece0a73,13,3238.04,Amazon India,Shopping,"Hyderabad, IN",device-mobile-013,2026-08-14T05:04:00.823367+00:00,APPROVED,0,None
4dcc65cf-cf07-43c6-9701-b76be51d2b51,5,1087.26,Adani Gas,Utilities,"Mumbai, IN",device-mobile-005,2026-08-14T05:17:05.823367+00:00,APPROVED,0,None
27c0efd8-8352-4095-9eb9-c2865932cc99,34,3498.35,Reliance Digital,Electronics,"Hyderabad, IN",device-mobile-034,2026-08-14T05:44:15.823367+00:00,APPROVED,0,None
9d591b4b-1500-4f24-9fbe-522b12b51cb5,7,543.37,Instamart,Groceries,"Mumbai, IN",device-mobile-007,2026-08-14T05:53:02.823367+00:00,APPROVED,0,None
bf95732f-9d35-4913-b33f-02d3fde33d7c,28,1750.09,Adani Gas,Utilities,"Chennai, IN",device-mobile-028,2026-08-14T05:56:23.823367+00:00,APPROVED,0,None
89fc9c74-0e12-401c-9c0c-17d2f014f23f,2,2961.93,Amazon India,Shopping,"Pune, IN",device-mobile-002,2026-08-14T06:03:09.823367+00:00,APPROVED,0,None
8cd46297-e6a6-4a65-81af-7c260c2f9d7b,9,2886.3,PVR Cinemas,Entertainment,"Pune, IN",device-mobile-009,2026-08-14T06:04:44.823367+00:00,APPROVED,0,None
77410438-b6bc-494c-a887-cc42c803d17f,47,1050.61,Zepto,Groceries,"Bengaluru, IN",device-mobile-047,2026-08-14T06:07:11.823367+00:00,APPROVED,0,None
5417eda7-2eb0-4a6f-8344-ce09363a6ba9,17,1751.25,Uber,Travel,"Mumbai, IN",device-mobile-017,2026-08-14T06:11:34.823367+00:00,APPROVED,0,None
48959f8f-a64f-4e54-af3d-344ccf93b1ea,8,3046.89,Zepto,Groceries,"Kolkata, IN",device-mobile-008,2026-08-14T06:19:31.823367+00:00,APPROVED,0,None
6fe2d95d-23ee-41aa-97b9-13e1878ff080,25,2191.98,Tiffany & Co,Luxury & Jewelry,"Bengaluru, IN",device-mobile-025,2026-08-14T06:20:09.823367+00:00,APPROVED,0,None
ef0b9e06-f15c-4908-86f8-c5d0fef2988f,31,2115.34,Spotify,Entertainment,"Mumbai, IN",device-mobile-031,2026-08-14T06:31:25.823367+00:00,APPROVED,0,None
d61b037e-27b4-4354-a29a-9cba23900f0e,21,2145.04,Zomato,Food & Dining,"Chennai, IN",device-mobile-021,2026-08-14T06:39:34.823367+00:00,APPROVED,0,None
5c8c0473-9f74-44b3-9146-919f97259a75,37,1830.86,Netflix,Entertainment,"Kolkata, IN",device-mobile-037,2026-08-14T06:48:38.823367+00:00,APPROVED,0,None
72b15662-bfb1-4dc2-896b-8188eeb6259a,11,1015.56,Barbeque Nation,Food & Dining,"Delhi, IN",device-mobile-011,2026-08-14T06:50:25.823367+00:00,APPROVED,0,None
dc31f5c7-9599-4b1b-a084-ecdc5305ada4,39,954.68,Adani Gas,Utilities,"Chennai, IN",device-mobile-039,2026-08-14T07:04:52.823367+00:00,APPROVED,0,None
9fe5ec83-c6af-4ea7-bc37-339bfcf3b79f,41,29117.08,IndiGo,Travel,"Dubai, AE",device-mobile-041,2026-08-14T07:14:36.823367+00:00,SUSPICIOUS,1,LOCATION_HOPPING
1dcafc6d-3f44-43f2-8cd7-92fd464a35b5,28,2250.31,Flipkart,Shopping,"Chennai, IN",device-mobile-028,2026-08-14T07:19:15.823367+00:00,APPROVED,0,None
75efb461-5a50-47b7-b816-eb6e65d44f26,38,565.29,CaratLane,Luxury & Jewelry,"Hyderabad, IN",device-mobile-038,2026-08-14T07:24:54.823367+00:00,APPROVED,0,None
7c3dbd53-6d93-4ca3-840f-346f566ee73e,47,2522.4,MakeMyTrip,Travel,"Bengaluru, IN",device-mobile-047,2026-08-14T07:28:50.823367+00:00,APPROVED,0,None
1276f0e8-8aa2-4c3c-a802-6bc8d4dec48a,49,2163.06,Myntra,Shopping,"Delhi, IN",device-mobile-049,2026-08-14T07:55:31.823367+00:00,APPROVED,0,None
37b0c458-c666-4c7c-bdf0-7729a0c034b7,43,1274.38,MakeMyTrip,Travel,"Pune, IN",device-mobile-043,2026-08-14T07:57:50.823367+00:00,APPROVED,0,None
266feb06-34a2-450f-917a-270734c56daf,35,6757.92,Amazon India,Shopping,"Mumbai, IN",device-mobile-035,2026-08-14T08:08:02.823367+00:00,APPROVED,0,None
378c9239-9dd3-420f-ac43-bfccff53dd62,41,338.91,BookMyShow,Entertainment,"Ahmedabad, IN",device-mobile-041,2026-08-14T08:15:52.823367+00:00,APPROVED,0,None
644d9980-dfd2-42bc-92d8-1f8e93b7b0db,34,4951.83,Zara,Shopping,"Hyderabad, IN",device-mobile-034,2026-08-14T08:20:52.823367+00:00,APPROVED,0,None
92ec7d4a-93f3-4da2-a717-7ff52f131ead,50,778.26,Steam Games,Entertainment,"Delhi, IN",device-mobile-050,2026-08-14T08:35:07.823367+00:00,APPROVED,0,None
2985942a-4404-4b5c-bd6a-5c9904ab239e,14,1239.03,Myntra,Shopping,"Chennai, IN",device-mobile-014,2026-08-14T08:40:10.823367+00:00,APPROVED,0,None
6ce7d4ee-7c16-4a0c-a17b-66893b7d626a,34,2054.48,Swiggy,Food & Dining,"Hyderabad, IN",device-mobile-034,2026-08-14T08:46:30.823367+00:00,APPROVED,0,None
cb01e6d2-9b2a-46eb-b8d8-72e04d614e99,40,2461.17,Spotify,Entertainment,"Ahmedabad, IN",device-mobile-040,2026-08-14T08:50:45.823367+00:00,APPROVED,0,None
5a9d6a91-89e6-47e7-838e-11258da11180,31,5432.61,Reliance Digital,Electronics,"Delhi, IN",device-mobile-031,2026-08-14T08:53:31.823367+00:00,APPROVED,0,None
033439a9-381a-4be1-9723-7ce144984861,2,3394.67,IndiGo,Travel,"Pune, IN",device-mobile-002,2026-08-14T09:01:27.823367+00:00,APPROVED,0,None
8c47b002-39fc-4e7e-a814-daec7a1df923,6,216501.92,CaratLane,Luxury & Jewelry,"Hyderabad, IN",device-mobile-006,2026-08-14T09:04:39.823367+00:00,FLAGGED,1,HIGH_AMOUNT_SPIKE
d4618dff-c428-4667-be12-910cf0aa3ac2,10,1831.67,Zepto,Groceries,"Mumbai, IN",device-mobile-010,2026-08-14T09:25:19.823367+00:00,APPROVED,0,None
c54f2f72-c1a4-4ca9-a75e-92e709727981,21,4228.91,MakeMyTrip,Travel,"Chennai, IN",device-mobile-021,2026-08-14T09:31:01.823367+00:00,APPROVED,0,None
7c0ccf67-8577-4404-9540-088e5789df59,47,1495.53,BigBasket,Groceries,"Bengaluru, IN",device-laptop-047,2026-08-14T09:32:33.823367+00:00,APPROVED,0,None
273602e3-77d5-4747-a3dd-c8f3fe6344ff,24,1504.65,H&M,Shopping,"Bengaluru, IN",device-mobile-024,2026-08-14T09:36:20.823367+00:00,APPROVED,0,None
a15eedcb-21a5-443d-bc69-542b90bffc66,43,1036.06,Zomato,Food & Dining,"Pune, IN",device-mobile-043,2026-08-14T09:37:20.823367+00:00,APPROVED,0,None
f51d7bff-492c-4fef-af31-134faa8af5e9,40,3248.34,Jio Recharge,Utilities,"Ahmedabad, IN",device-mobile-040,2026-08-14T09:39:10.823367+00:00,APPROVED,0,None
48ac2934-5162-4678-91c2-5b719b3f55b7,27,611.08,Samsung Store,Electronics,"Chennai, IN",device-mobile-027,2026-08-14T09:44:58.823367+00:00,APPROVED,0,None
e9caa019-9286-428c-9384-cf0afe9b15ed,34,2194.16,Bescom,Utilities,"Hyderabad, IN",device-laptop-034,2026-08-14T09:48:22.823367+00:00,APPROVED,0,None
513ac275-5ca8-4981-9475-e8805d63f10e,45,1409.11,Netflix,Entertainment,"Kolkata, IN",device-mobile-045,2026-08-14T09:54:36.823367+00:00,APPROVED,0,None
7511a69d-1d4f-46fb-a0b9-3c3a689977f0,26,2406.04,Steam Games,Entertainment,"Ahmedabad, IN",device-mobile-026,2026-08-14T10:20:12.823367+00:00,APPROVED,0,None
bc36b5a9-fed1-4f4e-8a61-6d532500f85f,49,2301.13,Dominos,Food & Dining,"Delhi, IN",device-mobile-049,2026-08-14T10:58:07.823367+00:00,APPROVED,0,None
8fe1e562-37b5-400d-a23e-0df81bdd79d0,26,3336.13,Adani Gas,Utilities,"Ahmedabad, IN",device-mobile-026,2026-08-14T11:03:12.823367+00:00,APPROVED,0,None
11fb025f-fa11-4c2d-85c7-f71f529c39fb,5,862.33,Vijay Sales,Electronics,"Mumbai, IN",device-mobile-005,2026-08-14T11:05:01.823367+00:00,APPROVED,0,None
da48ee6a-9a59-42b0-9045-6bc8a457d630,15,745.28,Uber,Travel,"Kolkata, IN",device-mobile-015,2026-08-14T11:25:07.823367+00:00,APPROVED,0,None
1aab9f3b-f20f-4ddc-b76b-51411801d044,38,6298.49,Steam Games,Shopping,"London, UK",device-botnet-83,2026-08-14T11:48:40.823367+00:00,FLAGGED,1,FAILED_ATTEMPT_STUFFING
499caa0c-c870-4b54-917d-082c654f1f24,13,3536.58,Swiggy,Food & Dining,"Hyderabad, IN",device-mobile-013,2026-08-14T11:52:29.823367+00:00,APPROVED,0,None
6e861fcd-1c61-4330-b4ce-cdc1b48c3981,18,4650.61,Netflix,Entertainment,"Bengaluru, IN",device-laptop-018,2026-08-14T12:08:42.823367+00:00,APPROVED,0,None
ef27b267-22e3-4359-88e0-1987e79b03bd,17,1259.54,Zara,Shopping,"Mumbai, IN",device-mobile-017,2026-08-14T12:15:21.823367+00:00,APPROVED,0,None
a40fab76-eeb7-4dcc-937c-b5dd0b122f92,28,2507.17,Airtel Bill,Utilities,"Chennai, IN",device-mobile-028,2026-08-14T12:27:06.823367+00:00,APPROVED,0,None
206ac8f2-46e4-47c8-b474-cb1aba1ac833,42,2473.51,Zara,Shopping,"Delhi, IN",device-mobile-042,2026-08-14T12:28:54.823367+00:00,APPROVED,0,None
fec0cd33-b9f6-41ee-9f0b-524eb6b7ea91,7,520.81,Airtel Bill,Utilities,"Mumbai, IN",device-mobile-007,2026-08-14T12:35:27.823367+00:00,APPROVED,0,None
84071222-ec5d-4eb7-a71b-16d4e63739ab,40,1667.97,Bescom,Utilities,"Ahmedabad, IN",device-mobile-040,2026-08-14T12:35:34.823367+00:00,APPROVED,0,None
eeb80028-fbfc-4fac-a90b-94836982181b,32,605.47,Barbeque Nation,Food & Dining,"Hyderabad, IN",device-mobile-032,2026-08-14T12:47:30.823367+00:00,APPROVED,0,None
b7f778b2-e12a-46c8-8188-143dcb8668bb,26,3062.4,Ola,Travel,"Ahmedabad, IN",device-mobile-026,2026-08-14T13:08:34.823367+00:00,APPROVED,0,None
314c093e-22b0-4fe0-aa7c-e129d820a28c,49,1211.7,Blinkit,Groceries,"Delhi, IN",device-mobile-049,2026-08-14T13:12:05.823367+00:00,APPROVED,0,None
e1025019-d50a-47f4-80bc-06adab085476,12,2382.67,Ola,Travel,"Chennai, IN",device-mobile-012,2026-08-14T13:18:11.823367+00:00,APPROVED,0,None
0f48b67f-04fa-4fa6-bb47-5b4159ebd8d4,44,1441.22,Steam Games,Entertainment,"Kolkata, IN",device-laptop-044,2026-08-14T13:22:18.823367+00:00,APPROVED,0,None
17ad3f99-dd93-4fc6-8dc5-27bec2d810c9,43,1291.82,Netflix,Entertainment,"Pune, IN",device-mobile-043,2026-08-14T13:45:26.823367+00:00,APPROVED,0,None
4ab12016-c518-42e2-954e-add8ae802e7d,33,577.21,Swiggy,Food & Dining,"Kolkata, IN",device-mobile-033,2026-08-14T13:53:31.823367+00:00,APPROVED,0,None
b9f0841d-5538-4b09-92de-59eb426b2683,1,1148.05,Steam Games,Shopping,"Lagos, NG",device-botnet-66,2026-08-14T14:27:12.823367+00:00,FLAGGED,1,FAILED_ATTEMPT_STUFFING
d7ec323d-b648-4d74-a102-5bbd6a76a8d4,15,453.92,Flipkart,Shopping,"Kolkata, IN",device-mobile-015,2026-08-14T14:30:00.823367+00:00,APPROVED,0,None
2a761c47-0569-4572-8a34-8acad9dbb48c,24,2134.25,IRCTC,Travel,"Bengaluru, IN",device-mobile-024,2026-08-14T14:49:16.823367+00:00,APPROVED,0,None
d974ce4c-22b2-4425-9bab-4cbcef7e9642,29,1686.84,MakeMyTrip,Travel,"Pune, IN",device-mobile-029,2026-08-14T14:54:50.823367+00:00,APPROVED,0,None
8cdee6fb-d19f-4773-8f1e-5ccec40d3161,23,848.75,Croma,Electronics,"Pune, IN",device-laptop-023,2026-08-14T15:04:20.823367+00:00,APPROVED,0,None
b0e2e8bb-0a0f-4286-9277-401940c1d249,41,688.38,Tata Power,Utilities,"Ahmedabad, IN",device-mobile-041,2026-08-14T15:23:26.823367+00:00,APPROVED,0,None
fb8ccd8c-f411-4df2-bd03-e9edbd9359d8,1,1363.47,Airtel Bill,Utilities,"Bengaluru, IN",device-mobile-001,2026-08-14T15:32:21.823367+00:00,APPROVED,0,None
a96d1430-4d06-4163-93f3-1942e74b962e,25,1141.66,Amazon India,Shopping,"Bengaluru, IN",device-mobile-025,2026-08-14T15:37:21.823367+00:00,APPROVED,0,None
664c5296-93a0-4978-8fcb-e04920fb5556,14,2112.52,Steam Games,Entertainment,"Chennai, IN",device-mobile-014,2026-08-14T15:57:11.823367+00:00,APPROVED,0,None
cd4fddc0-268a-4c7d-904c-95158edaf7a4,4,4349.19,IRCTC,Travel,"Bengaluru, IN",device-mobile-004,2026-08-14T16:00:05.823367+00:00,APPROVED,0,None
abedefa6-dd0e-4307-9277-6a595cd423f4,26,2428.38,Flipkart,Shopping,"Ahmedabad, IN",device-mobile-026,2026-08-14T16:05:43.823367+00:00,APPROVED,0,None
553b521e-c77e-4eed-824c-eac4df16e6ad,27,453.34,Bescom,Utilities,"Pune, IN",device-mobile-027,2026-08-14T16:08:36.823367+00:00,APPROVED,0,None
cb79580e-7d4d-49f6-8b78-20740aeba69f,7,328.18,McDonald's,Food & Dining,"Mumbai, IN",device-mobile-007,2026-08-14T16:21:15.823367+00:00,APPROVED,0,None
e9cd37ce-f073-437a-9b76-41eb5dd8115d,40,1236.98,Steam Games,Entertainment,"Ahmedabad, IN",device-mobile-040,2026-08-14T16:28:44.823367+00:00,APPROVED,0,None
a2c4e9de-5b8c-4901-aa42-f015825e0a0a,18,6713.68,H&M,Shopping,"Bengaluru, IN",device-mobile-018,2026-08-14T16:28:53.823367+00:00,APPROVED,0,None
145b59e3-1b43-4ea8-845a-8fb1a4a60661,2,3663.61,Tata Power,Utilities,"Pune, IN",device-mobile-002,2026-08-14T16:30:10.823367+00:00,APPROVED,0,None
ba63effd-006b-452b-bb2b-ce1d2acf51cb,1,886.17,Barbeque Nation,Food & Dining,"Chennai, IN",device-mobile-001,2026-08-14T16:36:41.823367+00:00,APPROVED,0,None
f8bd09cf-1c3d-42af-b788-1510026c8cd6,40,1379.18,Steam Games,Entertainment,"Ahmedabad, IN",device-mobile-040,2026-08-14T16:37:27.823367+00:00,APPROVED,0,None
b02787e1-38ba-41e6-8572-9a8a6f726f7c,49,2679.43,Amazon India,Shopping,"Delhi, IN",device-mobile-049,2026-08-14T16:42:13.823367+00:00,APPROVED,0,None
9c2738a5-4451-4415-af03-55da07215c56,21,1698.01,Flipkart,Shopping,"Chennai, IN",device-mobile-021,2026-08-14T16:51:43.823367+00:00,APPROVED,0,None
c0a864b6-bd48-47df-bf36-154775e7c322,26,2809.81,Bescom,Utilities,"Ahmedabad, IN",device-mobile-026,2026-08-14T16:54:15.823367+00:00,APPROVED,0,None
f593d782-657f-41d0-892e-fa68fdf1285e,6,1675.37,Booking.com,Travel,"Hyderabad, IN",device-mobile-006,2026-08-14T17:00:19.823367+00:00,APPROVED,0,None
98402568-fed8-4641-9307-b942b1fe8c4a,14,1979.33,BigBasket,Groceries,"Chennai, IN",device-mobile-014,2026-08-14T17:08:57.823367+00:00,APPROVED,0,None
6463ab91-06ff-45ac-b455-cdc4b7d72536,22,120934.16,Apple Store,Electronics,"Bengaluru, IN",device-mobile-022,2026-08-14T17:10:02.823367+00:00,FLAGGED,1,HIGH_AMOUNT_SPIKE
328da3ad-f28e-406b-8ab4-72928a5b1590,50,413.84,Myntra,Shopping,"Kolkata, IN",device-laptop-050,2026-08-14T17:14:31.823367+00:00,APPROVED,0,None
09224cf4-eefc-49cc-9576-7a02e55aeaec,18,21292.5,Amazon India,Shopping,"Bengaluru, IN",device-mobile-018,2026-08-14T17:14:41.823367+00:00,SUSPICIOUS,1,RAPID_BURST
c5a89b7e-8b95-49f1-b360-10302ed92124,39,1843.37,Steam Games,Shopping,"Lagos, NG",device-botnet-52,2026-08-14T17:18:07.823367+00:00,FLAGGED,1,FAILED_ATTEMPT_STUFFING
a4d332bd-0181-472d-8cc4-082da0f9a222,20,794.03,McDonald's,Food & Dining,"Pune, IN",device-mobile-020,2026-08-14T17:20:30.823367+00:00,APPROVED,0,None
e92b8967-50ba-4efe-8811-cce61c0f0171,10,1835.73,Blinkit,Groceries,"Mumbai, IN",device-mobile-010,2026-08-14T17:20:56.823367+00:00,APPROVED,0,None
3f0919ca-f946-41f2-9ab7-164b1cb30a49,4,3133.85,Starbucks,Food & Dining,"Bengaluru, IN",device-laptop-004,2026-08-14T17:26:30.823367+00:00,APPROVED,0,None
7df0a29a-6483-4ee4-8b3d-9f5c9ea135a6,10,2383.58,IRCTC,Travel,"Mumbai, IN",device-mobile-010,2026-08-14T17:39:28.823367+00:00,APPROVED,0,None
0adeb716-8f6d-402c-a2fc-228bde0c11a1,28,2671.2,Jio Recharge,Utilities,"Chennai, IN",device-mobile-028,2026-08-14T17:53:21.823367+00:00,APPROVED,0,None
b73e1d8e-fa37-4962-b5e7-140cf418cf44,45,37461.33,H&M,Shopping,"Singapore, SG",device-mobile-045,2026-08-14T17:56:15.823367+00:00,SUSPICIOUS,1,LOCATION_HOPPING
84e4c42f-9424-411a-9ea0-16a81ca6fbff,19,2618.54,Instamart,Groceries,"Kolkata, IN",device-mobile-019,2026-08-14T18:06:34.823367+00:00,APPROVED,0,None
113c7270-32b2-41bf-ab0c-d08c6d14c6a9,43,550.91,Adani Gas,Utilities,"Pune, IN",device-laptop-043,2026-08-14T18:30:13.823367+00:00,APPROVED,0,None
5ae0b287-a2bf-421b-8ac9-aeb0b6d01201,37,5080.5,Blinkit,Groceries,"Kolkata, IN",device-mobile-037,2026-08-14T18:36:49.823367+00:00,APPROVED,0,None
6ec24d6e-165a-415f-9e9c-0edbc80726eb,3,6260.56,Samsung Store,Electronics,"Delhi, IN",device-mobile-003,2026-08-14T18:45:38.823367+00:00,APPROVED,0,None
eebe94f0-9017-4fb4-b9d3-fdd0c6f10e0f,5,1067.8,Zara,Shopping,"Mumbai, IN",device-mobile-005,2026-08-14T18:56:41.823367+00:00,APPROVED,0,None
6e789242-1df7-413a-b44d-deceba1f4b95,16,600.01,Spotify,Entertainment,"Kolkata, IN",device-mobile-016,2026-08-14T18:59:46.823367+00:00,APPROVED,0,None
3abf197e-9871-4a2f-877f-308aa58322d5,21,3187.24,Swiggy,Food & Dining,"Mumbai, IN",device-mobile-021,2026-08-14T19:06:21.823367+00:00,APPROVED,0,None
d3b6d333-e897-47e7-b218-938d337e7cf4,42,2559.68,Vijay Sales,Electronics,"Delhi, IN",device-mobile-042,2026-08-14T19:08:20.823367+00:00,APPROVED,0,None
9d161532-712a-4ebb-b993-f05074f6be31,34,2644.28,McDonald's,Food & Dining,"Hyderabad, IN",device-mobile-034,2026-08-14T19:10:28.823367+00:00,APPROVED,0,None
1bce12ef-ae04-4dbf-bf7f-35af5a44558a,11,34066.98,Apple Store,Electronics,"Ahmedabad, IN",device-emulator-root-1682,2026-08-14T19:20:25.823367+00:00,SUSPICIOUS,1,UNRECOGNIZED_DEVICE
4aa59157-35e3-4145-9081-3eac81a990bd,27,671.72,Zepto,Groceries,"Chennai, IN",device-mobile-027,2026-08-14T19:21:32.823367+00:00,APPROVED,0,None
6d9c4a74-44f7-47ef-bf05-67a0f06dfbe3,42,1906.84,Flipkart,Shopping,"Delhi, IN",device-mobile-042,2026-08-14T19:26:42.823367+00:00,APPROVED,0,None
ce2af458-0680-4429-9583-a5fa7a1ed158,49,3069.25,Vijay Sales,Electronics,"Delhi, IN",device-mobile-049,2026-08-14T19:27:49.823367+00:00,APPROVED,0,None
8b920050-0856-4a3a-94b1-4ce1873ffc81,48,7638.5,Zepto,Groceries,"Bengaluru, IN",device-mobile-048,2026-08-14T19:44:53.823367+00:00,APPROVED,0,None
b6332ce4-2226-4934-aa95-cb22b00bd9df,31,3265.4,Myntra,Shopping,"Delhi, IN",device-mobile-031,2026-08-14T19:47:09.823367+00:00,APPROVED,0,None
0cfaf7e4-c3a2-42ff-b72f-324322995a61,14,1036.41,Samsung Store,Electronics,"Chennai, IN",device-mobile-014,2026-08-14T19:51:22.823367+00:00,APPROVED,0,None
26bae660-b920-4e11-9886-195793551563,17,2210.46,McDonald's,Food & Dining,"Mumbai, IN",device-laptop-017,2026-08-14T20:21:28.823367+00:00,APPROVED,0,None
9e70fea2-7caa-4343-926e-8446e2e93453,40,1421.35,BookMyShow,Entertainment,"Ahmedabad, IN",device-mobile-040,2026-08-14T20:31:46.823367+00:00,APPROVED,0,None
58845e71-5012-4af8-aef8-69ab9b144618,15,684.04,Jio Recharge,Utilities,"Kolkata, IN",device-mobile-015,2026-08-14T20:37:44.823367+00:00,APPROVED,0,None
fe79171c-864f-4932-8acb-9b7854a9da09,17,740.37,Croma,Electronics,"Mumbai, IN",device-laptop-017,2026-08-14T20:40:14.823367+00:00,APPROVED,0,None
444f9b74-32e2-44ef-9d83-b0de5100bcc5,23,3338.32,Steam Games,Shopping,"Singapore, SG",device-botnet-54,2026-08-14T20:51:21.823367+00:00,FLAGGED,1,FAILED_ATTEMPT_STUFFING
e13e7b81-79aa-4066-bed0-db9d8a095b70,32,1201.29,Vijay Sales,Electronics,"Hyderabad, IN",device-mobile-032,2026-08-14T21:00:50.823367+00:00,APPROVED,0,None
3be2b67d-61e1-430d-80ac-76b0d5fa1da8,47,897.0,Zara,Shopping,"Bengaluru, IN",device-mobile-047,2026-08-14T21:03:07.823367+00:00,APPROVED,0,None
c0f008fb-23fc-415c-8e56-3eec088dbc61,12,2311.62,Flipkart,Shopping,"Chennai, IN",device-mobile-012,2026-08-14T21:09:39.823367+00:00,APPROVED,0,None
59b8342b-22a9-40fb-9544-784bdf023dbc,46,2656.04,Ajio,Shopping,"Delhi, IN",device-mobile-046,2026-08-14T21:12:10.823367+00:00,APPROVED,0,None
91b35573-908f-4309-a04e-c33efa42fc5d,28,2822.21,Starbucks,Food & Dining,"Mumbai, IN",device-mobile-028,2026-08-14T21:49:53.823367+00:00,APPROVED,0,None
c9763d44-407f-4f44-a229-7b362e714388,1,3566.74,Booking.com,Travel,"Bengaluru, IN",device-mobile-001,2026-08-14T21:51:38.823367+00:00,APPROVED,0,None
7935f8cc-3b7d-4e7d-87f5-06b78316e127,24,2149.32,BookMyShow,Entertainment,"Mumbai, IN",device-mobile-024,2026-08-14T21:52:43.823367+00:00,APPROVED,0,None
279068bf-90de-4e63-aae4-57c6a0c8a5fa,46,4706.76,Blinkit,Groceries,"Delhi, IN",device-mobile-046,2026-08-14T22:10:10.823367+00:00,APPROVED,0,None
8bb462fb-ae7a-4a2d-86c0-e16890054685,19,21233.31,MakeMyTrip,Travel,"Lagos, NG",device-mobile-019,2026-08-14T22:12:43.823367+00:00,SUSPICIOUS,1,LOCATION_HOPPING
ca1baaa1-4739-4e44-9e2a-63387a67078f,46,1750.18,Steam Games,Entertainment,"Delhi, IN",device-mobile-046,2026-08-14T22:15:25.823367+00:00,APPROVED,0,None
b006f873-9596-4bc3-9eae-1a1564d0ae54,2,2861.64,Barbeque Nation,Food & Dining,"Pune, IN",device-mobile-002,2026-08-14T22:19:04.823367+00:00,APPROVED,0,None
8bd1d9a8-261c-4a26-bd09-a20333827070,16,2238.3,Zara,Shopping,"Hyderabad, IN",device-mobile-016,2026-08-14T22:31:19.823367+00:00,APPROVED,0,None
5db65080-2e49-4d31-94cc-0e9fefd70fb3,9,3073.75,Airtel Bill,Utilities,"Pune, IN",device-mobile-009,2026-08-14T22:31:52.823367+00:00,APPROVED,0,None
5ab274c3-1783-44a0-a2c0-e48daba15b85,13,5923.95,DMart,Groceries,"Kolkata, IN",device-mobile-013,2026-08-14T22:48:05.823367+00:00,APPROVED,0,None
864677c2-0d90-4505-93f3-b4b591f20536,26,2480.83,Blinkit,Groceries,"Ahmedabad, IN",device-mobile-026,2026-08-14T22:56:25.823367+00:00,APPROVED,0,None
fc7960b2-2dad-4216-9b42-b0e2f594de13,1,1898.09,Tata Power,Utilities,"Hyderabad, IN",device-mobile-001,2026-08-14T22:57:55.823367+00:00,APPROVED,0,None
28d1288f-ec6a-43cf-9fb6-a17cd8128093,47,1733.02,H&M,Shopping,"Bengaluru, IN",device-laptop-047,2026-08-14T23:04:22.823367+00:00,APPROVED,0,None
780d0723-6c72-4c7a-80b2-0045069f7d42,12,3836.04,IndiGo,Travel,"Kolkata, IN",device-mobile-012,2026-08-14T23:07:51.823367+00:00,APPROVED,0,None
44e0199b-daab-43ba-8caf-95d711977f71,20,1234.25,McDonald's,Food & Dining,"Pune, IN",device-laptop-020,2026-08-14T23:11:04.823367+00:00,APPROVED,0,None
fcf5fbd4-d3b5-4f5e-a460-2b93ed96b50f,39,1844.37,Flipkart,Shopping,"Chennai, IN",device-mobile-039,2026-08-14T23:31:39.823367+00:00,APPROVED,0,None
0437fa39-c528-4087-8f3f-b30b7030d4a2,29,1680.73,PVR Cinemas,Entertainment,"Pune, IN",device-mobile-029,2026-08-14T23:43:45.823367+00:00,APPROVED,0,None
f9de06e1-181b-4538-802d-7bff33de8b92,9,2751.64,BookMyShow,Entertainment,"Pune, IN",device-mobile-009,2026-08-14T23:43:59.823367+00:00,APPROVED,0,None
34fc44e7-697e-4958-87b6-e43e3230f1dd,45,1406.87,Ola,Travel,"Kolkata, IN",device-mobile-045,2026-08-14T23:44:46.823367+00:00,APPROVED,0,None
2de17fce-1c59-41af-89b8-ced7100f0b4e,22,1408.08,McDonald's,Food & Dining,"Bengaluru, IN",device-mobile-022,2026-08-14T23:53:18.823367+00:00,APPROVED,0,None
c3096eae-8c09-4b9a-b711-e3d35c7322f6,48,2674.8,Instamart,Groceries,"Bengaluru, IN",device-mobile-048,2026-08-14T23:54:28.823367+00:00,APPROVED,0,None
045f8a5f-a34b-472e-841c-ccf4868b7110,9,1600.2,Croma,Electronics,"Pune, IN",device-mobile-009,2026-08-15T00:00:27.823367+00:00,APPROVED,0,None
c920790c-f634-4376-987b-5a71b51b47d0,39,1874.84,Netflix,Entertainment,"Chennai, IN",device-mobile-039,2026-08-15T00:11:52.823367+00:00,APPROVED,0,None
1bf778da-a4ad-4093-85de-2e1bad2f95ff,14,1769.03,MakeMyTrip,Travel,"Chennai, IN",device-mobile-014,2026-08-15T00:21:28.823367+00:00,APPROVED,0,None
9c0c3a7d-b7eb-44a9-854b-224ccd2880f7,31,5204.68,Adani Gas,Utilities,"Delhi, IN",device-laptop-031,2026-08-15T00:29:52.823367+00:00,APPROVED,0,None
eb174d12-6644-4f3d-ae22-5677b97a3920,24,1806.39,H&M,Shopping,"Bengaluru, IN",device-mobile-024,2026-08-15T00:50:02.823367+00:00,APPROVED,0,None
881f6496-54fc-4c16-bd18-ec4851934d9b,34,3620.19,Reliance Digital,Electronics,"Ahmedabad, IN",device-mobile-034,2026-08-15T01:04:59.823367+00:00,APPROVED,0,None
d1a2bafe-d77c-4646-8718-4ff4d7890f14,2,2449.13,Vijay Sales,Electronics,"Pune, IN",device-mobile-002,2026-08-15T01:05:30.823367+00:00,APPROVED,0,None
d0ca1208-f395-4204-bdac-05c5a14aae6b,10,1483.31,Myntra,Shopping,"Mumbai, IN",device-laptop-010,2026-08-15T01:13:27.823367+00:00,APPROVED,0,None
a00c2b78-09b7-406a-996a-574be74610a8,15,1419.51,Swiggy,Food & Dining,"Kolkata, IN",device-mobile-015,2026-08-15T01:22:50.823367+00:00,APPROVED,0,None
ce5f63c2-368a-481e-9089-0e063ed8af73,9,2303.58,McDonald's,Food & Dining,"Pune, IN",device-mobile-009,2026-08-15T01:23:33.823367+00:00,APPROVED,0,None
8723a1df-da27-4bfc-83fc-25a193fac97b,11,309.28,Starbucks,Food & Dining,"Delhi, IN",device-mobile-011,2026-08-15T01:42:10.823367+00:00,APPROVED,0,None
28407e29-6956-424f-9559-841b95a1c994,35,1237.26,Apple Store,Electronics,"Mumbai, IN",device-mobile-035,2026-08-15T01:43:54.823367+00:00,APPROVED,0,None
26af63b9-3187-434f-a94e-ceb9fb77c535,21,3722.77,Uber,Travel,"Chennai, IN",device-mobile-021,2026-08-15T01:51:33.823367+00:00,APPROVED,0,None
85648851-7185-4374-b52b-aa3f8a5174d9,11,946.85,PVR Cinemas,Entertainment,"Delhi, IN",device-mobile-011,2026-08-15T01:56:51.823367+00:00,APPROVED,0,None
bfbcbca0-c49d-46d0-b375-73d377188263,25,3231.72,Samsung Store,Electronics,"Bengaluru, IN",device-mobile-025,2026-08-15T02:25:04.823367+00:00,APPROVED,0,None
fc683991-267c-419a-8565-94f5d4e3d302,37,945.68,Flipkart,Shopping,"Kolkata, IN",device-mobile-037,2026-08-15T02:46:13.823367+00:00,APPROVED,0,None
71e0b84f-77b0-45f5-bbfb-b9714b9c714e,15,1711.2,Booking.com,Travel,"Kolkata, IN",device-mobile-015,2026-08-15T02:56:38.823367+00:00,APPROVED,0,None
02344aa4-3bc2-48f3-9df7-6f65c77ce063,9,6500.6,MakeMyTrip,Travel,"Pune, IN",device-mobile-009,2026-08-15T03:08:36.823367+00:00,APPROVED,0,None
e63bd280-cfce-4033-a2a5-79a3809b56dd,26,3532.49,Swiggy,Food & Dining,"Ahmedabad, IN",device-mobile-026,2026-08-15T03:30:12.823367+00:00,APPROVED,0,None
f3e4b263-739d-4318-8cd1-3307f1b28578,10,2420.9,Amazon India,Shopping,"Mumbai, IN",device-mobile-010,2026-08-15T03:40:36.823367+00:00,APPROVED,0,None
c33667dd-7ba4-485a-a26d-e2f99262eaab,50,1873.42,Samsung Store,Electronics,"Kolkata, IN",device-mobile-050,2026-08-15T03:44:17.823367+00:00,APPROVED,0,None
732b9873-b47a-41ce-9eb3-ff294dc9306a,34,3848.16,Flipkart,Shopping,"Hyderabad, IN",device-laptop-034,2026-08-15T03:45:20.823367+00:00,APPROVED,0,None
e9a9b962-e03e-4c89-ad8a-0428999b7ad1,48,2344.65,MakeMyTrip,Travel,"Bengaluru, IN",device-mobile-048,2026-08-15T03:52:11.823367+00:00,APPROVED,0,None
80fff81d-0af4-47d5-9842-ac679064479a,45,999.76,Zepto,Groceries,"Kolkata, IN",device-mobile-045,2026-08-15T04:03:04.823367+00:00,APPROVED,0,None
4c8d75af-a49f-4acf-ae02-b3b7f44a51fa,6,13378.66,Amazon India,Shopping,"Hyderabad, IN",device-mobile-006,2026-08-15T04:05:26.823367+00:00,SUSPICIOUS,1,RAPID_BURST
f04f9ccf-7cb4-4f6c-90d3-ad4e09c9ffda,44,8718.86,Tata Power,Utilities,"Kolkata, IN",device-mobile-044,2026-08-15T04:07:30.823367+00:00,APPROVED,0,None
e25c2482-2e41-4e01-aa69-e2dd323659cb,49,2102.14,Swiggy,Food & Dining,"Bengaluru, IN",device-mobile-049,2026-08-15T04:10:50.823367+00:00,APPROVED,0,None
034a78b0-bec8-4873-9260-8ea5856067a0,45,2174.03,Bescom,Utilities,"Kolkata, IN",device-mobile-045,2026-08-15T04:57:54.823367+00:00,APPROVED,0,None
8fffe1da-665f-4443-a145-1636396e34d6,39,1021.54,McDonald's,Food & Dining,"Chennai, IN",device-mobile-039,2026-08-15T05:04:26.823367+00:00,APPROVED,0,None
6f1772fa-9efb-475b-a49d-6c97c3025458,10,2616.89,IRCTC,Travel,"Mumbai, IN",device-mobile-010,2026-08-15T05:07:23.823367+00:00,APPROVED,0,None
859dae92-8903-478b-8bde-f838d482c27c,26,1437.39,H&M,Shopping,"Ahmedabad, IN",device-laptop-026,2026-08-15T05:16:02.823367+00:00,APPROVED,0,None
c6e75b70-e73d-4fab-ae81-666d19d4cfda,42,1535.65,H&M,Shopping,"Delhi, IN",device-mobile-042,2026-08-15T05:25:37.823367+00:00,APPROVED,0,None
664c47de-61c5-44d3-b6eb-9dbcd117269e,43,462.25,BigBasket,Groceries,"Pune, IN",device-mobile-043,2026-08-15T05:46:26.823367+00:00,APPROVED,0,None
c84cb597-ea82-42cd-a62d-c788ab1f0eaf,7,534.29,Vijay Sales,Electronics,"Mumbai, IN",device-laptop-007,2026-08-15T06:00:08.823367+00:00,APPROVED,0,None
79c9489e-9728-4889-9219-4f01a11c211e,30,1275.61,Netflix,Entertainment,"Bengaluru, IN",device-mobile-030,2026-08-15T06:03:22.823367+00:00,APPROVED,0,None
3d61b35b-fc72-457b-ab37-1336d080bd7b,3,3337.96,Airtel Bill,Utilities,"Delhi, IN",device-mobile-003,2026-08-15T06:12:18.823367+00:00,APPROVED,0,None
05b094f9-3b7e-46d4-be11-de9e30a4b182,30,458.0,Reliance Digital,Electronics,"Bengaluru, IN",device-mobile-030,2026-08-15T06:18:13.823367+00:00,APPROVED,0,None
90ea19e9-6a9b-4c8c-86bd-b01986d31d8e,18,1684.57,PVR Cinemas,Entertainment,"Chennai, IN",device-laptop-018,2026-08-15T06:20:14.823367+00:00,APPROVED,0,None
25148541-1d54-42bb-98ee-b20139615e69,19,2893.51,BookMyShow,Entertainment,"Kolkata, IN",device-mobile-019,2026-08-15T06:33:21.823367+00:00,APPROVED,0,None
5aceb625-72f1-45e8-a506-82fba718a479,28,3106.57,IRCTC,Travel,"Chennai, IN",device-mobile-028,2026-08-15T06:34:52.823367+00:00,APPROVED,0,None
8ee4b304-ea18-4a60-b9b1-003c6c2a6db4,36,2937.73,Croma,Electronics,"Mumbai, IN",device-laptop-036,2026-08-15T06:36:31.823367+00:00,APPROVED,0,None
0bd27012-bbc5-4e66-ad6f-5183d274fd76,42,1268.35,Amazon India,Shopping,"Mumbai, IN",device-mobile-042,2026-08-15T06:49:10.823367+00:00,APPROVED,0,None
e61282a0-5106-46ec-9917-48e999047de2,35,2510.52,Booking.com,Travel,"Mumbai, IN",device-mobile-035,2026-08-15T07:06:56.823367+00:00,APPROVED,0,None
e48098c8-b7d0-45a1-b0aa-3e0d76061a03,2,2480.58,BigBasket,Groceries,"Pune, IN",device-mobile-002,2026-08-15T07:14:32.823367+00:00,APPROVED,0,None
de43dbcb-dcaf-42b5-9be4-a00ec9f9512d,32,1582.53,Spotify,Entertainment,"Hyderabad, IN",device-mobile-032,2026-08-15T07:48:09.823367+00:00,APPROVED,0,None
2759c87c-8939-4931-a4f1-2acb61f55384,9,3660.03,Adani Gas,Utilities,"Pune, IN",device-mobile-009,2026-08-15T07:48:45.823367+00:00,APPROVED,0,None
6ec0e3dd-cc1f-4f37-92a0-04230e86124c,40,1096.05,McDonald's,Food & Dining,"Ahmedabad, IN",device-mobile-040,2026-08-15T07:50:19.823367+00:00,APPROVED,0,None
e7ee071f-04b4-474b-9400-e9f4b12146f6,47,1322.95,Jio Recharge,Utilities,"Bengaluru, IN",device-mobile-047,2026-08-15T07:53:21.823367+00:00,APPROVED,0,None
97b4f0e1-78ae-4cb9-bd2a-300bcc806c03,20,860.52,Jio Recharge,Utilities,"Pune, IN",device-laptop-020,2026-08-15T08:10:47.823367+00:00,APPROVED,0,None
23d2a4ac-86c7-47d4-b2a8-f2ce062e9e72,48,1046.11,Zepto,Groceries,"Bengaluru, IN",device-mobile-048,2026-08-15T08:11:32.823367+00:00,APPROVED,0,None
2895861c-ba68-41bd-bf2c-a28171c9c705,14,1074.92,Nature's Basket,Groceries,"Chennai, IN",device-mobile-014,2026-08-15T08:27:52.823367+00:00,APPROVED,0,None
9437fef3-367a-40ea-a6de-c5e12c485906,30,842.77,Swiggy,Food & Dining,"Bengaluru, IN",device-mobile-030,2026-08-15T08:28:33.823367+00:00,APPROVED,0,None
f1400985-cc69-4e7f-8955-dd73ab0d388c,43,496.67,Amazon India,Shopping,"Pune, IN",device-mobile-043,2026-08-15T08:30:38.823367+00:00,APPROVED,0,None
2fd17df0-818d-4e98-86d5-16dd1cc492b2,33,1164.51,BigBasket,Groceries,"Kolkata, IN",device-mobile-033,2026-08-15T08:38:24.823367+00:00,APPROVED,0,None
e0046c88-c145-4e1d-9999-e9f7243b8b94,40,2607.25,Reliance Digital,Electronics,"Ahmedabad, IN",device-mobile-040,2026-08-15T08:46:18.823367+00:00,APPROVED,0,None
a709c697-070c-4e93-a644-a10d8e8ceaf8,26,3296.36,Nature's Basket,Groceries,"Ahmedabad, IN",device-laptop-026,2026-08-15T08:46:52.823367+00:00,APPROVED,0,None
e89a16bb-1886-4207-9474-99b7c0cfa063,3,1718.5,BigBasket,Groceries,"Delhi, IN",device-mobile-003,2026-08-15T08:54:00.823367+00:00,APPROVED,0,None
ceecc931-9516-4419-9822-3f6b33653042,27,1354.27,Flipkart,Shopping,"Chennai, IN",device-mobile-027,2026-08-15T08:59:46.823367+00:00,APPROVED,0,None
33bdb3fd-9e46-4f94-b059-e2f5415f6d18,42,106649.49,Rolex Boutique,Luxury & Jewelry,"Delhi, IN",device-mobile-042,2026-08-15T09:03:22.823367+00:00,FLAGGED,1,HIGH_AMOUNT_SPIKE
dd2d1c78-7655-4e5d-b661-76e0a0c14d3d,49,5075.11,Bescom,Utilities,"Delhi, IN",device-mobile-049,2026-08-15T09:08:48.823367+00:00,APPROVED,0,None
b6520856-a79d-4bc7-a396-bf1f8f000615,28,1347.49,Instamart,Groceries,"Chennai, IN",device-mobile-028,2026-08-15T09:09:35.823367+00:00,APPROVED,0,None
b766d70f-a5f9-4eac-bd35-5c52781097f2,4,2348.8,Vijay Sales,Electronics,"Bengaluru, IN",device-mobile-004,2026-08-15T09:24:38.823367+00:00,APPROVED,0,None
8a0f3836-57f9-4dbc-b186-dcc9aecdf855,10,1626.72,Zepto,Groceries,"Mumbai, IN",device-mobile-010,2026-08-15T09:27:17.823367+00:00,APPROVED,0,None
903c7e9c-8c23-4910-8695-fa19441b9d0f,12,2736.74,Adani Gas,Utilities,"Chennai, IN",device-mobile-012,2026-08-15T09:30:47.823367+00:00,APPROVED,0,None
2f43878c-5396-4de2-b87b-b39fe07bc4fd,45,672.0,Ola,Travel,"Kolkata, IN",device-mobile-045,2026-08-15T09:34:45.823367+00:00,APPROVED,0,None
27de3ccc-3e8b-4d63-9248-2da70fb02352,48,1614.38,Adani Gas,Utilities,"Bengaluru, IN",device-mobile-048,2026-08-15T09:39:18.823367+00:00,APPROVED,0,None
4d9759b3-c482-4e12-8c02-585c32a1731b,6,929.7,IRCTC,Travel,"Hyderabad, IN",device-mobile-006,2026-08-15T09:47:52.823367+00:00,APPROVED,0,None
e428ba88-8bd4-4f01-bd69-4bac175b54a0,44,3428.07,Dominos,Food & Dining,"Kolkata, IN",device-mobile-044,2026-08-15T09:49:19.823367+00:00,APPROVED,0,None
17b14032-9feb-404c-bbd4-5bc31122b061,27,1473.1,Ola,Travel,"Chennai, IN",device-mobile-027,2026-08-15T09:51:08.823367+00:00,APPROVED,0,None
e1fdbcc4-dff4-4434-aa7e-cc1931aaf156,23,1740.0,Starbucks,Food & Dining,"Hyderabad, IN",device-laptop-023,2026-08-15T09:53:15.823367+00:00,APPROVED,0,None
b4829394-1041-4627-87a9-ae5245cc6790,12,2228.58,Reliance Digital,Electronics,"Chennai, IN",device-mobile-012,2026-08-15T09:59:03.823367+00:00,APPROVED,0,None
0dbdc733-d6a7-4c06-b731-e0a8c4044754,11,342.44,Flipkart,Shopping,"Delhi, IN",device-mobile-011,2026-08-15T10:07:31.823367+00:00,APPROVED,0,None
26a6a478-9177-4774-a039-3675f81a75c3,14,1610.45,Ola,Travel,"Chennai, IN",device-mobile-014,2026-08-15T10:07:54.823367+00:00,APPROVED,0,None
417ca187-6781-4404-8fd6-25a45b256c62,21,110604.56,Reliance Digital,Electronics,"Chennai, IN",device-mobile-021,2026-08-15T10:09:34.823367+00:00,FLAGGED,1,HIGH_AMOUNT_SPIKE
0748e0eb-cd7f-4ddd-9839-f52eb59c6be5,44,4388.27,PVR Cinemas,Entertainment,"Kolkata, IN",device-mobile-044,2026-08-15T10:12:02.823367+00:00,APPROVED,0,None
30a08971-bd2b-4f8c-a472-cc713b276e39,16,484.87,Tata Power,Utilities,"Chennai, IN",device-mobile-016,2026-08-15T10:24:31.823367+00:00,APPROVED,0,None
b08c3161-3d62-41bb-ad3d-082cbaa8e4c5,17,1834.51,Tata Power,Utilities,"Mumbai, IN",device-mobile-017,2026-08-15T10:24:41.823367+00:00,APPROVED,0,None
8fb6a3e6-6398-447c-9780-20c8141510c7,19,1074.26,Zepto,Groceries,"Kolkata, IN",device-mobile-019,2026-08-15T10:34:46.823367+00:00,APPROVED,0,None
c6c6d8b2-fe39-4679-8219-b9b63ba2b15c,39,1819.15,McDonald's,Food & Dining,"Chennai, IN",device-mobile-039,2026-08-15T10:35:36.823367+00:00,APPROVED,0,None
06f0ae5c-d018-4546-a5eb-36cfb9bac894,8,2370.88,DMart,Groceries,"Kolkata, IN",device-mobile-008,2026-08-15T10:40:47.823367+00:00,APPROVED,0,None
42182b6c-6b5c-4460-9073-b69840e573fe,35,881.98,Flipkart,Shopping,"Mumbai, IN",device-mobile-035,2026-08-15T10:48:54.823367+00:00,APPROVED,0,None
8c31c400-ea4c-42ce-8450-25645a9bfd6d,41,1001.15,Instamart,Groceries,"Ahmedabad, IN",device-mobile-041,2026-08-15T10:53:33.823367+00:00,APPROVED,0,None
fba72cd8-9451-4eec-8804-8f7271781fcc,26,1953.63,Netflix,Entertainment,"Ahmedabad, IN",device-mobile-026,2026-08-15T10:54:06.823367+00:00,APPROVED,0,None
78ee2a0b-31f4-478a-8085-79b80520b910,49,1998.44,Steam Games,Entertainment,"Delhi, IN",device-mobile-049,2026-08-15T10:56:35.823367+00:00,APPROVED,0,None
fd37090b-e377-4753-a959-469dd95eb893,20,1079.1,Booking.com,Travel,"Pune, IN",device-mobile-020,2026-08-15T11:19:17.823367+00:00,APPROVED,0,None
3f6d3db8-1c38-471c-a592-41b21c3f02a8,35,2778.65,Nature's Basket,Groceries,"Mumbai, IN",device-mobile-035,2026-08-15T11:56:56.823367+00:00,APPROVED,0,None
5e3b5f55-7245-4854-9c99-1f442e011fa5,38,588.47,Myntra,Shopping,"Hyderabad, IN",device-mobile-038,2026-08-15T11:58:35.823367+00:00,APPROVED,0,None
0eaa96f6-deaa-45dc-83d1-c60f782a9580,47,1928.2,Booking.com,Travel,"Bengaluru, IN",device-mobile-047,2026-08-15T12:06:28.823367+00:00,APPROVED,0,None
80dc711b-ee36-471b-a474-e20930781370,29,2351.85,PVR Cinemas,Entertainment,"Pune, IN",device-mobile-029,2026-08-15T12:08:33.823367+00:00,APPROVED,0,None
906daac6-bdce-462f-ace4-7a505af11680,24,1694.3,Adani Gas,Utilities,"Kolkata, IN",device-laptop-024,2026-08-15T12:19:25.823367+00:00,APPROVED,0,None
03945305-03f4-41cf-8660-da5ce6d2baec,25,964.1,Blinkit,Groceries,"Bengaluru, IN",device-mobile-025,2026-08-15T12:52:28.823367+00:00,APPROVED,0,None
26e5436b-60e5-402b-93da-c86bc79b20f4,26,3920.49,Tata Power,Utilities,"Bengaluru, IN",device-mobile-026,2026-08-15T12:57:12.823367+00:00,APPROVED,0,None
790c2f67-e546-481e-a048-20fd7ec0c74f,8,1772.4,Bescom,Utilities,"Kolkata, IN",device-mobile-008,2026-08-15T13:26:49.823367+00:00,APPROVED,0,None
b63c1855-3a49-422c-bf88-2128226cac79,43,704.61,Steam Games,Entertainment,"Pune, IN",device-mobile-043,2026-08-15T13:27:26.823367+00:00,APPROVED,0,None
a31f534c-cfb4-4313-904d-bc34f75a631d,27,1406.99,Adani Gas,Utilities,"Pune, IN",device-mobile-027,2026-08-15T13:31:35.823367+00:00,APPROVED,0,None
b073615e-066a-485c-818b-4f8d43e191bf,37,1805.68,Vijay Sales,Electronics,"Kolkata, IN",device-mobile-037,2026-08-15T13:33:05.823367+00:00,APPROVED,0,None
fcdb733a-e179-4931-9714-b8c72027c249,35,3294.85,Spotify,Entertainment,"Mumbai, IN",device-mobile-035,2026-08-15T13:50:31.823367+00:00,APPROVED,0,None
9c4d9b3c-6f1a-463c-b904-a9761b00f008,17,821.15,Rolex Boutique,Luxury & Jewelry,"Mumbai, IN",device-mobile-017,2026-08-15T13:51:35.823367+00:00,APPROVED,0,None
be62b7f8-5ef3-454a-9675-9568a16333bc,27,2010.94,Zara,Shopping,"Chennai, IN",device-mobile-027,2026-08-15T14:08:24.823367+00:00,APPROVED,0,None
233b334c-e501-4b2d-b9c8-6f49ad565932,35,1269.48,MakeMyTrip,Travel,"Mumbai, IN",device-mobile-035,2026-08-15T14:10:16.823367+00:00,APPROVED,0,None
09a176d3-5260-4b1a-83dc-5421f6a8f705,6,453.78,Croma,Electronics,"Hyderabad, IN",device-mobile-006,2026-08-15T14:24:25.823367+00:00,APPROVED,0,None
267b7149-048e-4f95-b465-47139a215aef,12,1890.7,IndiGo,Travel,"Chennai, IN",device-mobile-012,2026-08-15T14:41:29.823367+00:00,APPROVED,0,None
67dbc5da-1445-43b4-ad13-49e5332125f6,19,1454.96,Adani Gas,Utilities,"Kolkata, IN",device-mobile-019,2026-08-15T14:51:40.823367+00:00,APPROVED,0,None
1790cc9a-4486-4cda-b59a-d6a2a1442d17,44,5194.0,Reliance Digital,Electronics,"Kolkata, IN",device-mobile-044,2026-08-15T15:01:23.823367+00:00,APPROVED,0,None
1ad30f0e-035a-4f0b-8ffb-2c5b45a35426,26,4763.69,Netflix,Entertainment,"Pune, IN",device-mobile-026,2026-08-15T15:42:42.823367+00:00,APPROVED,0,None
5528e4ff-8e32-4a3f-b5d8-30a89c2542d3,31,3500.63,Amazon India,Shopping,"Delhi, IN",device-mobile-031,2026-08-15T15:49:13.823367+00:00,APPROVED,0,None
f0aa9c87-945c-4e17-b5de-f4309fd000b3,30,686.14,McDonald's,Food & Dining,"Bengaluru, IN",device-mobile-030,2026-08-15T15:50:24.823367+00:00,APPROVED,0,None
ab6f06b6-75b3-412f-9660-86200421aa90,47,2193.44,Vijay Sales,Electronics,"Bengaluru, IN",device-mobile-047,2026-08-15T15:53:04.823367+00:00,APPROVED,0,None
a1862557-409e-4649-80ae-4207bb369b39,29,1628.49,Steam Games,Entertainment,"Chennai, IN",device-laptop-029,2026-08-15T16:05:57.823367+00:00,APPROVED,0,None
f8e8d922-9ed1-4aac-b24e-97648947f695,33,669.35,Amazon India,Shopping,"Kolkata, IN",device-mobile-033,2026-08-15T16:14:24.823367+00:00,APPROVED,0,None
516ce1b7-bf39-4c16-8bb7-e5654b1807ad,44,1496.39,BigBasket,Groceries,"Kolkata, IN",device-mobile-044,2026-08-15T16:28:09.823367+00:00,APPROVED,0,None
6b85d73f-5e6f-4202-b5b3-8b8e4fc3f5aa,11,554.08,Spotify,Entertainment,"Delhi, IN",device-mobile-011,2026-08-15T16:43:32.823367+00:00,APPROVED,0,None
24b8eade-bbdc-46e3-8a1f-6db17fcb468e,9,1411.96,IRCTC,Travel,"Pune, IN",device-mobile-009,2026-08-15T16:44:19.823367+00:00,APPROVED,0,None
ebd700b9-2f71-4c53-b8af-854522d26b16,23,774.99,H&M,Shopping,"Hyderabad, IN",device-mobile-023,2026-08-15T16:44:51.823367+00:00,APPROVED,0,None
cd4e1d87-0c71-4c0d-bf0c-09cef8ed7905,10,3699.94,Booking.com,Travel,"Mumbai, IN",device-mobile-010,2026-08-15T17:25:59.823367+00:00,APPROVED,0,None
9c1c6354-4895-42d3-bcfd-c8458dbe375f,26,6716.47,BookMyShow,Entertainment,"Ahmedabad, IN",device-mobile-026,2026-08-15T17:33:34.823367+00:00,APPROVED,0,None
655d8abb-9a5d-4f2b-b11b-5f3e9c88f873,19,4768.82,H&M,Shopping,"Kolkata, IN",device-mobile-019,2026-08-15T17:42:10.823367+00:00,APPROVED,0,None
ec76ad12-1ca1-4dfc-8739-c248b242cbc9,44,3053.34,McDonald's,Food & Dining,"Kolkata, IN",device-mobile-044,2026-08-15T17:51:53.823367+00:00,APPROVED,0,None
8ee3b167-523e-4e09-a638-d1158b678502,33,625.17,Reliance Digital,Electronics,"Kolkata, IN",device-mobile-033,2026-08-15T17:54:18.823367+00:00,APPROVED,0,None
513e6e52-1bd5-46ea-8578-5333d38319c0,19,2312.35,Netflix,Entertainment,"Kolkata, IN",device-mobile-019,2026-08-15T17:55:08.823367+00:00,APPROVED,0,None
2a901ccd-392a-4553-b60b-da542bf4c220,39,3211.51,Bescom,Utilities,"Chennai, IN",device-mobile-039,2026-08-15T18:00:20.823367+00:00,APPROVED,0,None
ced3a15f-2b21-408d-af47-6b004fca7d3d,43,329.86,Zomato,Food & Dining,"Pune, IN",device-laptop-043,2026-08-15T18:00:25.823367+00:00,APPROVED,0,None
fe199b59-ba2a-4093-bab2-f92ecc4bbcf3,47,1575.33,IRCTC,Travel,"Bengaluru, IN",device-mobile-047,2026-08-15T18:02:52.823367+00:00,APPROVED,0,None
37dfbf80-8723-40a5-9752-3eb5582ce615,28,202659.13,Samsung Store,Electronics,"Chennai, IN",device-mobile-028,2026-08-15T18:04:35.823367+00:00,FLAGGED,1,HIGH_AMOUNT_SPIKE
5202c7dd-7233-42a6-a70e-68887481e4db,37,1277.89,Airtel Bill,Utilities,"Kolkata, IN",device-mobile-037,2026-08-15T18:34:23.823367+00:00,APPROVED,0,None
94fdfac0-6d00-4250-9b6d-c0c27f957052,29,39094.05,Apple Store,Electronics,"Kolkata, IN",device-emulator-root-6322,2026-08-15T18:35:11.823367+00:00,SUSPICIOUS,1,UNRECOGNIZED_DEVICE
07995485-6e9e-4989-9d30-477d303ffafd,29,1113.58,Flipkart,Shopping,"Pune, IN",device-mobile-029,2026-08-15T18:48:24.823367+00:00,APPROVED,0,None
b5a84eb4-8026-4a06-bbf3-bb6ef11de658,17,2074.3,H&M,Shopping,"Mumbai, IN",device-laptop-017,2026-08-15T19:31:02.823367+00:00,APPROVED,0,None
8d3e8143-aa13-4544-abbc-29b5ab7b2733,1,1746.16,Ajio,Shopping,"Bengaluru, IN",device-mobile-001,2026-08-15T19:44:59.823367+00:00,APPROVED,0,None
13ebbf17-3cbe-4555-8ffb-e844c072da49,44,5025.21,Zara,Shopping,"Kolkata, IN",device-mobile-044,2026-08-15T19:59:18.823367+00:00,APPROVED,0,None
8f951b60-abfb-409a-9a45-0494f946e44c,28,2778.63,MakeMyTrip,Travel,"Chennai, IN",device-mobile-028,2026-08-15T20:07:15.823367+00:00,APPROVED,0,None
2ee1ac19-f422-495e-be01-7e38d9d92538,20,1827.22,Zara,Shopping,"Pune, IN",device-mobile-020,2026-08-15T20:10:06.823367+00:00,APPROVED,0,None
9ae614a4-1b44-4ab3-a7c3-e4be09c3390b,37,2732.21,Flipkart,Shopping,"Kolkata, IN",device-mobile-037,2026-08-15T20:17:34.823367+00:00,APPROVED,0,None
dc290e80-ba09-43ea-b498-97bf3bf1f8b8,13,3446.01,Amazon India,Shopping,"Hyderabad, IN",device-mobile-013,2026-08-15T20:37:38.823367+00:00,APPROVED,0,None
909f9dde-9e2b-49b5-b5d9-f0bf98f19001,24,1777.26,Zomato,Food & Dining,"Bengaluru, IN",device-mobile-024,2026-08-15T20:38:20.823367+00:00,APPROVED,0,None
fa445d90-67e2-4d17-8e9c-0093f9f22877,32,1992.37,Bescom,Utilities,"Hyderabad, IN",device-mobile-032,2026-08-15T21:01:43.823367+00:00,APPROVED,0,None
18777153-dc1f-47d9-a1f8-3ef7c5fe4ba8,50,1072.0,Dominos,Food & Dining,"Kolkata, IN",device-mobile-050,2026-08-15T21:02:20.823367+00:00,APPROVED,0,None
16eee820-6fed-4c57-b8cc-623fdcbf9683,5,640.69,Ajio,Shopping,"Mumbai, IN",device-mobile-005,2026-08-15T21:06:34.823367+00:00,APPROVED,0,None
a23c10f7-7d4c-4beb-9591-af3d3f1d6ee0,2,2176.79,Jio Recharge,Utilities,"Pune, IN",device-mobile-002,2026-08-15T21:17:06.823367+00:00,APPROVED,0,None
fb4bce9b-ed6a-462b-8e26-8037cd42580c,37,823.48,BigBasket,Groceries,"Kolkata, IN",device-mobile-037,2026-08-15T21:24:05.823367+00:00,APPROVED,0,None
8aa2f97f-785b-4a5f-adc5-1879e503d953,6,552.17,BigBasket,Groceries,"Kolkata, IN",device-mobile-006,2026-08-15T21:31:01.823367+00:00,APPROVED,0,None
5f0afbf6-3159-47df-962a-d55c8c78bcfe,43,720.77,Flipkart,Shopping,"Pune, IN",device-laptop-043,2026-08-15T21:39:42.823367+00:00,APPROVED,0,None
76c6ccb0-2831-4ca5-9b6b-af983c1a2a97,15,201338.69,Rolex Boutique,Luxury & Jewelry,"Kolkata, IN",device-mobile-015,2026-08-15T21:40:33.823367+00:00,FLAGGED,1,HIGH_AMOUNT_SPIKE
7e71ffa2-4de4-4d89-849e-eccaf138b5e8,27,43933.29,Apple Store,Electronics,"Hyderabad, IN",device-emulator-root-7840,2026-08-15T21:57:34.823367+00:00,SUSPICIOUS,1,UNRECOGNIZED_DEVICE
66ee25de-26ef-4a04-91d4-e13df4d7a3a5,10,5527.38,Ajio,Shopping,"Mumbai, IN",device-mobile-010,2026-08-15T22:10:56.823367+00:00,APPROVED,0,None
d50c9394-56c9-47ca-9568-5f8be4c2d1c5,43,510.2,Bescom,Utilities,"Pune, IN",device-mobile-043,2026-08-15T22:22:15.823367+00:00,APPROVED,0,None
d13b2a84-7dcd-4b91-beb7-a321d4ffb83c,40,2298.74,Spotify,Entertainment,"Ahmedabad, IN",device-mobile-040,2026-08-15T22:28:15.823367+00:00,APPROVED,0,None
cc0c8725-71a8-4682-b188-372fd9f7825c,8,1045.6,Tata Power,Utilities,"Kolkata, IN",device-mobile-008,2026-08-15T22:29:17.823367+00:00,APPROVED,0,None
d6890009-6423-47dc-a9e4-50655ad6b818,26,3075.88,Bescom,Utilities,"Hyderabad, IN",device-mobile-026,2026-08-15T22:29:27.823367+00:00,APPROVED,0,None
98efcd26-6b3c-4e73-b160-669414a9bb2e,40,1339.62,Bescom,Utilities,"Ahmedabad, IN",device-mobile-040,2026-08-15T22:35:23.823367+00:00,APPROVED,0,None
29dde296-93ae-45ee-b739-4cc621e32de2,50,901.55,H&M,Shopping,"Kolkata, IN",device-laptop-050,2026-08-15T22:44:12.823367+00:00,APPROVED,0,None
d1344b2a-4d66-4294-b6ce-8cf620783c53,44,4569.72,Ajio,Shopping,"Kolkata, IN",device-mobile-044,2026-08-15T22:47:38.823367+00:00,APPROVED,0,None
5889b537-ea68-4cf9-8324-199e0b676706,23,71191.9,Apple Store,Electronics,"Delhi, IN",device-emulator-root-2766,2026-08-15T22:49:11.823367+00:00,SUSPICIOUS,1,UNRECOGNIZED_DEVICE
474bc469-268b-4361-a2da-9b49cbeab428,37,2277.03,Jio Recharge,Utilities,"Kolkata, IN",device-mobile-037,2026-08-15T22:50:15.823367+00:00,APPROVED,0,None
3eff344f-42ba-4935-add8-010aec1bdafd,31,1482.15,MakeMyTrip,Travel,"Delhi, IN",device-mobile-031,2026-08-15T23:03:18.823367+00:00,APPROVED,0,None
e4bb8ca4-02c1-4f7a-a4a1-8aa10868171d,42,3098.78,Airtel Bill,Utilities,"Delhi, IN",device-mobile-042,2026-08-15T23:04:12.823367+00:00,APPROVED,0,None
f3f852ba-0898-4979-a965-c227f0685762,7,365.57,Instamart,Groceries,"Mumbai, IN",device-mobile-007,2026-08-15T23:15:02.823367+00:00,APPROVED,0,None
74ffffc4-a368-477f-8c92-3962e29a4533,36,4965.03,Uber,Travel,"Mumbai, IN",device-mobile-036,2026-08-15T23:39:39.823367+00:00,APPROVED,0,None
c674cd16-d36e-4683-9afe-7ea7a5a19df7,21,1223.77,McDonald's,Food & Dining,"Chennai, IN",device-mobile-021,2026-08-15T23:55:50.823367+00:00,APPROVED,0,None
61776367-fb64-4d52-bf78-b9349d8944ee,29,1146.85,Adani Gas,Utilities,"Pune, IN",device-mobile-029,2026-08-15T23:56:32.823367+00:00,APPROVED,0,None
8e9f0018-7254-4b56-b36d-47ca54816d2d,29,1696.1,Vijay Sales,Electronics,"Pune, IN",device-mobile-029,2026-08-16T00:01:41.823367+00:00,APPROVED,0,None
e5efbc4a-cfc3-45f4-ba03-b123893e510c,4,2892.76,Spotify,Entertainment,"Bengaluru, IN",device-mobile-004,2026-08-16T00:01:43.823367+00:00,APPROVED,0,None
5f8b86e8-443f-4087-a5dd-19151888f7ba,10,3634.53,Booking.com,Travel,"Chennai, IN",device-mobile-010,2026-08-16T00:02:10.823367+00:00,APPROVED,0,None
61495a9b-d7a7-4ff7-b4c0-b504a82d82f2,43,277.67,Starbucks,Food & Dining,"Pune, IN",device-mobile-043,2026-08-16T00:03:56.823367+00:00,APPROVED,0,None
9a3573c1-9c5f-45d9-8073-93ca90df9c4b,23,365.68,Netflix,Entertainment,"Hyderabad, IN",device-laptop-023,2026-08-16T00:08:24.823367+00:00,APPROVED,0,None
0b5fe991-82a4-483c-91a9-8fa9d47b2675,50,484.25,Jio Recharge,Utilities,"Kolkata, IN",device-mobile-050,2026-08-16T00:18:15.823367+00:00,APPROVED,0,None
cd40ca8b-ea1f-4e6b-89bd-9dfde93949f5,19,1122.18,Reliance Digital,Electronics,"Kolkata, IN",device-mobile-019,2026-08-16T00:20:21.823367+00:00,APPROVED,0,None
cccb1e19-84f2-4edf-983e-902c39ed86bf,15,4270.79,Netflix,Entertainment,"Kolkata, IN",device-mobile-015,2026-08-16T00:31:00.823367+00:00,APPROVED,0,None
6f74407b-4eb2-47e5-a2bd-fa322d44cbab,14,2280.53,Instamart,Groceries,"Chennai, IN",device-mobile-014,2026-08-16T00:32:00.823367+00:00,APPROVED,0,None
e78be9dc-84e8-4229-8947-05e7d8ac4f07,23,854.3,Croma,Electronics,"Pune, IN",device-mobile-023,2026-08-16T00:33:57.823367+00:00,APPROVED,0,None
c58050be-1ca3-49f1-892a-ca6f676643ec,48,2250.64,PVR Cinemas,Entertainment,"Bengaluru, IN",device-mobile-048,2026-08-16T00:36:17.823367+00:00,APPROVED,0,None
ea23e52e-308c-4f68-9bba-70c262d1af6c,26,1218.92,Tata Power,Utilities,"Ahmedabad, IN",device-mobile-026,2026-08-16T00:43:36.823367+00:00,APPROVED,0,None
2f98358f-23ae-4ca4-a692-8881f1a67fb6,26,3747.15,Samsung Store,Electronics,"Ahmedabad, IN",device-mobile-026,2026-08-16T00:52:38.823367+00:00,APPROVED,0,None
fe7acdb2-8d97-4726-ae61-1a34a295669d,22,1119.49,Jio Recharge,Utilities,"Bengaluru, IN",device-mobile-022,2026-08-16T01:13:33.823367+00:00,APPROVED,0,None
78fb3ad9-c69b-4ae5-bdaa-d35589d6573a,48,5318.55,Steam Games,Entertainment,"Bengaluru, IN",device-mobile-048,2026-08-16T01:13:45.823367+00:00,APPROVED,0,None
8bf47080-a51a-47d7-a16f-c9d7e6d09368,2,18441.19,Amazon India,Shopping,"Pune, IN",device-mobile-002,2026-08-16T01:34:11.823367+00:00,SUSPICIOUS,1,RAPID_BURST
7598a0a1-20a3-41d8-9114-9db4455e41f9,26,2255.32,Croma,Electronics,"Ahmedabad, IN",device-laptop-026,2026-08-16T01:37:59.823367+00:00,APPROVED,0,None
624a1c8f-8122-41a8-9268-9e88b6cff425,41,539.19,Croma,Electronics,"Ahmedabad, IN",device-mobile-041,2026-08-16T01:39:31.823367+00:00,APPROVED,0,None
f95482ca-993d-4648-9d05-79282909b584,46,3391.12,Zepto,Groceries,"Delhi, IN",device-laptop-046,2026-08-16T01:40:06.823367+00:00,APPROVED,0,None
0c50c5c5-28c9-4f86-b44f-b7e3937e41f4,31,2263.71,Myntra,Shopping,"Delhi, IN",device-mobile-031,2026-08-16T01:46:47.823367+00:00,APPROVED,0,None
bfbb8b8d-3ef3-4f85-8880-63d03deb44eb,37,1345.63,Airtel Bill,Utilities,"Kolkata, IN",device-mobile-037,2026-08-16T01:57:52.823367+00:00,APPROVED,0,None
c597dd16-2188-4fed-b2e1-0120783ef914,16,1406.57,Starbucks,Food & Dining,"Chennai, IN",device-mobile-016,2026-08-16T02:07:45.823367+00:00,APPROVED,0,None
1f954f3b-816e-4513-ac8b-84c7d4bbc80b,11,747.89,Blinkit,Groceries,"Delhi, IN",device-mobile-011,2026-08-16T02:19:35.823367+00:00,APPROVED,0,None
74d41af8-a0c9-4b38-8045-943653046f77,44,3379.51,Vijay Sales,Electronics,"Mumbai, IN",device-mobile-044,2026-08-16T02:21:40.823367+00:00,APPROVED,0,None
0d147fa8-6292-4994-bb66-73739f8b3127,14,925.89,Croma,Electronics,"Chennai, IN",device-mobile-014,2026-08-16T02:31:39.823367+00:00,APPROVED,0,None
db899006-026e-4da6-bb43-2bfbc646635b,17,2994.27,MakeMyTrip,Travel,"Chennai, IN",device-mobile-017,2026-08-16T02:33:15.823367+00:00,APPROVED,0,None
f131e509-dbee-4ddf-ae4f-eafc230d28ca,13,2029.16,Nature's Basket,Groceries,"Hyderabad, IN",device-mobile-013,2026-08-16T02:43:02.823367+00:00,APPROVED,0,None
dd143921-a786-4872-ba53-42b51ee25253,19,4815.02,MakeMyTrip,Travel,"Kolkata, IN",device-mobile-019,2026-08-16T03:06:33.823367+00:00,APPROVED,0,None
66a1d366-bdac-432f-bc3f-ade08614227e,27,3420.43,Flipkart,Shopping,"Chennai, IN",device-mobile-027,2026-08-16T03:12:35.823367+00:00,APPROVED,0,None
175e7276-d191-4b02-8fe6-91c5648d7d94,36,3902.58,Tata Power,Utilities,"Mumbai, IN",device-mobile-036,2026-08-16T03:15:12.823367+00:00,APPROVED,0,None
276ee73b-b7ee-44f9-8b2e-6c18f2cd935b,16,920.04,Instamart,Groceries,"Chennai, IN",device-mobile-016,2026-08-16T03:25:20.823367+00:00,APPROVED,0,None
dd40a4e8-b0b3-476a-8269-83725fa6057d,49,3032.37,Vijay Sales,Electronics,"Delhi, IN",device-mobile-049,2026-08-16T03:28:30.823367+00:00,APPROVED,0,None
39ca7486-f1fb-4e21-9a18-df34d277eb53,7,614.48,Ajio,Shopping,"Mumbai, IN",device-laptop-007,2026-08-16T03:29:05.823367+00:00,APPROVED,0,None
aaa75fde-47e6-48a3-89d8-e7af400dc520,9,2727.38,Spotify,Entertainment,"Pune, IN",device-laptop-009,2026-08-16T03:40:22.823367+00:00,APPROVED,0,None
c23e3fcc-c795-4b96-8b80-d64104b7fc9a,40,18246.59,MakeMyTrip,Travel,"Lagos, NG",device-mobile-040,2026-08-16T03:51:23.823367+00:00,SUSPICIOUS,1,LOCATION_HOPPING
ebb07aad-6adc-4809-bdf9-7f98b0949ce4,34,6814.42,Amazon India,Shopping,"Hyderabad, IN",device-mobile-034,2026-08-16T03:53:10.823367+00:00,SUSPICIOUS,1,RAPID_BURST
ac50df56-ef66-496b-a52c-710d325166f7,32,1792.57,Steam Games,Entertainment,"Hyderabad, IN",device-mobile-032,2026-08-16T04:05:45.823367+00:00,APPROVED,0,None
dbb6dd9d-cdd0-4e93-8e9d-bb5feca29ff9,3,3124.9,Zepto,Groceries,"Delhi, IN",device-mobile-003,2026-08-16T04:15:05.823367+00:00,APPROVED,0,None
ef667561-8031-4daf-8c3d-05c095432fcd,25,1781.28,Amazon India,Shopping,"Bengaluru, IN",device-mobile-025,2026-08-16T04:17:51.823367+00:00,APPROVED,0,None
f24f4746-e05e-458d-96fe-9e5b62d3aae0,31,1727.24,Vijay Sales,Electronics,"Delhi, IN",device-mobile-031,2026-08-16T04:21:01.823367+00:00,APPROVED,0,None
47bac411-45c5-4d24-a95b-c336e161b553,1,896.88,Zepto,Groceries,"Bengaluru, IN",device-mobile-001,2026-08-16T04:23:39.823367+00:00,APPROVED,0,None
c77b02b4-ad4e-4b15-8727-0a7072ceb6c4,27,1090.64,Zomato,Food & Dining,"Chennai, IN",device-mobile-027,2026-08-16T04:41:57.823367+00:00,APPROVED,0,None
9806ba8e-d951-499a-84a8-89c0819be647,37,711.83,Ajio,Shopping,"Kolkata, IN",device-mobile-037,2026-08-16T04:53:00.823367+00:00,APPROVED,0,None
7a695f8f-5bd8-4887-a376-8001b52dc45a,33,1732.19,Dominos,Food & Dining,"Kolkata, IN",device-mobile-033,2026-08-16T04:54:29.823367+00:00,APPROVED,0,None
c268eb9c-6f54-4629-bb17-0444dbab2117,4,3921.46,BigBasket,Groceries,"Bengaluru, IN",device-mobile-004,2026-08-16T04:56:42.823367+00:00,APPROVED,0,None
1acb2d60-3eca-4a9a-ba17-8a108b0259b0,31,1931.05,Amazon India,Shopping,"Delhi, IN",device-mobile-031,2026-08-16T05:00:19.823367+00:00,APPROVED,0,None
4f26324f-27dd-4455-9261-c008e1143fd0,43,1279.09,Ajio,Shopping,"Pune, IN",device-laptop-043,2026-08-16T05:35:59.823367+00:00,APPROVED,0,None
94c6e440-556c-4864-9fa8-5a4521389ebb,27,739.46,PVR Cinemas,Entertainment,"Chennai, IN",device-mobile-027,2026-08-16T05:36:31.823367+00:00,APPROVED,0,None
2d1bca48-94b4-4b28-8197-e4d4cd4b131f,34,5759.52,Myntra,Shopping,"Hyderabad, IN",device-mobile-034,2026-08-16T05:38:54.823367+00:00,APPROVED,0,None
7b64882a-e684-442b-a4c1-ecb428c5953d,20,1916.75,BookMyShow,Entertainment,"Pune, IN",device-mobile-020,2026-08-16T05:45:53.823367+00:00,APPROVED,0,None
0621c138-816d-4270-8922-46051f6a922d,28,3793.09,BookMyShow,Entertainment,"Chennai, IN",device-mobile-028,2026-08-16T05:57:27.823367+00:00,APPROVED,0,None
3da75ee9-8fcd-47b0-bcb5-47679d6560c5,17,84345.72,Apple Store,Electronics,"Delhi, IN",device-emulator-root-2423,2026-08-16T06:03:16.823367+00:00,SUSPICIOUS,1,UNRECOGNIZED_DEVICE
1ca6c4ee-fe11-4f32-8c96-2700a4c02a1d,32,1728.54,Myntra,Shopping,"Hyderabad, IN",device-mobile-032,2026-08-16T06:11:15.823367+00:00,APPROVED,0,None
4f9a5019-4c48-4b2f-8762-9184f3cc35a1,4,1525.1,Steam Games,Entertainment,"Ahmedabad, IN",device-mobile-004,2026-08-16T06:17:25.823367+00:00,APPROVED,0,None
54deef71-213f-46c3-ae91-85a41f73062d,44,7286.69,Reliance Digital,Electronics,"Kolkata, IN",device-mobile-044,2026-08-16T06:28:47.823367+00:00,APPROVED,0,None
8e4dfc74-a76a-44ae-abf0-ad786183ce0a,43,523.28,Amazon India,Shopping,"Pune, IN",device-mobile-043,2026-08-16T06:47:00.823367+00:00,APPROVED,0,None
33874e22-48cc-4074-9b2d-4ac38e7ff6f7,10,1272.24,Reliance Digital,Electronics,"Mumbai, IN",device-mobile-010,2026-08-16T06:58:21.823367+00:00,APPROVED,0,None
599f36f1-af8b-4b1a-bbd7-e8b983e15e25,45,979.09,Airtel Bill,Utilities,"Kolkata, IN",device-mobile-045,2026-08-16T07:02:22.823367+00:00,APPROVED,0,None
5c7ff8ca-f3ae-4af3-89ef-28b8db3e868c,22,1876.48,IndiGo,Travel,"Bengaluru, IN",device-mobile-022,2026-08-16T07:05:41.823367+00:00,APPROVED,0,None
5064c7f1-1ef3-4448-8855-2a0c917455d3,45,1247.69,IndiGo,Travel,"Kolkata, IN",device-mobile-045,2026-08-16T07:23:52.823367+00:00,APPROVED,0,None
5319edd7-f959-4118-8f6d-2bb907eafab7,29,1863.31,Vijay Sales,Electronics,"Pune, IN",device-mobile-029,2026-08-16T07:28:04.823367+00:00,APPROVED,0,None
f7beb6a2-eca6-4840-a36f-5f9b596b4dd1,37,666.8,Flipkart,Shopping,"Kolkata, IN",device-mobile-037,2026-08-16T07:29:33.823367+00:00,APPROVED,0,None
fc1dbf71-47c9-4622-95be-1bc669b3e0cd,38,1386.12,Croma,Electronics,"Hyderabad, IN",device-mobile-038,2026-08-16T07:35:02.823367+00:00,APPROVED,0,None
1775b9ba-126c-435c-a41f-5b13036a1c25,29,2023.22,Zepto,Groceries,"Pune, IN",device-mobile-029,2026-08-16T07:40:17.823367+00:00,APPROVED,0,None
ad506ec8-d88f-45ef-a90e-cb978cd703d1,16,509.0,BigBasket,Groceries,"Mumbai, IN",device-mobile-016,2026-08-16T07:54:51.823367+00:00,APPROVED,0,None
d3cf1539-3e2a-425e-8c10-8eabe7359245,18,4224.05,Samsung Store,Electronics,"Chennai, IN",device-mobile-018,2026-08-16T08:00:39.823367+00:00,APPROVED,0,None
294b9c73-9ea7-44da-9da0-916c8d575870,9,1807.02,Amazon India,Shopping,"Pune, IN",device-mobile-009,2026-08-16T08:03:45.823367+00:00,APPROVED,0,None
17decc8f-d728-48f5-8b39-fac59db58611,7,432.65,McDonald's,Food & Dining,"Mumbai, IN",device-mobile-007,2026-08-16T08:43:32.823367+00:00,APPROVED,0,None
d1820be1-9385-48a3-ab81-0f308a4d48ed,47,826.52,Zara,Shopping,"Bengaluru, IN",device-mobile-047,2026-08-16T09:00:11.823367+00:00,APPROVED,0,None
80465e61-bbbb-44cb-b4dd-7e7b36535c8c,49,2374.32,Amazon India,Shopping,"Delhi, IN",device-mobile-049,2026-08-16T09:14:23.823367+00:00,APPROVED,0,None
c8d192b8-2233-40bc-80f6-25bff4ad5670,6,2066.09,Barbeque Nation,Food & Dining,"Hyderabad, IN",device-mobile-006,2026-08-16T09:18:27.823367+00:00,APPROVED,0,None
87019cc7-c650-4906-aef6-de42dbfef6d7,40,1962.65,Reliance Digital,Electronics,"Ahmedabad, IN",device-mobile-040,2026-08-16T09:19:35.823367+00:00,APPROVED,0,None
3735d75a-6721-43cf-a9b7-680f7e05c293,35,4275.91,McDonald's,Food & Dining,"Chennai, IN",device-mobile-035,2026-08-16T09:33:50.823367+00:00,APPROVED,0,None
40b48467-0175-41ab-b538-eed1340d20ac,10,2025.74,Steam Games,Entertainment,"Pune, IN",device-laptop-010,2026-08-16T09:36:44.823367+00:00,APPROVED,0,None
5dc723d5-d25c-4dd0-9028-c76f09a33700,10,315562.7,CaratLane,Luxury & Jewelry,"Mumbai, IN",device-mobile-010,2026-08-16T09:37:59.823367+00:00,FLAGGED,1,HIGH_AMOUNT_SPIKE
41954104-cdd7-4724-a9ed-310b44df74c2,9,3613.08,Ola,Travel,"Pune, IN",device-mobile-009,2026-08-16T09:39:08.823367+00:00,APPROVED,0,None
281826b1-9ea5-4cdd-b969-8dd1356631da,3,3413.59,Dominos,Food & Dining,"Delhi, IN",device-laptop-003,2026-08-16T09:40:33.823367+00:00,APPROVED,0,None
376991fa-1a91-4910-9ea7-3ef82d8482e9,8,3643.54,Reliance Digital,Electronics,"Kolkata, IN",device-mobile-008,2026-08-16T09:58:35.823367+00:00,APPROVED,0,None
0ae489b9-71ea-412d-a894-e56f853995eb,26,4846.05,Barbeque Nation,Food & Dining,"Ahmedabad, IN",device-laptop-026,2026-08-16T10:01:53.823367+00:00,APPROVED,0,None
781c069c-ba62-4976-bc6c-5815521b5d55,6,562.39,Adani Gas,Utilities,"Hyderabad, IN",device-mobile-006,2026-08-16T10:07:06.823367+00:00,APPROVED,0,None
0682172c-9093-4956-8250-df93e48c51f1,19,1772.28,Jio Recharge,Utilities,"Kolkata, IN",device-mobile-019,2026-08-16T10:25:53.823367+00:00,APPROVED,0,None
f954907c-d48d-4862-8c81-f989314d0721,14,1602.46,Flipkart,Shopping,"Chennai, IN",device-mobile-014,2026-08-16T10:34:56.823367+00:00,APPROVED,0,None
35514d65-836c-4781-a451-5cbf4bec9f62,42,3069.56,Jio Recharge,Utilities,"Delhi, IN",device-mobile-042,2026-08-16T10:40:59.823367+00:00,APPROVED,0,None
701bd53c-9efc-446c-bd8d-e57125f74e8e,6,245.05,Netflix,Entertainment,"Mumbai, IN",device-mobile-006,2026-08-16T10:42:18.823367+00:00,APPROVED,0,None
dc9f5270-f527-4000-a98c-2a900839c57a,7,750.1,Nature's Basket,Groceries,"Mumbai, IN",device-mobile-007,2026-08-16T11:01:10.823367+00:00,APPROVED,0,None
f3f96048-4a31-453b-809e-9640d5e7dfda,13,3433.26,Myntra,Shopping,"Hyderabad, IN",device-mobile-013,2026-08-16T11:23:12.823367+00:00,APPROVED,0,None
9348717a-9ec9-458e-a8aa-dc984115d70c,30,558.15,Amazon India,Shopping,"Bengaluru, IN",device-mobile-030,2026-08-16T11:24:40.823367+00:00,APPROVED,0,None
d30873d7-89eb-432a-b56f-dc8df02ae3ac,32,596.44,IRCTC,Travel,"Hyderabad, IN",device-mobile-032,2026-08-16T11:26:35.823367+00:00,APPROVED,0,None
aa2a14cd-35e5-40a2-add0-c510d1a6750f,27,979.93,Ajio,Shopping,"Chennai, IN",device-mobile-027,2026-08-16T11:40:22.823367+00:00,APPROVED,0,None
3f1826d5-8975-4b0b-9b73-42e685b1fecf,50,855.71,Zomato,Food & Dining,"Kolkata, IN",device-mobile-050,2026-08-16T11:52:07.823367+00:00,APPROVED,0,None
277ab483-3cf1-47c0-a061-2c8144acb03f,9,2375.49,Flipkart,Shopping,"Pune, IN",device-mobile-009,2026-08-16T11:56:03.823367+00:00,APPROVED,0,None
c1ff5c00-d2c4-46e8-b209-a0a8a8fab3bc,25,311748.47,Croma,Electronics,"Bengaluru, IN",device-mobile-025,2026-08-16T11:58:30.823367+00:00,FLAGGED,1,HIGH_AMOUNT_SPIKE
c63729f9-c4ad-49cb-8eed-29c17d33edeb,19,506.29,Zara,Shopping,"Kolkata, IN",device-mobile-019,2026-08-16T12:00:00.823367+00:00,APPROVED,0,None
7b4364ff-103f-485f-a549-57dab6280426,14,599.41,Myntra,Shopping,"Chennai, IN",device-mobile-014,2026-08-16T12:28:33.823367+00:00,APPROVED,0,None
331ee13c-d1e0-4bcc-af6b-529b935dfd5c,3,2420.46,Ajio,Shopping,"Delhi, IN",device-mobile-003,2026-08-16T12:34:27.823367+00:00,APPROVED,0,None
6c27bc3c-8664-4b90-b582-0f504e318d23,27,822.34,Reliance Digital,Electronics,"Chennai, IN",device-mobile-027,2026-08-16T12:39:07.823367+00:00,APPROVED,0,None
1773dea6-f306-436a-a21e-1e51deecf6cd,15,765.77,Zepto,Groceries,"Kolkata, IN",device-mobile-015,2026-08-16T12:39:48.823367+00:00,APPROVED,0,None
5e5b541b-8855-4224-920e-36f95c5db046,38,458.13,Myntra,Shopping,"Hyderabad, IN",device-mobile-038,2026-08-16T12:48:16.823367+00:00,APPROVED,0,None
8807f58d-a94e-4a0b-b83a-b85ee4c185b6,48,1855.49,MakeMyTrip,Travel,"Bengaluru, IN",device-mobile-048,2026-08-16T12:50:48.823367+00:00,APPROVED,0,None
6381e372-0d6b-4d8d-96e8-d3072c9b872b,47,2183.64,Jio Recharge,Utilities,"Bengaluru, IN",device-mobile-047,2026-08-16T13:11:13.823367+00:00,APPROVED,0,None
92518050-8578-4978-b444-983a82348a2d,44,1310.33,McDonald's,Food & Dining,"Kolkata, IN",device-mobile-044,2026-08-16T13:21:25.823367+00:00,APPROVED,0,None
91989e3d-0b9e-4e14-853d-56f2969b74a2,18,1295.76,Amazon India,Shopping,"Bengaluru, IN",device-mobile-018,2026-08-16T13:24:28.823367+00:00,APPROVED,0,None
44996708-e68e-4e23-84c0-7bf6367d9d9d,27,1110.51,Vijay Sales,Electronics,"Chennai, IN",device-mobile-027,2026-08-16T13:26:50.823367+00:00,APPROVED,0,None
1d70d66c-3580-4e08-9c7a-297a48a9feeb,30,803.03,Swiggy,Food & Dining,"Bengaluru, IN",device-mobile-030,2026-08-16T13:30:38.823367+00:00,APPROVED,0,None
bc81b574-7757-4da5-ad6e-9e97f0ea7974,32,1693.5,Swiggy,Food & Dining,"Hyderabad, IN",device-mobile-032,2026-08-16T13:57:34.823367+00:00,APPROVED,0,None
3f2c59e3-b667-44a9-a7ea-d23fac939bce,32,475.0,Adani Gas,Utilities,"Hyderabad, IN",device-mobile-032,2026-08-16T14:01:10.823367+00:00,APPROVED,0,None
83977af8-0fba-437a-9c28-e7fa8c82eee9,2,2648.36,Swiggy,Food & Dining,"Pune, IN",device-mobile-002,2026-08-16T14:02:42.823367+00:00,APPROVED,0,None
5a0a29e8-03a4-462f-ae6a-c068e0f5b313,10,1043.82,Zara,Shopping,"Mumbai, IN",device-mobile-010,2026-08-16T14:11:13.823367+00:00,APPROVED,0,None
d919d9c0-6246-431b-b888-88646f4c3363,25,2286.65,Flipkart,Shopping,"Kolkata, IN",device-mobile-025,2026-08-16T14:18:14.823367+00:00,APPROVED,0,None
4cc1d3f7-9217-4cd8-a473-31fb12d7d898,6,1187.19,Amazon India,Shopping,"Mumbai, IN",device-mobile-006,2026-08-16T14:24:50.823367+00:00,APPROVED,0,None
d7d8b5d8-b823-4b74-81d6-4f7050c152f8,14,946.39,Ajio,Shopping,"Chennai, IN",device-mobile-014,2026-08-16T14:35:19.823367+00:00,APPROVED,0,None
2b4246fa-5039-4280-afe8-34dfa6d7150b,37,1426.92,Instamart,Groceries,"Kolkata, IN",device-mobile-037,2026-08-16T14:43:07.823367+00:00,APPROVED,0,None
995879b1-82cd-469a-bad0-6fe6c8345cb3,38,756.84,Bescom,Utilities,"Hyderabad, IN",device-mobile-038,2026-08-16T14:45:51.823367+00:00,APPROVED,0,None
b0a6747f-71f1-4f82-8bbe-e822cb68d5de,13,7651.95,Steam Games,Shopping,"Dubai, AE",device-botnet-75,2026-08-16T14:51:43.823367+00:00,FLAGGED,1,FAILED_ATTEMPT_STUFFING
8ef9cc2c-21d4-4e85-903e-51b1b9803a72,40,202964.99,Vijay Sales,Electronics,"Ahmedabad, IN",device-mobile-040,2026-08-16T14:57:24.823367+00:00,FLAGGED,1,HIGH_AMOUNT_SPIKE
84d953fe-398d-4798-9cb7-b5c67c5e386f,32,624.17,Netflix,Entertainment,"Hyderabad, IN",device-mobile-032,2026-08-16T15:06:13.823367+00:00,APPROVED,0,None
21629f5b-0c2a-4fa4-b2ea-b74a06832ceb,11,484.9,H&M,Shopping,"Delhi, IN",device-mobile-011,2026-08-16T15:09:32.823367+00:00,APPROVED,0,None
54e104d7-808c-46a4-bbaf-912e95952c2b,40,1763.0,McDonald's,Food & Dining,"Ahmedabad, IN",device-mobile-040,2026-08-16T15:09:50.823367+00:00,APPROVED,0,None
3712b36e-ef5d-4124-9675-b08b811562d1,37,543.62,Uber,Travel,"Kolkata, IN",device-mobile-037,2026-08-16T15:29:17.823367+00:00,APPROVED,0,None
0d48a09a-a29b-46a2-8b84-d5a66b1f48bf,42,1313.98,Apple Store,Electronics,"Delhi, IN",device-mobile-042,2026-08-16T15:32:30.823367+00:00,APPROVED,0,None
9d44dc3c-67ef-4d31-9a2c-f68b54078d85,20,3390.91,Amazon India,Shopping,"Pune, IN",device-laptop-020,2026-08-16T15:48:16.823367+00:00,APPROVED,0,None
32e3000e-aaba-4b96-8d55-ea5ef6c2e487,14,518.56,Booking.com,Travel,"Chennai, IN",device-mobile-014,2026-08-16T15:54:33.823367+00:00,APPROVED,0,None
5ea35e42-69e3-4dc2-9b8a-2e72d880d5e6,35,1238.15,Myntra,Shopping,"Mumbai, IN",device-mobile-035,2026-08-16T15:58:21.823367+00:00,APPROVED,0,None
a0e27e26-d81f-45d3-9ff2-7db16e175678,37,1398.82,Myntra,Shopping,"Kolkata, IN",device-mobile-037,2026-08-16T16:21:34.823367+00:00,APPROVED,0,None
2722e20d-78c7-4153-bb0d-903cbb4e6ad4,26,12703.61,Adani Gas,Utilities,"Ahmedabad, IN",device-mobile-026,2026-08-16T16:21:56.823367+00:00,APPROVED,0,None
8044c06b-9b49-4552-9985-e3dc1013a510,29,977.0,Swiggy,Food & Dining,"Pune, IN",device-mobile-029,2026-08-16T16:50:21.823367+00:00,APPROVED,0,None
83ad6ae0-da60-406a-8e75-1ed5e0c9da3b,41,912.09,Airtel Bill,Utilities,"Ahmedabad, IN",device-mobile-041,2026-08-16T16:52:26.823367+00:00,APPROVED,0,None
6e7a9cb7-6f80-4489-952c-49f5aac5579f,40,4600.36,Samsung Store,Electronics,"Ahmedabad, IN",device-mobile-040,2026-08-16T16:58:56.823367+00:00,APPROVED,0,None
71460274-ba19-4247-8b1f-5c111e4fd117,22,532.0,IndiGo,Travel,"Bengaluru, IN",device-mobile-022,2026-08-16T17:01:08.823367+00:00,APPROVED,0,None
0c9d2238-26f3-4f13-92a3-9ca4d044583e,43,1450.39,Vijay Sales,Electronics,"Pune, IN",device-mobile-043,2026-08-16T17:03:35.823367+00:00,APPROVED,0,None
1b746a77-a93d-4a9b-95f2-ddabe30437dd,46,1220.58,Ajio,Shopping,"Delhi, IN",device-laptop-046,2026-08-16T17:12:38.823367+00:00,APPROVED,0,None
c8dc4126-fef3-492b-a5f6-45dc94202a53,45,1795.03,Adani Gas,Utilities,"Kolkata, IN",device-mobile-045,2026-08-16T17:22:52.823367+00:00,APPROVED,0,None
4aade632-bbd2-4b59-82f2-3e4202683f1f,44,3717.83,Nature's Basket,Groceries,"Kolkata, IN",device-mobile-044,2026-08-16T17:25:26.823367+00:00,APPROVED,0,None
a13cf681-045d-4f3d-b3ca-e853f377d33d,16,1856.95,Ola,Travel,"Bengaluru, IN",device-mobile-016,2026-08-16T17:42:24.823367+00:00,APPROVED,0,None
04421140-cbb7-42cd-922d-ba8f3724a6c3,21,3256.7,Croma,Electronics,"Chennai, IN",device-laptop-021,2026-08-16T18:03:15.823367+00:00,APPROVED,0,None
efec4462-c246-4225-a7d2-1c5c9d2f2379,34,1927.31,Ola,Travel,"Hyderabad, IN",device-mobile-034,2026-08-16T18:09:47.823367+00:00,APPROVED,0,None
ee18dbdf-ba79-407e-afee-518fdbf8c128,45,2886.95,BookMyShow,Entertainment,"Kolkata, IN",device-mobile-045,2026-08-16T18:09:55.823367+00:00,APPROVED,0,None
12fc196d-132f-4e7f-bb54-433b4e744009,18,3542.35,Netflix,Entertainment,"Bengaluru, IN",device-mobile-018,2026-08-16T18:12:07.823367+00:00,APPROVED,0,None
8f13e41b-7c3e-4e82-b5b0-fd5534c7df18,29,3349.51,Flipkart,Shopping,"Mumbai, IN",device-mobile-029,2026-08-16T18:14:22.823367+00:00,APPROVED,0,None
1e674efa-b460-40be-bb5a-bc0da1184363,39,3834.89,Uber,Travel,"Chennai, IN",device-mobile-039,2026-08-16T18:17:10.823367+00:00,APPROVED,0,None
dace51d7-3c6f-45c5-8075-5549aeb2d885,43,387.44,IndiGo,Travel,"Pune, IN",device-mobile-043,2026-08-16T18:18:31.823367+00:00,APPROVED,0,None
24f61f99-3e14-4d33-8d6c-bd6648267435,33,245.47,Starbucks,Food & Dining,"Kolkata, IN",device-mobile-033,2026-08-16T18:37:55.823367+00:00,APPROVED,0,None
d2d0906b-e085-4e30-aa7d-37a953980907,47,1234.55,Vijay Sales,Electronics,"Bengaluru, IN",device-mobile-047,2026-08-16T18:48:12.823367+00:00,APPROVED,0,None
9cdb931b-7a77-4472-b0e7-73a791dc4cd3,23,1448.8,McDonald's,Food & Dining,"Hyderabad, IN",device-mobile-023,2026-08-16T18:55:14.823367+00:00,APPROVED,0,None
80aaa60d-59c2-47e5-aa3f-8a9e2b95cfc4,35,1590.86,Jio Recharge,Utilities,"Mumbai, IN",device-mobile-035,2026-08-16T18:59:37.823367+00:00,APPROVED,0,None
6db6dbc6-9929-46f3-a63f-109bcdd53e5f,26,7332.74,Ola,Travel,"Ahmedabad, IN",device-mobile-026,2026-08-16T19:00:32.823367+00:00,APPROVED,0,None
3f5243e3-074e-4742-a7fe-cd16e5cf3717,4,1917.72,Flipkart,Shopping,"Bengaluru, IN",device-laptop-004,2026-08-16T19:03:57.823367+00:00,APPROVED,0,None
52119363-454a-4d96-baaf-7abb4d01f59c,9,5804.69,Swiggy,Food & Dining,"Pune, IN",device-laptop-009,2026-08-16T19:17:25.823367+00:00,APPROVED,0,None
34f86c59-3dfa-4653-8d7e-f138bdf62c5f,31,2127.44,Zara,Shopping,"Delhi, IN",device-laptop-031,2026-08-16T19:21:46.823367+00:00,APPROVED,0,None
4f0013d8-40f0-4e89-8f21-d1574fc69cb3,30,888.98,Amazon India,Shopping,"Bengaluru, IN",device-mobile-030,2026-08-16T19:32:48.823367+00:00,APPROVED,0,None
d972c25b-4c94-4faa-851d-b692bbeddee6,47,18269.81,Amazon India,Shopping,"Bengaluru, IN",device-mobile-047,2026-08-16T19:34:04.823367+00:00,SUSPICIOUS,1,RAPID_BURST
bfeb4ab5-8bf1-47c4-a78a-f7829cc851ac,18,1168.55,Samsung Store,Electronics,"Bengaluru, IN",device-mobile-018,2026-08-16T19:37:43.823367+00:00,APPROVED,0,None
f884d650-ca82-4ff9-b347-e840a04c65da,42,3366.64,Zomato,Food & Dining,"Delhi, IN",device-mobile-042,2026-08-16T19:41:30.823367+00:00,APPROVED,0,None
f92215a9-e70a-4712-ae7f-9a017756c4e6,39,3040.36,Croma,Electronics,"Chennai, IN",device-mobile-039,2026-08-16T19:47:40.823367+00:00,APPROVED,0,None
abbfa34b-2f5e-42c8-ad35-a936f42cb7c0,45,897.17,BigBasket,Groceries,"Kolkata, IN",device-mobile-045,2026-08-16T19:52:04.823367+00:00,APPROVED,0,None
073909d0-1d9d-4466-9b7c-acb1c4eb40ac,33,628.21,Amazon India,Shopping,"Kolkata, IN",device-mobile-033,2026-08-16T19:55:57.823367+00:00,APPROVED,0,None
64b6a41a-4d04-4c3f-a281-f7af0d853e96,12,5509.49,Steam Games,Shopping,"London, UK",device-botnet-68,2026-08-16T20:15:04.823367+00:00,FLAGGED,1,FAILED_ATTEMPT_STUFFING
d433d9ae-844f-43d0-bba4-969b0c95edeb,3,2970.76,Swiggy,Food & Dining,"Delhi, IN",device-mobile-003,2026-08-16T20:16:32.823367+00:00,APPROVED,0,None
281fcc2a-88c5-46c9-8763-bafac797f841,27,1295.37,MakeMyTrip,Travel,"Chennai, IN",device-mobile-027,2026-08-16T20:45:58.823367+00:00,APPROVED,0,None
5d4208bd-845b-4b6b-99ed-9911edbee884,14,896.67,Nature's Basket,Groceries,"Chennai, IN",device-mobile-014,2026-08-16T20:54:33.823367+00:00,APPROVED,0,None
c58a114c-1099-4c5c-81a9-9693741f3ae2,17,1191.33,Tata Power,Utilities,"Mumbai, IN",device-mobile-017,2026-08-16T21:03:36.823367+00:00,APPROVED,0,None
8902e10b-aa3b-4e8d-b7f1-50c7a3286fbc,40,853.72,Ola,Travel,"Ahmedabad, IN",device-mobile-040,2026-08-16T21:04:06.823367+00:00,APPROVED,0,None
9443790f-2c73-4609-b920-4eadab085c09,11,673.05,Myntra,Shopping,"Delhi, IN",device-mobile-011,2026-08-16T21:07:19.823367+00:00,APPROVED,0,None
59b68835-95ed-4cd4-a367-3b0aeb3622d2,28,2115.52,DMart,Groceries,"Chennai, IN",device-mobile-028,2026-08-16T21:27:52.823367+00:00,APPROVED,0,None
640a3aa4-53ef-46ed-aa8b-b0e805a71491,29,2446.5,Steam Games,Entertainment,"Pune, IN",device-laptop-029,2026-08-16T21:29:02.823367+00:00,APPROVED,0,None
a1dbb019-3f54-4063-929f-1103f144a037,6,1477.51,Zepto,Groceries,"Hyderabad, IN",device-mobile-006,2026-08-16T21:33:25.823367+00:00,APPROVED,0,None
6cf0717d-0c94-4341-a172-4d6d840df2fa,23,1699.59,Airtel Bill,Utilities,"Hyderabad, IN",device-laptop-023,2026-08-16T21:41:08.823367+00:00,APPROVED,0,None
f7867804-d844-43ae-ad04-46664517731d,40,2839.44,BigBasket,Groceries,"Ahmedabad, IN",device-mobile-040,2026-08-16T22:03:41.823367+00:00,APPROVED,0,None
2486437b-931a-4b9e-9c4a-7473265103f2,44,3809.44,Swiggy,Food & Dining,"Kolkata, IN",device-mobile-044,2026-08-16T22:08:00.823367+00:00,APPROVED,0,None
d5c57519-4bc6-408a-a2f6-776407673905,26,2968.16,Bescom,Utilities,"Bengaluru, IN",device-mobile-026,2026-08-16T22:15:01.823367+00:00,APPROVED,0,None
a4c3541d-4516-4702-9aac-601199395c72,17,929.66,Netflix,Entertainment,"Mumbai, IN",device-mobile-017,2026-08-16T22:16:36.823367+00:00,APPROVED,0,None
ec5d611a-2321-49dc-a4a9-bb7021865347,19,71027.83,Apple Store,Electronics,"Ahmedabad, IN",device-emulator-root-6652,2026-08-16T22:39:50.823367+00:00,SUSPICIOUS,1,UNRECOGNIZED_DEVICE
63916fb2-2973-4d5b-9502-c0005a047860,36,16187.42,Amazon India,Shopping,"Cayman Islands, KY",device-mobile-036,2026-08-16T22:54:49.823367+00:00,SUSPICIOUS,1,LOCATION_HOPPING
df92d55c-825e-4b85-b435-76b0a93bb8da,38,590.46,Barbeque Nation,Food & Dining,"Hyderabad, IN",device-mobile-038,2026-08-16T23:11:35.823367+00:00,APPROVED,0,None
6d222d46-f59c-460b-a137-d17548c389d2,8,1881.18,McDonald's,Food & Dining,"Kolkata, IN",device-mobile-008,2026-08-16T23:43:20.823367+00:00,APPROVED,0,None
abe7b63e-011f-4e8c-a7a5-79ef00f7fb36,37,1125.85,Ajio,Shopping,"Kolkata, IN",device-mobile-037,2026-08-16T23:53:14.823367+00:00,APPROVED,0,None
4d14d730-3b1e-4088-ac39-9dab77ddfc5a,40,1310.0,H&M,Shopping,"Ahmedabad, IN",device-mobile-040,2026-08-17T00:00:14.823367+00:00,APPROVED,0,None
4ab7f4e7-7849-472f-9caa-bb3bc18970a9,14,2137.64,Flipkart,Shopping,"Kolkata, IN",device-mobile-014,2026-08-17T00:05:16.823367+00:00,APPROVED,0,None
36a79b6a-cdae-4bcb-96db-9cf50e72707f,34,3032.21,Tata Power,Utilities,"Hyderabad, IN",device-mobile-034,2026-08-17T00:14:48.823367+00:00,APPROVED,0,None
9de08692-01ac-474d-8548-cf0edf853195,16,1597.54,Flipkart,Shopping,"Chennai, IN",device-laptop-016,2026-08-17T00:20:00.823367+00:00,APPROVED,0,None
346c48e1-7c33-434c-a4e7-734ffc51f848,27,1503.4,Zepto,Groceries,"Chennai, IN",device-mobile-027,2026-08-17T00:31:25.823367+00:00,APPROVED,0,None
b351d31c-49ef-49c9-a029-1b658dbc3f9c,47,90683.46,Malabar Gold,Luxury & Jewelry,"Bengaluru, IN",device-mobile-047,2026-08-17T00:56:13.823367+00:00,FLAGGED,1,HIGH_AMOUNT_SPIKE
df79cc36-749c-4d1d-9ec1-078e4e02ee60,2,4708.11,Ajio,Shopping,"Pune, IN",device-mobile-002,2026-08-17T00:56:46.823367+00:00,APPROVED,0,None
8a125ce5-d6bd-447c-a674-ac6c458a801d,20,1544.02,Zepto,Groceries,"Pune, IN",device-mobile-020,2026-08-17T00:59:29.823367+00:00,APPROVED,0,None
52bbc0a2-d518-4f15-b385-d7e5e29849bd,45,2202.27,Tata Power,Utilities,"Kolkata, IN",device-mobile-045,2026-08-17T01:10:31.823367+00:00,APPROVED,0,None
38099cec-689e-46c0-822e-888d988fe6f3,19,2109.2,H&M,Shopping,"Kolkata, IN",device-mobile-019,2026-08-17T01:13:05.823367+00:00,APPROVED,0,None
c3dc2cf3-5a3f-4bc1-9e20-a41326a7009e,33,528.9,PVR Cinemas,Entertainment,"Kolkata, IN",device-mobile-033,2026-08-17T01:18:22.823367+00:00,APPROVED,0,None
b6634bcc-cbbd-41c0-8ced-db6bac37b146,2,4205.34,Starbucks,Food & Dining,"Pune, IN",device-mobile-002,2026-08-17T01:19:56.823367+00:00,APPROVED,0,None
bc5d51a8-a420-47e3-9d31-f4a36da5df0d,24,727.05,Myntra,Shopping,"Bengaluru, IN",device-mobile-024,2026-08-17T01:35:05.823367+00:00,APPROVED,0,None
53a08b42-8a81-4cd9-9d7c-baa569a1b555,49,3347.89,DMart,Groceries,"Chennai, IN",device-mobile-049,2026-08-17T01:40:58.823367+00:00,APPROVED,0,None
17d08971-bd7c-4ac6-a610-7f08b68aa4f4,50,1168.25,Croma,Electronics,"Kolkata, IN",device-mobile-050,2026-08-17T01:54:18.823367+00:00,APPROVED,0,None
f5aec340-1645-4988-9e1e-0a2806d27d57,8,2627.95,Zara,Shopping,"Kolkata, IN",device-mobile-008,2026-08-17T01:59:56.823367+00:00,APPROVED,0,None
4aff7d03-775a-4dd1-bbc8-4e9675e8f3e9,44,4984.97,Airtel Bill,Utilities,"Kolkata, IN",device-laptop-044,2026-08-17T02:01:48.823367+00:00,APPROVED,0,None
d9bc0188-c540-4751-851b-29f63d83150e,44,3025.55,Swiggy,Food & Dining,"Kolkata, IN",device-mobile-044,2026-08-17T02:02:15.823367+00:00,APPROVED,0,None
9870f0b3-9e01-4157-8822-7d244d8e376f,7,1035.47,Blinkit,Groceries,"Mumbai, IN",device-mobile-007,2026-08-17T02:04:32.823367+00:00,APPROVED,0,None
fc4fa914-d4b5-4331-aa35-f9e4689cd933,16,1092.06,IndiGo,Travel,"Chennai, IN",device-mobile-016,2026-08-17T02:09:55.823367+00:00,APPROVED,0,None
7bd31bb6-d964-48d4-b304-0d52aff58ddf,3,3498.74,Croma,Electronics,"Delhi, IN",device-mobile-003,2026-08-17T02:12:35.823367+00:00,APPROVED,0,None
e8663bf0-0833-4ac1-8f66-b7d1835ae1a6,16,2526.07,Myntra,Shopping,"Chennai, IN",device-mobile-016,2026-08-17T02:17:57.823367+00:00,APPROVED,0,None
fe85b2e6-ea17-49bb-9ab0-a5a01dc9b654,6,2746.93,Apple Store,Electronics,"Hyderabad, IN",device-mobile-006,2026-08-17T02:25:03.823367+00:00,APPROVED,0,None
2236600c-31a3-40c1-9229-c827bd443056,38,680.77,Zara,Shopping,"Hyderabad, IN",device-mobile-038,2026-08-17T02:26:07.823367+00:00,APPROVED,0,None
5177c667-0142-4197-86be-7b980f0d9a23,25,2010.49,Zara,Shopping,"Bengaluru, IN",device-mobile-025,2026-08-17T02:40:17.823367+00:00,APPROVED,0,None
f71e3cf4-8063-4c90-a261-136127c5a515,23,1182.83,Zara,Shopping,"Hyderabad, IN",device-mobile-023,2026-08-17T02:45:08.823367+00:00,APPROVED,0,None
fddd625b-e701-4c85-bf93-ebb5b4a5cbd3,24,1827.51,Barbeque Nation,Food & Dining,"Bengaluru, IN",device-mobile-024,2026-08-17T02:52:29.823367+00:00,APPROVED,0,None
87b3a0b6-9167-4e07-82a0-8e04b0a86323,24,1660.86,Jio Recharge,Utilities,"Bengaluru, IN",device-mobile-024,2026-08-17T03:00:10.823367+00:00,APPROVED,0,None
3164233f-f50b-4eeb-b1ad-f1f4c6de3177,29,740.46,Barbeque Nation,Food & Dining,"Pune, IN",device-laptop-029,2026-08-17T03:05:32.823367+00:00,APPROVED,0,None
97d55e99-f4ce-4bb7-ba7c-01373b7f50c5,46,1276.72,Ola,Travel,"Delhi, IN",device-laptop-046,2026-08-17T03:07:48.823367+00:00,APPROVED,0,None
c9c6699d-c3e4-4382-bfbe-03de359e06b1,11,453.25,Zomato,Food & Dining,"Delhi, IN",device-mobile-011,2026-08-17T03:15:16.823367+00:00,APPROVED,0,None
19faf2bd-a025-453f-b5ad-0b562bd25397,20,744.25,Vijay Sales,Electronics,"Pune, IN",device-mobile-020,2026-08-17T03:27:18.823367+00:00,APPROVED,0,None
efe08483-b531-42ed-a31f-a30ae59ed40a,25,3679.46,Jio Recharge,Utilities,"Bengaluru, IN",device-mobile-025,2026-08-17T03:31:34.823367+00:00,APPROVED,0,None
cbbde25c-8fa1-4454-816a-e9b72d57e166,48,2091.37,Vijay Sales,Electronics,"Bengaluru, IN",device-mobile-048,2026-08-17T03:34:25.823367+00:00,APPROVED,0,None
76c53d97-9709-41f6-8c2c-6619378643b9,22,1043.92,Myntra,Shopping,"Bengaluru, IN",device-mobile-022,2026-08-17T03:40:21.823367+00:00,APPROVED,0,None
6a43ae87-0af1-434e-81e6-1788cbacadb4,27,410.64,Dominos,Food & Dining,"Chennai, IN",device-mobile-027,2026-08-17T03:41:51.823367+00:00,APPROVED,0,None
04aec0ad-3b40-4ab9-b312-fd51c7ba9c9c,31,1653.16,Amazon India,Shopping,"Delhi, IN",device-mobile-031,2026-08-17T03:44:49.823367+00:00,APPROVED,0,None
fbd797b6-0a92-47aa-a1ba-2ee25f35e57f,11,243.8,Zara,Shopping,"Delhi, IN",device-mobile-011,2026-08-17T03:53:10.823367+00:00,APPROVED,0,None
dc563626-ad50-47b1-bdf8-f97887ad6b8f,34,2208.88,Steam Games,Entertainment,"Hyderabad, IN",device-mobile-034,2026-08-17T03:54:57.823367+00:00,APPROVED,0,None
9ea01641-0c06-45d8-abea-e14cf9e83ebe,32,422.0,Booking.com,Travel,"Hyderabad, IN",device-mobile-032,2026-08-17T04:01:32.823367+00:00,APPROVED,0,None
8caf36d1-b697-442f-be6c-05bcb157eb1f,33,499.32,Tata Power,Utilities,"Kolkata, IN",device-mobile-033,2026-08-17T04:07:40.823367+00:00,APPROVED,0,None
f67b5e5f-258e-4476-8e12-6055b667bbf7,46,2347.12,Jio Recharge,Utilities,"Delhi, IN",device-mobile-046,2026-08-17T04:21:25.823367+00:00,APPROVED,0,None
5ea754aa-efeb-4ddb-b3f8-e5995002c70e,2,3127.93,PVR Cinemas,Entertainment,"Pune, IN",device-mobile-002,2026-08-17T04:23:47.823367+00:00,APPROVED,0,None
a132ba32-2a9e-4218-9a58-7a2fdfacc4d5,10,1681.64,Steam Games,Shopping,"Cayman Islands, KY",device-botnet-69,2026-08-17T04:27:07.823367+00:00,FLAGGED,1,FAILED_ATTEMPT_STUFFING
910ca340-b1b1-4012-bb80-3cfede85a8b5,38,1827.67,IRCTC,Travel,"Hyderabad, IN",device-mobile-038,2026-08-17T04:54:19.823367+00:00,APPROVED,0,None
e0e73405-dc68-4c8f-bd02-7d28bbfee73e,23,2187.12,Tiffany & Co,Luxury & Jewelry,"Hyderabad, IN",device-mobile-023,2026-08-17T04:54:35.823367+00:00,APPROVED,0,None
771c1a93-1ecc-4d51-a1be-01a64ce65dee,2,3475.08,Instamart,Groceries,"Pune, IN",device-mobile-002,2026-08-17T04:59:38.823367+00:00,APPROVED,0,None
be141ec7-05fa-4b4b-add1-a6329059a54e,9,1749.96,Flipkart,Shopping,"Pune, IN",device-mobile-009,2026-08-17T05:26:06.823367+00:00,APPROVED,0,None
1040cc42-27fb-45f1-8af3-eb1f0b89d20f,42,3797.65,Airtel Bill,Utilities,"Delhi, IN",device-mobile-042,2026-08-17T05:36:51.823367+00:00,APPROVED,0,None
601e5257-ffc3-48d2-ab22-f5155c87da73,5,1426.96,Ola,Travel,"Mumbai, IN",device-mobile-005,2026-08-17T05:39:54.823367+00:00,APPROVED,0,None
ad148889-77d1-4ebc-a21c-e577e822aeb4,4,1054.26,Barbeque Nation,Food & Dining,"Bengaluru, IN",device-laptop-004,2026-08-17T05:43:50.823367+00:00,APPROVED,0,None
f927ee7a-be95-4be7-92b0-3e0ce5c513d4,49,2538.17,Zara,Shopping,"Delhi, IN",device-mobile-049,2026-08-17T05:53:03.823367+00:00,APPROVED,0,None
d2dee0bf-fb8d-4658-939d-c611ad98f579,13,4278.18,Zepto,Groceries,"Hyderabad, IN",device-mobile-013,2026-08-17T06:15:18.823367+00:00,APPROVED,0,None
fd6ec9d6-03c5-44df-9ce5-c39da402bd09,45,945.34,Dominos,Food & Dining,"Bengaluru, IN",device-mobile-045,2026-08-17T06:16:49.823367+00:00,APPROVED,0,None
1444d445-4a7a-4bf6-abfc-0f30828b94a5,1,922.39,Zara,Shopping,"Bengaluru, IN",device-mobile-001,2026-08-17T06:21:40.823367+00:00,APPROVED,0,None
025c24f5-76d3-4571-a1f3-056e8225b7ca,21,1889.16,Tanishq,Luxury & Jewelry,"Chennai, IN",device-mobile-021,2026-08-17T06:33:03.823367+00:00,APPROVED,0,None
95200236-029d-4b3e-ad6b-4c086d6ff485,48,739.22,H&M,Shopping,"Bengaluru, IN",device-mobile-048,2026-08-17T06:34:22.823367+00:00,APPROVED,0,None
0ca47555-c346-44aa-a5be-92b4afc28bc3,36,2238.27,Bescom,Utilities,"Mumbai, IN",device-mobile-036,2026-08-17T06:43:51.823367+00:00,APPROVED,0,None
5c257267-e34f-4ecf-a62b-f8543cd26282,41,769.4,Myntra,Shopping,"Ahmedabad, IN",device-mobile-041,2026-08-17T06:45:47.823367+00:00,APPROVED,0,None
6018da30-6f51-4090-892a-64f99ea628b3,17,1640.77,McDonald's,Food & Dining,"Mumbai, IN",device-mobile-017,2026-08-17T06:45:57.823367+00:00,APPROVED,0,None
4adf9b83-21a3-42eb-bb4d-adbcbe8b6ea1,1,1471.38,Reliance Digital,Electronics,"Bengaluru, IN",device-mobile-001,2026-08-17T07:24:29.823367+00:00,APPROVED,0,None
35c90505-cbd2-478c-81ab-cec9136df9b0,14,1181.56,Uber,Travel,"Chennai, IN",device-mobile-014,2026-08-17T07:24:55.823367+00:00,APPROVED,0,None
083bdeee-448d-4037-85e1-0e2b72bac673,18,3275.09,Jio Recharge,Utilities,"Delhi, IN",device-mobile-018,2026-08-17T07:27:12.823367+00:00,APPROVED,0,None
34c8d9e4-fc37-433d-8b72-a8c9c8ca63d2,25,3859.28,BigBasket,Groceries,"Bengaluru, IN",device-mobile-025,2026-08-17T07:41:22.823367+00:00,APPROVED,0,None
3f2667e4-92c2-4158-82b4-2adb09a8a0ce,36,2896.27,Amazon India,Shopping,"Mumbai, IN",device-mobile-036,2026-08-17T07:42:18.823367+00:00,APPROVED,0,None
e64644c9-5291-42cb-b3c5-0d2ff8c01ee5,27,1795.53,H&M,Shopping,"Chennai, IN",device-mobile-027,2026-08-17T07:43:56.823367+00:00,APPROVED,0,None
77fffca4-bf50-4e6b-b248-af3119a83503,39,5623.4,H&M,Shopping,"Chennai, IN",device-mobile-039,2026-08-17T07:44:32.823367+00:00,APPROVED,0,None
02db85c6-9c13-4e48-87b4-26589db75872,38,1663.74,Blinkit,Groceries,"Hyderabad, IN",device-mobile-038,2026-08-17T07:54:35.823367+00:00,APPROVED,0,None
b7f7ce2b-26f8-4148-9af0-6ced642e5914,40,1775.3,Barbeque Nation,Food & Dining,"Ahmedabad, IN",device-mobile-040,2026-08-17T08:08:40.823367+00:00,APPROVED,0,None
dff8aa26-6a31-4807-a416-ed95bb005abc,22,1370.17,IndiGo,Travel,"Bengaluru, IN",device-mobile-022,2026-08-17T08:08:56.823367+00:00,APPROVED,0,None
fa9eab63-8e3a-485d-892e-c4cd42de3778,12,3191.68,Zomato,Food & Dining,"Chennai, IN",device-mobile-012,2026-08-17T08:09:27.823367+00:00,APPROVED,0,None
8befaa8c-edc8-4c87-8c82-dd4063cb8db5,43,1065.13,Myntra,Shopping,"Pune, IN",device-mobile-043,2026-08-17T08:12:20.823367+00:00,APPROVED,0,None
6dedb579-aa03-4b83-b1b1-ccfb2b34f8d4,39,3697.15,Reliance Digital,Electronics,"Chennai, IN",device-mobile-039,2026-08-17T08:15:49.823367+00:00,APPROVED,0,None
78d064da-5086-45f2-bae4-7a695bd5a6d5,11,339.35,Netflix,Entertainment,"Delhi, IN",device-mobile-011,2026-08-17T08:22:18.823367+00:00,APPROVED,0,None
d6653874-50cf-45db-a963-1f4a91fec5ba,4,4555.91,Nature's Basket,Groceries,"Bengaluru, IN",device-mobile-004,2026-08-17T08:23:53.823367+00:00,APPROVED,0,None
3d2e42ed-2791-4a1c-ba3e-a5c44423ef0d,19,813.35,BookMyShow,Entertainment,"Kolkata, IN",device-mobile-019,2026-08-17T08:42:52.823367+00:00,APPROVED,0,None
5371d604-650c-40a6-ac53-d78c848ba01c,6,918.78,Myntra,Shopping,"Hyderabad, IN",device-mobile-006,2026-08-17T08:52:42.823367+00:00,APPROVED,0,None
76fe725f-e380-4bea-86d5-b54983b50a73,1,1884.64,Swiggy,Food & Dining,"Bengaluru, IN",device-mobile-001,2026-08-17T08:53:58.823367+00:00,APPROVED,0,None
0bbc9ee9-c5fa-4f60-9f04-8ca1781d8b30,11,533.44,DMart,Groceries,"Delhi, IN",device-mobile-011,2026-08-17T08:54:22.823367+00:00,APPROVED,0,None
db8321bf-740f-4bf3-b8af-44fc055c0eff,34,3404.18,Netflix,Entertainment,"Hyderabad, IN",device-mobile-034,2026-08-17T09:00:04.823367+00:00,APPROVED,0,None
001fc2b8-3b90-4116-be98-2e5ce2b33a2a,9,770.59,MakeMyTrip,Travel,"Pune, IN",device-mobile-009,2026-08-17T09:04:43.823367+00:00,APPROVED,0,None
880d0eb6-c8bc-4281-afbf-2ebf4347a067,35,4126.18,Adani Gas,Utilities,"Mumbai, IN",device-mobile-035,2026-08-17T09:27:54.823367+00:00,APPROVED,0,None
0eff07f5-ea86-48e8-9292-dbb5df0f88b1,20,2247.14,PVR Cinemas,Entertainment,"Pune, IN",device-mobile-020,2026-08-17T09:34:14.823367+00:00,APPROVED,0,None
d2a84870-7e15-4c06-8bec-b1bf6f78422d,17,999.31,Croma,Electronics,"Mumbai, IN",device-mobile-017,2026-08-17T09:35:28.823367+00:00,APPROVED,0,None
f9564972-182a-4b70-a86e-246a9ee029c0,17,762.81,Netflix,Entertainment,"Mumbai, IN",device-mobile-017,2026-08-17T09:39:58.823367+00:00,APPROVED,0,None
10eec6b2-cf38-4b37-8f0e-42e3554f0b4e,44,2420.64,Zomato,Food & Dining,"Kolkata, IN",device-laptop-044,2026-08-17T09:52:59.823367+00:00,APPROVED,0,None
ea72a786-9b03-4099-a0d9-3531a5d65298,22,450.74,MakeMyTrip,Travel,"Bengaluru, IN",device-mobile-022,2026-08-17T09:54:48.823367+00:00,APPROVED,0,None
60fe6e9c-9231-4f66-83d7-ad135d4bc6b3,46,2198.54,Zepto,Groceries,"Delhi, IN",device-mobile-046,2026-08-17T09:58:05.823367+00:00,APPROVED,0,None
17ff10e9-96db-477b-9ef8-ba7b6e0c2852,15,563.27,Barbeque Nation,Food & Dining,"Kolkata, IN",device-mobile-015,2026-08-17T10:07:01.823367+00:00,APPROVED,0,None
774368a6-991c-4f48-816a-d72643c9b817,31,8436.41,Jio Recharge,Utilities,"Delhi, IN",device-mobile-031,2026-08-17T10:09:03.823367+00:00,APPROVED,0,None
d13cfcfd-ffb4-41f4-b201-b4084e5e48ca,20,1408.3,Ola,Travel,"Pune, IN",device-mobile-020,2026-08-17T10:09:35.823367+00:00,APPROVED,0,None
3268e065-0b11-48b8-ae92-f4726cd3af6e,38,596.41,BigBasket,Groceries,"Chennai, IN",device-mobile-038,2026-08-17T10:20:53.823367+00:00,APPROVED,0,None
3d6a2e06-9276-40f4-920f-21d274b7db77,34,7260.67,BigBasket,Groceries,"Hyderabad, IN",device-mobile-034,2026-08-17T10:34:00.823367+00:00,APPROVED,0,None
813decc7-22f7-493b-841d-7b2f0e896a55,3,3015.84,Ajio,Shopping,"Delhi, IN",device-mobile-003,2026-08-17T10:34:41.823367+00:00,APPROVED,0,None
4ce30586-2f60-4bbb-9411-ffaa0c281bb0,43,1048.33,IndiGo,Travel,"Pune, IN",device-mobile-043,2026-08-17T10:36:33.823367+00:00,APPROVED,0,None
0bbc34a6-48b3-451a-bb80-25c5ca562791,17,1174.59,Uber,Travel,"Mumbai, IN",device-mobile-017,2026-08-17T10:36:36.823367+00:00,APPROVED,0,None
18691d27-a455-4e10-8b81-15c139a522d5,50,1185.47,IndiGo,Travel,"Kolkata, IN",device-mobile-050,2026-08-17T10:51:09.823367+00:00,APPROVED,0,None
b3bd3700-e5b0-49ac-878d-92899856d35c,32,1131.65,Netflix,Entertainment,"Hyderabad, IN",device-mobile-032,2026-08-17T10:55:26.823367+00:00,APPROVED,0,None
a64fcdb9-09b6-41e7-a254-691094f37d41,9,2276.38,Zomato,Food & Dining,"Pune, IN",device-laptop-009,2026-08-17T10:57:34.823367+00:00,APPROVED,0,None
f8d334de-51b2-4e7f-a851-12abfcb5c445,40,2395.35,H&M,Shopping,"Ahmedabad, IN",device-mobile-040,2026-08-17T10:57:56.823367+00:00,APPROVED,0,None
4c5f58b4-2583-44db-ae27-47f77a939338,1,3338.24,Ajio,Shopping,"Bengaluru, IN",device-mobile-001,2026-08-17T11:19:39.823367+00:00,APPROVED,0,None
0302ecf0-32f1-4b03-8fcb-8079560d5d74,50,677.55,Jio Recharge,Utilities,"Delhi, IN",device-mobile-050,2026-08-17T11:20:14.823367+00:00,APPROVED,0,None
e0b02889-08b3-43ab-a3f3-1f50e937f658,46,4130.88,Tata Power,Utilities,"Delhi, IN",device-mobile-046,2026-08-17T11:30:17.823367+00:00,APPROVED,0,None
7b8d98ca-8fb4-4997-a264-d762062a9e60,33,2199.43,BigBasket,Groceries,"Kolkata, IN",device-mobile-033,2026-08-17T11:33:36.823367+00:00,APPROVED,0,None
0bfa6f0a-51da-49d8-976f-6d6450073bc4,36,1529.51,BookMyShow,Entertainment,"Mumbai, IN",device-mobile-036,2026-08-17T11:38:43.823367+00:00,APPROVED,0,None
ade5a8d1-cc41-4c08-9361-b00f4871a1dc,26,2347.69,Samsung Store,Electronics,"Ahmedabad, IN",device-mobile-026,2026-08-17T12:16:55.823367+00:00,APPROVED,0,None
e691b774-04f1-4d1b-a4a4-d7e087917d85,50,956.41,Netflix,Entertainment,"Kolkata, IN",device-mobile-050,2026-08-17T12:25:39.823367+00:00,APPROVED,0,None
456afe4d-967a-4e0d-9766-7ca055ffaa4d,33,495.85,Zara,Shopping,"Kolkata, IN",device-mobile-033,2026-08-17T12:26:36.823367+00:00,APPROVED,0,None
6cd6d744-39fc-4359-846d-28abba36faaf,36,3101.93,Tata Power,Utilities,"Mumbai, IN",device-mobile-036,2026-08-17T12:47:22.823367+00:00,APPROVED,0,None
fc61faae-f3aa-49ab-8d27-8ebe0cc1f5b0,43,1032.1,Ajio,Shopping,"Pune, IN",device-laptop-043,2026-08-17T12:56:42.823367+00:00,APPROVED,0,None
6c5d9cc9-914f-4ba6-a53c-c24856eb2e99,22,1227.05,Myntra,Shopping,"Bengaluru, IN",device-mobile-022,2026-08-17T12:57:20.823367+00:00,APPROVED,0,None
8c1a59c5-ec9c-4aec-9c7d-3cde63bba4bb,50,778.7,Netflix,Entertainment,"Kolkata, IN",device-mobile-050,2026-08-17T12:58:55.823367+00:00,APPROVED,0,None
040fe56e-3f58-4506-ac05-8847b241838f,41,760.95,Amazon India,Shopping,"Ahmedabad, IN",device-mobile-041,2026-08-17T13:01:34.823367+00:00,APPROVED,0,None
561e8206-be6a-4dcf-b64c-7812bc7ab48c,9,3551.04,H&M,Shopping,"Pune, IN",device-laptop-009,2026-08-17T13:14:08.823367+00:00,APPROVED,0,None
ddafc8a3-1fcc-4f98-87fe-56ec0e304f14,14,1524.38,Nature's Basket,Groceries,"Chennai, IN",device-mobile-014,2026-08-17T13:20:53.823367+00:00,APPROVED,0,None
84668b03-7a24-4e95-a04c-f6799d05c758,37,1408.12,Uber,Travel,"Kolkata, IN",device-mobile-037,2026-08-17T13:31:56.823367+00:00,APPROVED,0,None
e2c0db73-24b7-40fa-a006-3a7cdc8d1ed1,5,911.25,Apple Store,Electronics,"Mumbai, IN",device-mobile-005,2026-08-17T14:06:15.823367+00:00,APPROVED,0,None
7f233d91-1ba1-45cd-9188-6e0152eacc1d,14,874.23,Jio Recharge,Utilities,"Chennai, IN",device-mobile-014,2026-08-17T14:11:44.823367+00:00,APPROVED,0,None
602c2e0f-e9c4-44d3-9ebe-fb221918c55c,50,994.11,Croma,Electronics,"Kolkata, IN",device-mobile-050,2026-08-17T14:14:43.823367+00:00,APPROVED,0,None
d1595b11-2d78-49c4-8397-6addbec8a4a5,14,840.65,Swiggy,Food & Dining,"Chennai, IN",device-mobile-014,2026-08-17T14:18:51.823367+00:00,APPROVED,0,None
0e3ade0c-403f-45a5-894b-3458ac41e0ca,5,1054.18,Vijay Sales,Electronics,"Mumbai, IN",device-mobile-005,2026-08-17T14:20:00.823367+00:00,APPROVED,0,None
a8d3f63a-25d7-4ac3-a13f-4ab779d5193f,35,2781.65,Ajio,Shopping,"Mumbai, IN",device-mobile-035,2026-08-17T14:36:55.823367+00:00,APPROVED,0,None
392af200-a0a0-4f8e-9725-5c69b3c13bce,39,2098.6,Spotify,Entertainment,"Chennai, IN",device-mobile-039,2026-08-17T14:40:18.823367+00:00,APPROVED,0,None
68086454-5c47-43e7-aa43-7b206caae407,13,232113.96,Malabar Gold,Luxury & Jewelry,"Hyderabad, IN",device-mobile-013,2026-08-17T14:42:12.823367+00:00,FLAGGED,1,HIGH_AMOUNT_SPIKE
5a705ce1-2919-4aba-ab7b-c9b6e10b667b,15,930.03,Uber,Travel,"Kolkata, IN",device-mobile-015,2026-08-17T14:52:48.823367+00:00,APPROVED,0,None
b025dea6-6bda-439c-88e9-956372f3d4ef,32,769.81,Ajio,Shopping,"Hyderabad, IN",device-mobile-032,2026-08-17T14:53:36.823367+00:00,APPROVED,0,None
8db8fa7d-7eef-4d68-9cf3-41af0eb4d8a0,15,701.09,H&M,Shopping,"Kolkata, IN",device-mobile-015,2026-08-17T15:21:42.823367+00:00,APPROVED,0,None
29ee53e3-0694-46a5-9365-fda9982ed51a,8,3950.91,Jio Recharge,Utilities,"Kolkata, IN",device-mobile-008,2026-08-17T15:36:15.823367+00:00,APPROVED,0,None
a9fe31bd-4abd-446e-a205-a70ff405db8e,19,2037.23,Croma,Electronics,"Kolkata, IN",device-mobile-019,2026-08-17T16:03:07.823367+00:00,APPROVED,0,None
8ee656f4-1570-457e-9139-ae56b0d7f1f2,29,2525.91,Flipkart,Shopping,"Pune, IN",device-mobile-029,2026-08-17T16:03:10.823367+00:00,APPROVED,0,None
5b6d4d84-da7b-44f2-81b4-c6b2265f9cfc,6,1058.92,Apple Store,Electronics,"Hyderabad, IN",device-mobile-006,2026-08-17T16:07:54.823367+00:00,APPROVED,0,None
2f17b678-1421-414b-bb43-cfe8e38284d0,17,2172.24,BookMyShow,Entertainment,"Mumbai, IN",device-mobile-017,2026-08-17T16:10:11.823367+00:00,APPROVED,0,None
dc641f2e-db03-4529-b90d-19409968b0b0,5,4007.38,Amazon India,Shopping,"Bucharest, RO",device-mobile-005,2026-08-17T16:13:35.823367+00:00,SUSPICIOUS,1,LOCATION_HOPPING
b5accbf2-ffa7-4915-a08b-81324111c35f,27,918.3,Zepto,Groceries,"Chennai, IN",device-mobile-027,2026-08-17T16:30:28.823367+00:00,APPROVED,0,None
519ac3fc-b3bf-4909-84cd-758664a225e4,37,35658.15,Apple Store,Electronics,"Mumbai, IN",device-emulator-root-8482,2026-08-17T16:31:59.823367+00:00,SUSPICIOUS,1,UNRECOGNIZED_DEVICE
2f06e82b-38ce-4fb0-ac0f-ae776c585955,40,3250.4,Vijay Sales,Electronics,"Kolkata, IN",device-mobile-040,2026-08-17T16:34:50.823367+00:00,APPROVED,0,None
b35db58a-76a7-4549-93a3-a3f3bd270c3e,28,2295.34,Instamart,Groceries,"Kolkata, IN",device-mobile-028,2026-08-17T16:37:00.823367+00:00,APPROVED,0,None
c257c2c0-4b25-435c-bc2a-fe615a362b7a,24,1632.14,Zara,Shopping,"Bengaluru, IN",device-mobile-024,2026-08-17T16:47:20.823367+00:00,APPROVED,0,None
b5b208a7-16c7-4af2-b114-9c31760bfa53,36,3653.41,Zomato,Food & Dining,"Mumbai, IN",device-mobile-036,2026-08-17T17:07:37.823367+00:00,APPROVED,0,None
34fe2511-143e-4d88-9bd2-4ee46318f74d,22,323.59,Flipkart,Shopping,"Bengaluru, IN",device-mobile-022,2026-08-17T17:13:53.823367+00:00,APPROVED,0,None
d389bd02-8a10-4369-8a87-16343dd75217,49,2851.66,Airtel Bill,Utilities,"Delhi, IN",device-mobile-049,2026-08-17T17:21:01.823367+00:00,APPROVED,0,None
9ed5227e-f126-4437-9c3b-1603bbdc9eb4,4,2453.81,Netflix,Entertainment,"Bengaluru, IN",device-mobile-004,2026-08-17T17:25:31.823367+00:00,APPROVED,0,None
1e888780-63aa-411c-bd39-7bfae9fbed72,20,791.28,Swiggy,Food & Dining,"Pune, IN",device-mobile-020,2026-08-17T17:37:58.823367+00:00,APPROVED,0,None
d0ac749e-f3de-494c-b83f-b28b05251c23,18,2351.03,Amazon India,Shopping,"Bengaluru, IN",device-mobile-018,2026-08-17T17:57:07.823367+00:00,APPROVED,0,None
25e978f3-f605-40f7-850f-32b838508f96,48,1746.14,Zepto,Groceries,"Bengaluru, IN",device-mobile-048,2026-08-17T17:58:14.823367+00:00,APPROVED,0,None
37fa29fa-526b-41c0-b5c5-5b0bb9edf053,13,4563.23,Adani Gas,Utilities,"Hyderabad, IN",device-mobile-013,2026-08-17T17:59:04.823367+00:00,APPROVED,0,None
ccb59068-24a1-4e64-be0d-01fd0fea104e,26,3779.97,Steam Games,Entertainment,"Ahmedabad, IN",device-mobile-026,2026-08-17T18:00:40.823367+00:00,APPROVED,0,None
64a5d4bd-85ab-42c0-abc8-54cc45638444,20,2341.6,Ola,Travel,"Pune, IN",device-mobile-020,2026-08-17T18:06:22.823367+00:00,APPROVED,0,None
ffb2e093-e1a0-46c8-85fc-67aaea877144,11,403.27,Uber,Travel,"Delhi, IN",device-mobile-011,2026-08-17T18:10:41.823367+00:00,APPROVED,0,None
75381dd9-58b8-49bf-8a57-736d2469042f,37,466.69,Booking.com,Travel,"Kolkata, IN",device-mobile-037,2026-08-17T18:14:50.823367+00:00,APPROVED,0,None
e4d81c54-048e-4067-9c3c-8095eb3f1578,2,2457.58,Netflix,Entertainment,"Pune, IN",device-mobile-002,2026-08-17T18:18:09.823367+00:00,APPROVED,0,None
702bd936-d793-4e35-b6ac-939e00f7c812,12,3955.57,Apple Store,Electronics,"Chennai, IN",device-mobile-012,2026-08-17T18:18:20.823367+00:00,APPROVED,0,None
be471982-0d2f-4370-8e23-16e52cdba780,49,2436.9,Tata Power,Utilities,"Delhi, IN",device-laptop-049,2026-08-17T18:39:40.823367+00:00,APPROVED,0,None
9be5835d-df30-486e-a3f0-94a805d48de7,18,2423.62,Steam Games,Entertainment,"Bengaluru, IN",device-mobile-018,2026-08-17T18:56:46.823367+00:00,APPROVED,0,None
50e39963-36fe-4c03-a5c2-601f477e14ad,41,996.86,Spotify,Entertainment,"Ahmedabad, IN",device-mobile-041,2026-08-17T19:02:17.823367+00:00,APPROVED,0,None
03192bf9-4941-448c-8a18-04e4e205e2b6,3,3384.25,Starbucks,Food & Dining,"Delhi, IN",device-mobile-003,2026-08-17T19:17:00.823367+00:00,APPROVED,0,None
c36fc3e0-a149-4a3c-b00d-c4902fc66949,31,3782.18,Apple Store,Electronics,"Delhi, IN",device-mobile-031,2026-08-17T19:17:49.823367+00:00,APPROVED,0,None
70322a6c-ff96-4bc3-84c4-f8884b5dbb1a,33,861.61,Tata Power,Utilities,"Kolkata, IN",device-mobile-033,2026-08-17T19:37:33.823367+00:00,APPROVED,0,None
0d539451-f612-4299-9ba4-954cad7ee6ae,47,1890.8,Flipkart,Shopping,"Bengaluru, IN",device-mobile-047,2026-08-17T19:45:39.823367+00:00,APPROVED,0,None
f31a0b7d-9793-43bb-ba2b-2f1853a177b3,18,2658.62,Blinkit,Groceries,"Bengaluru, IN",device-mobile-018,2026-08-17T19:57:48.823367+00:00,APPROVED,0,None
f210f29a-378a-42b8-9acc-c2722fc00bcd,30,717.52,BookMyShow,Entertainment,"Bengaluru, IN",device-mobile-030,2026-08-17T20:01:26.823367+00:00,APPROVED,0,None
274397b8-0f02-4dd1-82b5-ca3fa35ddfbd,4,2497.19,Dominos,Food & Dining,"Bengaluru, IN",device-mobile-004,2026-08-17T20:14:13.823367+00:00,APPROVED,0,None
94b593b8-4f69-4890-b9cc-c088128364ff,50,1366.1,Nature's Basket,Groceries,"Kolkata, IN",device-mobile-050,2026-08-17T20:24:05.823367+00:00,APPROVED,0,None
03630d20-919b-4d52-ad97-475900b9a5d9,14,1040.24,Myntra,Shopping,"Chennai, IN",device-mobile-014,2026-08-17T20:29:39.823367+00:00,APPROVED,0,None
7e456397-ca51-494a-a943-5b49fa1f765c,43,1568.54,Netflix,Entertainment,"Pune, IN",device-mobile-043,2026-08-17T20:53:50.823367+00:00,APPROVED,0,None
495a7889-33d1-4383-bfbc-d8885d86918f,8,5110.1,Rolex Boutique,Luxury & Jewelry,"Kolkata, IN",device-mobile-008,2026-08-17T21:06:12.823367+00:00,APPROVED,0,None
e18dde50-edb3-4799-9525-f4bce929837d,23,1087.6,DMart,Groceries,"Hyderabad, IN",device-mobile-023,2026-08-17T21:09:36.823367+00:00,APPROVED,0,None
0f54ae95-aa90-4e0e-9e38-9f8b6f8a3394,32,906.81,McDonald's,Food & Dining,"Hyderabad, IN",device-mobile-032,2026-08-17T21:16:45.823367+00:00,APPROVED,0,None
f2f77dd6-20a9-44b5-9223-39987ff8e89e,14,652.25,Dominos,Food & Dining,"Chennai, IN",device-mobile-014,2026-08-17T21:22:21.823367+00:00,APPROVED,0,None
b35293bb-6458-4074-bad3-65605afe736a,26,1017.71,IRCTC,Travel,"Ahmedabad, IN",device-laptop-026,2026-08-17T21:25:52.823367+00:00,APPROVED,0,None
0bb9a1a3-926c-48f6-a1ab-3af6f06ec76a,33,1249.97,BigBasket,Groceries,"Kolkata, IN",device-mobile-033,2026-08-17T21:34:13.823367+00:00,APPROVED,0,None
21045d5a-6785-4ffd-8c62-d9a6406d0777,2,31560.56,MakeMyTrip,Travel,"Cayman Islands, KY",device-mobile-002,2026-08-17T21:35:22.823367+00:00,SUSPICIOUS,1,LOCATION_HOPPING
3a5f1b9c-a0ea-4a53-9b1e-c055c3b4fb93,48,3189.93,Dominos,Food & Dining,"Bengaluru, IN",device-mobile-048,2026-08-17T21:39:46.823367+00:00,APPROVED,0,None
1620dc81-3d40-4710-9150-a677bbbe97d0,28,2085.35,Flipkart,Shopping,"Chennai, IN",device-mobile-028,2026-08-17T21:41:23.823367+00:00,APPROVED,0,None
85988bda-8522-47f4-a808-5b43295f05e8,8,3570.85,McDonald's,Food & Dining,"Kolkata, IN",device-mobile-008,2026-08-17T21:42:25.823367+00:00,APPROVED,0,None
994346a7-6794-49ee-a462-0289889db038,9,1667.92,Tata Power,Utilities,"Pune, IN",device-mobile-009,2026-08-17T21:59:01.823367+00:00,APPROVED,0,None
3c82ccc1-14b6-4380-bd2f-8004046c830b,18,1538.57,Zara,Shopping,"Bengaluru, IN",device-mobile-018,2026-08-17T22:00:55.823367+00:00,APPROVED,0,None
045fcb53-e4a1-4b18-9edd-b1b8d39948f5,39,4047.0,IndiGo,Travel,"Chennai, IN",device-mobile-039,2026-08-17T22:09:34.823367+00:00,APPROVED,0,None
6f104502-0921-483a-9838-1a8a90f397a8,27,2454.92,Swiggy,Food & Dining,"Chennai, IN",device-mobile-027,2026-08-17T22:21:38.823367+00:00,APPROVED,0,None
aebd117d-5509-4c34-85f5-c3d88c247918,17,517.78,Zepto,Groceries,"Mumbai, IN",device-mobile-017,2026-08-17T22:33:50.823367+00:00,APPROVED,0,None
0c3f95a0-54c9-4d03-a075-ea99af2662e7,36,4675.41,Steam Games,Entertainment,"Mumbai, IN",device-mobile-036,2026-08-17T22:40:31.823367+00:00,APPROVED,0,None
8e0dd4e4-d647-4b59-8cfc-cc792dda9bef,26,4070.47,Apple Store,Electronics,"Ahmedabad, IN",device-mobile-026,2026-08-17T22:43:26.823367+00:00,APPROVED,0,None
dcc250cf-de3c-4ad1-9069-d2ddff970ecd,27,2359.47,Spotify,Entertainment,"Chennai, IN",device-mobile-027,2026-08-17T22:55:39.823367+00:00,APPROVED,0,None
05731cae-1037-4482-b98c-bb6955896a10,16,2371.63,Netflix,Entertainment,"Chennai, IN",device-mobile-016,2026-08-17T23:02:08.823367+00:00,APPROVED,0,None
8d80c42d-30fa-4f65-9281-832c74b3c8c3,12,4944.45,Jio Recharge,Utilities,"Chennai, IN",device-mobile-012,2026-08-17T23:03:01.823367+00:00,APPROVED,0,None
1c5e00a9-564e-40d2-b359-2fdbc98d019f,41,871.76,Flipkart,Shopping,"Ahmedabad, IN",device-mobile-041,2026-08-17T23:28:02.823367+00:00,APPROVED,0,None
8be55eea-aa8f-40e0-8888-278365ea56bd,19,2317.64,DMart,Groceries,"Kolkata, IN",device-mobile-019,2026-08-17T23:28:38.823367+00:00,APPROVED,0,None
75d8aacb-437f-4833-84c5-32742b2189ce,33,626.45,Ajio,Shopping,"Kolkata, IN",device-mobile-033,2026-08-17T23:30:32.823367+00:00,APPROVED,0,None
e3b83992-9e1b-4982-a475-247c83f9b899,27,857.68,Samsung Store,Electronics,"Chennai, IN",device-mobile-027,2026-08-17T23:53:13.823367+00:00,APPROVED,0,None
309dace6-c090-4300-8ac1-494af8c4abac,35,3500.5,BookMyShow,Entertainment,"Mumbai, IN",device-mobile-035,2026-08-17T23:56:00.823367+00:00,APPROVED,0,None
8e2ca6ea-544a-493d-ac7d-6d15a09dc6bc,45,1603.12,H&M,Shopping,"Kolkata, IN",device-mobile-045,2026-08-18T00:11:27.823367+00:00,APPROVED,0,None
964c714d-7f4b-4de9-9e8c-843fbb32d3b4,9,3235.43,Croma,Electronics,"Pune, IN",device-mobile-009,2026-08-18T00:23:15.823367+00:00,APPROVED,0,None
68dc2d84-78d2-4b4e-ad33-c0d7f8f6b5c5,21,3015.14,H&M,Shopping,"Chennai, IN",device-mobile-021,2026-08-18T00:27:42.823367+00:00,APPROVED,0,None
6871b8e1-0375-4a25-abb6-0586de5d044a,17,767.33,BigBasket,Groceries,"Hyderabad, IN",device-mobile-017,2026-08-18T00:28:07.823367+00:00,APPROVED,0,None
4e478641-fbe2-4ab6-9732-767ed8b71ffe,35,2562.26,Jio Recharge,Utilities,"Mumbai, IN",device-mobile-035,2026-08-18T00:51:04.823367+00:00,APPROVED,0,None
2e56f3b4-4175-48cb-b65f-feaa1b976587,17,2253.94,Jio Recharge,Utilities,"Mumbai, IN",device-laptop-017,2026-08-18T00:53:40.823367+00:00,APPROVED,0,None
aa784d74-8329-4863-bd80-2d68fdd749c6,41,663.58,Myntra,Shopping,"Ahmedabad, IN",device-mobile-041,2026-08-18T00:56:20.823367+00:00,APPROVED,0,None
62d0f61b-e9a0-4adf-aae1-72e0262bd871,4,2734.8,Airtel Bill,Utilities,"Bengaluru, IN",device-mobile-004,2026-08-18T00:57:21.823367+00:00,APPROVED,0,None
01933c52-9710-44c8-9a13-be6fa5a349ea,16,33779.07,Myntra,Shopping,"Bucharest, RO",device-mobile-016,2026-08-18T01:12:59.823367+00:00,SUSPICIOUS,1,LOCATION_HOPPING
d00bea1b-79c5-47ea-a1c8-55d689a13f28,9,2192.0,Steam Games,Entertainment,"Pune, IN",device-mobile-009,2026-08-18T01:53:46.823367+00:00,APPROVED,0,None
6828a0b0-6c2f-4bd8-9051-b454eb2c0865,17,753.72,Ajio,Shopping,"Mumbai, IN",device-mobile-017,2026-08-18T02:11:51.823367+00:00,APPROVED,0,None
8799de9b-162f-4cbd-b5c8-8aa2309bdfc0,11,796.64,Flipkart,Shopping,"Delhi, IN",device-mobile-011,2026-08-18T02:19:42.823367+00:00,APPROVED,0,None
9ed0db31-16aa-49af-a565-0cf8c889740b,48,2332.44,Dominos,Food & Dining,"Bengaluru, IN",device-mobile-048,2026-08-18T02:22:50.823367+00:00,APPROVED,0,None
c7ed3191-d0b4-4393-a38d-caa3d22419b0,46,3875.79,Uber,Travel,"Delhi, IN",device-mobile-046,2026-08-18T02:23:42.823367+00:00,APPROVED,0,None
3c2a740f-e558-4ed3-a05f-5354946fc7d4,2,3016.31,Steam Games,Entertainment,"Pune, IN",device-mobile-002,2026-08-18T02:28:21.823367+00:00,APPROVED,0,None
7785bfa5-a97e-4062-961d-7895feb7bbd6,35,3221.01,Zomato,Food & Dining,"Mumbai, IN",device-mobile-035,2026-08-18T02:44:19.823367+00:00,APPROVED,0,None
72f0496e-c71d-497b-8a22-faf99387cf24,19,1420.32,H&M,Shopping,"Kolkata, IN",device-mobile-019,2026-08-18T03:10:48.823367+00:00,APPROVED,0,None
261d0815-1493-4b80-aca8-1c11d2ec6d9c,27,1839.63,Instamart,Groceries,"Delhi, IN",device-mobile-027,2026-08-18T03:16:13.823367+00:00,APPROVED,0,None
93d56a08-471f-472c-b036-eb3106e973a0,47,4024.98,Airtel Bill,Utilities,"Bengaluru, IN",device-mobile-047,2026-08-18T03:20:02.823367+00:00,APPROVED,0,None
ca253036-9dd0-49f0-bf95-4fa7511b88cf,28,2868.36,Zara,Shopping,"Chennai, IN",device-mobile-028,2026-08-18T03:20:21.823367+00:00,APPROVED,0,None
2421988b-8ef6-4ec6-a9c8-d90393455272,35,2289.18,DMart,Groceries,"Pune, IN",device-mobile-035,2026-08-18T03:24:52.823367+00:00,APPROVED,0,None
922d07c7-7471-4339-a233-88ecb9df3318,40,1745.83,Uber,Travel,"Ahmedabad, IN",device-mobile-040,2026-08-18T03:27:43.823367+00:00,APPROVED,0,None
f9924aef-6bfd-487f-b27e-d3213a668bed,50,610.77,Rolex Boutique,Luxury & Jewelry,"Kolkata, IN",device-mobile-050,2026-08-18T03:39:21.823367+00:00,APPROVED,0,None
fbce7ae7-8cb0-486b-a7f6-f1b755853a15,47,2608.51,Uber,Travel,"Bengaluru, IN",device-mobile-047,2026-08-18T03:48:00.823367+00:00,APPROVED,0,None
87665dce-c117-41d6-b0e1-98dd9ce860bc,39,2152.98,H&M,Shopping,"Chennai, IN",device-mobile-039,2026-08-18T04:01:48.823367+00:00,APPROVED,0,None
3fcb4ead-baad-4336-b847-a1ba4cf47076,31,4635.67,H&M,Shopping,"Delhi, IN",device-laptop-031,2026-08-18T04:14:45.823367+00:00,APPROVED,0,None
c0950172-fc49-4c81-b560-966ef2e7fcef,8,3535.79,Ajio,Shopping,"Kolkata, IN",device-mobile-008,2026-08-18T04:21:59.823367+00:00,APPROVED,0,None
295512ae-e029-4282-8eb4-18c03d1ecd2c,35,4308.45,Nature's Basket,Groceries,"Hyderabad, IN",device-mobile-035,2026-08-18T04:25:37.823367+00:00,APPROVED,0,None
15c94da9-15fa-4fe8-870c-47b4d42f47ad,30,702.96,MakeMyTrip,Travel,"Bengaluru, IN",device-laptop-030,2026-08-18T04:30:26.823367+00:00,APPROVED,0,None
4403bdd4-f5d5-40d9-9610-06c56edafbb7,43,582.97,Jio Recharge,Utilities,"Pune, IN",device-mobile-043,2026-08-18T04:36:57.823367+00:00,APPROVED,0,None
d4c75fc7-88af-49d5-a8d9-2c583de11fb7,35,201795.77,Reliance Digital,Electronics,"Mumbai, IN",device-mobile-035,2026-08-18T04:47:12.823367+00:00,FLAGGED,1,HIGH_AMOUNT_SPIKE
fd06af49-cac2-4983-a4ed-e24459b39eff,46,2548.1,Reliance Digital,Electronics,"Bengaluru, IN",device-mobile-046,2026-08-18T04:47:54.823367+00:00,APPROVED,0,None
a93d2f3a-4504-444b-b9c1-f826810324e4,40,1691.4,Samsung Store,Electronics,"Ahmedabad, IN",device-mobile-040,2026-08-18T04:57:39.823367+00:00,APPROVED,0,None
4bda7759-6616-4a2d-8ccc-ada7b6af4676,6,1250.08,Adani Gas,Utilities,"Hyderabad, IN",device-mobile-006,2026-08-18T05:22:18.823367+00:00,APPROVED,0,None
f3c23e28-7a26-468a-8f63-a7cc0ba80143,42,1084.41,Nature's Basket,Groceries,"Delhi, IN",device-mobile-042,2026-08-18T05:23:05.823367+00:00,APPROVED,0,None
8cc98e92-f17b-4af1-baa0-fd2542c64852,1,2968.07,H&M,Shopping,"Bengaluru, IN",device-mobile-001,2026-08-18T05:37:38.823367+00:00,APPROVED,0,None
81734300-96a4-40b2-a354-21391689eefc,41,585.82,Zara,Shopping,"Ahmedabad, IN",device-mobile-041,2026-08-18T05:51:50.823367+00:00,APPROVED,0,None
7e9ca4ed-c1bd-4916-aefa-1c14e3bc34ef,40,2338.59,Myntra,Shopping,"Ahmedabad, IN",device-mobile-040,2026-08-18T05:54:01.823367+00:00,APPROVED,0,None
2ede5835-447a-4ecd-8702-e70dd4dd2a1a,2,4409.49,Amazon India,Shopping,"Pune, IN",device-mobile-002,2026-08-18T05:55:53.823367+00:00,APPROVED,0,None
615014e5-b1e8-4dca-a1bf-5e76436277b6,16,1457.46,Booking.com,Travel,"Chennai, IN",device-mobile-016,2026-08-18T06:00:41.823367+00:00,APPROVED,0,None
51a0f258-ebbd-4059-a037-305ffc57a367,36,3202.67,Spotify,Entertainment,"Bengaluru, IN",device-mobile-036,2026-08-18T06:13:39.823367+00:00,APPROVED,0,None
96c0aee0-7015-4a46-83cb-743493710862,2,2085.78,Swiggy,Food & Dining,"Pune, IN",device-mobile-002,2026-08-18T06:26:14.823367+00:00,APPROVED,0,None
6ad8e65a-48c1-4c4b-aefb-d37218679c03,36,4223.56,Flipkart,Shopping,"Mumbai, IN",device-mobile-036,2026-08-18T06:32:41.823367+00:00,APPROVED,0,None
b92e204c-ac17-4962-902e-63ab2a2a137f,23,1519.15,Bescom,Utilities,"Hyderabad, IN",device-mobile-023,2026-08-18T06:35:44.823367+00:00,APPROVED,0,None
51606fbd-67cb-4606-b057-8f62bc4bdf2b,4,3382.03,Flipkart,Shopping,"Bengaluru, IN",device-mobile-004,2026-08-18T06:42:57.823367+00:00,APPROVED,0,None
2a05cbb8-f525-4ee3-a1a0-c0f788210b7a,2,7251.6,Instamart,Groceries,"Mumbai, IN",device-mobile-002,2026-08-18T06:43:34.823367+00:00,APPROVED,0,None
1bff495b-5c62-43f8-b99c-38c4c517851d,36,2919.93,Croma,Electronics,"Mumbai, IN",device-mobile-036,2026-08-18T06:44:46.823367+00:00,APPROVED,0,None
98dd925f-5b9d-40b0-b84c-fcfcb063632e,34,4775.23,Samsung Store,Electronics,"Hyderabad, IN",device-mobile-034,2026-08-18T06:52:04.823367+00:00,APPROVED,0,None
e39d7c96-a9a7-4f84-9843-f22c870934ec,19,1433.99,Netflix,Entertainment,"Kolkata, IN",device-mobile-019,2026-08-18T06:56:14.823367+00:00,APPROVED,0,None
c4df078c-6499-4823-8dab-faa201b094e3,4,3692.74,McDonald's,Food & Dining,"Bengaluru, IN",device-mobile-004,2026-08-18T06:59:11.823367+00:00,APPROVED,0,None
3727f320-a8e4-45c8-854c-5b23e9740556,31,3881.4,BigBasket,Groceries,"Delhi, IN",device-mobile-031,2026-08-18T07:03:36.823367+00:00,APPROVED,0,None
da89dacc-56c5-4021-a824-fee0fdc1727b,31,1178.15,Steam Games,Entertainment,"Delhi, IN",device-mobile-031,2026-08-18T07:16:52.823367+00:00,APPROVED,0,None
b37537bf-2e21-432e-a05c-91468e497ea9,45,1541.18,Jio Recharge,Utilities,"Kolkata, IN",device-mobile-045,2026-08-18T07:19:54.823367+00:00,APPROVED,0,None
84ee3e51-5e23-4147-80b5-117244da9868,33,761.89,Ajio,Shopping,"Kolkata, IN",device-mobile-033,2026-08-18T07:42:12.823367+00:00,APPROVED,0,None
4fdd7dbe-9953-44ec-938f-1d5f6394c569,42,1708.56,BookMyShow,Entertainment,"Delhi, IN",device-mobile-042,2026-08-18T07:43:49.823367+00:00,APPROVED,0,None
8cde5937-da1c-4518-93d3-8eae775e4bb9,35,2058.07,IRCTC,Travel,"Mumbai, IN",device-mobile-035,2026-08-18T07:46:14.823367+00:00,APPROVED,0,None
7410374b-5b40-4620-bee4-8e2a1c151057,35,2941.27,Jio Recharge,Utilities,"Mumbai, IN",device-mobile-035,2026-08-18T07:53:16.823367+00:00,APPROVED,0,None
a95c9124-b86d-4741-978e-4e0208d210fa,14,1319.21,Adani Gas,Utilities,"Chennai, IN",device-mobile-014,2026-08-18T08:01:50.823367+00:00,APPROVED,0,None
9424b5b2-f8f6-40e7-954d-abd215069f18,16,3598.85,Reliance Digital,Electronics,"Chennai, IN",device-mobile-016,2026-08-18T08:02:35.823367+00:00,APPROVED,0,None
5360d8f2-1556-442e-a610-f19f28d198e6,44,22782.79,Ola,Travel,"Singapore, SG",device-mobile-044,2026-08-18T08:10:12.823367+00:00,SUSPICIOUS,1,LOCATION_HOPPING
ea7a0014-edc2-418d-a737-e6c5eb776e3e,48,939.46,Zara,Shopping,"Bengaluru, IN",device-mobile-048,2026-08-18T08:20:03.823367+00:00,APPROVED,0,None
50ff371a-d24c-48bd-832e-801d4d79e2a2,24,1829.41,Swiggy,Food & Dining,"Bengaluru, IN",device-mobile-024,2026-08-18T08:27:47.823367+00:00,APPROVED,0,None
d273693b-5aa6-4142-89e0-5c31793b8d36,14,751.99,H&M,Shopping,"Chennai, IN",device-mobile-014,2026-08-18T08:42:52.823367+00:00,APPROVED,0,None
d8b07b12-5f44-453d-bbb0-97f0d16301f3,37,974.2,Jio Recharge,Utilities,"Kolkata, IN",device-mobile-037,2026-08-18T08:58:40.823367+00:00,APPROVED,0,None
4074045b-ce73-4830-87e7-71b5bbf2d6da,36,1137.16,Instamart,Groceries,"Mumbai, IN",device-laptop-036,2026-08-18T09:05:52.823367+00:00,APPROVED,0,None
5fa10da2-94a0-405a-9498-72f51e57c2f1,8,1891.44,Myntra,Shopping,"Kolkata, IN",device-mobile-008,2026-08-18T09:10:46.823367+00:00,APPROVED,0,None
0b970a4d-1e3e-4b16-a65c-de44fa8f9db9,1,1536.11,BookMyShow,Entertainment,"Bengaluru, IN",device-mobile-001,2026-08-18T09:26:28.823367+00:00,APPROVED,0,None
4b2ab287-b9dc-4f8c-95bb-ac93780fa365,29,1764.66,Uber,Travel,"Pune, IN",device-mobile-029,2026-08-18T09:41:47.823367+00:00,APPROVED,0,None
ddcfdae8-d1ae-4a69-8b72-99c522d437df,3,3799.7,Dominos,Food & Dining,"Delhi, IN",device-mobile-003,2026-08-18T09:43:20.823367+00:00,APPROVED,0,None
36db4a0c-ff64-439b-bd94-e9c1498a16e3,38,828.1,Jio Recharge,Utilities,"Hyderabad, IN",device-laptop-038,2026-08-18T09:44:23.823367+00:00,APPROVED,0,None
0968de6d-e83c-4ca4-8a50-a4781758d81f,9,5440.56,Nature's Basket,Groceries,"Pune, IN",device-mobile-009,2026-08-18T09:44:56.823367+00:00,APPROVED,0,None
1fcc5100-b40a-4efa-9050-9cdff5a38815,49,4607.71,Tata Power,Utilities,"Delhi, IN",device-laptop-049,2026-08-18T09:51:23.823367+00:00,APPROVED,0,None
730f3079-ec4a-4fc3-b391-5a9adffdf349,29,1319.32,Vijay Sales,Electronics,"Pune, IN",device-mobile-029,2026-08-18T09:57:43.823367+00:00,APPROVED,0,None
5d63a2e1-8572-4fb8-8abe-a46641f230d2,12,5398.98,Zara,Shopping,"Ahmedabad, IN",device-mobile-012,2026-08-18T10:27:31.823367+00:00,APPROVED,0,None
02139892-2f8c-4020-8462-da303fbe4fb7,36,6726.79,BookMyShow,Entertainment,"Mumbai, IN",device-mobile-036,2026-08-18T10:27:39.823367+00:00,APPROVED,0,None
a9ea682b-bf69-4e8b-aed5-d69f7a20e297,24,3204.43,McDonald's,Food & Dining,"Bengaluru, IN",device-laptop-024,2026-08-18T10:35:25.823367+00:00,APPROVED,0,None
657fd98c-f448-454c-b5d8-a0e417460fbe,27,7023.31,Amazon India,Shopping,"Chennai, IN",device-mobile-027,2026-08-18T10:39:56.823367+00:00,SUSPICIOUS,1,RAPID_BURST
00626de4-e058-4f9d-9070-c9e3f828bccf,16,2915.46,Zepto,Groceries,"Chennai, IN",device-mobile-016,2026-08-18T10:44:35.823367+00:00,APPROVED,0,None
076e27df-7e0f-4e13-b39f-0100bb1dc1d5,29,4341.8,Apple Store,Electronics,"Pune, IN",device-mobile-029,2026-08-18T10:47:52.823367+00:00,APPROVED,0,None
89d1772a-825d-4b35-8014-98f43c30b2d9,39,2777.3,Blinkit,Groceries,"Chennai, IN",device-mobile-039,2026-08-18T11:25:33.823367+00:00,APPROVED,0,None
47ab0fa0-c18e-4fe4-baed-33c070ef2950,14,820.45,Vijay Sales,Electronics,"Chennai, IN",device-mobile-014,2026-08-18T11:30:27.823367+00:00,APPROVED,0,None
35e709c3-96b0-4f6b-8bdd-535582ddeddd,8,3234.5,Starbucks,Food & Dining,"Kolkata, IN",device-mobile-008,2026-08-18T11:32:49.823367+00:00,APPROVED,0,None
1d6b8881-a250-483b-8188-e6b6b6b30b62,38,311.37,BookMyShow,Entertainment,"Hyderabad, IN",device-mobile-038,2026-08-18T11:35:15.823367+00:00,APPROVED,0,None
f8d7f175-82d1-4266-ba02-1dcc987b7f99,43,565.9,BookMyShow,Entertainment,"Pune, IN",device-laptop-043,2026-08-18T11:38:23.823367+00:00,APPROVED,0,None
9dad7d3d-1418-4324-aa8f-b9d8a1939a06,27,919.51,Blinkit,Groceries,"Chennai, IN",device-mobile-027,2026-08-18T11:38:41.823367+00:00,APPROVED,0,None
fc4c3fea-bddc-47b3-937c-fdcefdae8105,28,3477.26,Blinkit,Groceries,"Chennai, IN",device-mobile-028,2026-08-18T11:43:37.823367+00:00,APPROVED,0,None
5cb60415-89d6-4e36-af48-def0c1b24afa,30,680.78,Nature's Basket,Groceries,"Mumbai, IN",device-mobile-030,2026-08-18T11:47:26.823367+00:00,APPROVED,0,None
33aefbf8-419d-4453-907e-f0b672f33e03,21,2466.87,Amazon India,Shopping,"Chennai, IN",device-mobile-021,2026-08-18T11:51:47.823367+00:00,APPROVED,0,None
e581deb0-07f6-4273-b701-48fdb6e94628,27,709.36,Swiggy,Food & Dining,"Chennai, IN",device-mobile-027,2026-08-18T11:53:21.823367+00:00,APPROVED,0,None
8f658fb0-a727-4d80-a370-ad0e0065c739,36,1760.19,Jio Recharge,Utilities,"Kolkata, IN",device-mobile-036,2026-08-18T11:59:31.823367+00:00,APPROVED,0,None
3eaf3ea7-305b-4ecd-93ec-d146e3352a9b,7,654.11,Apple Store,Electronics,"Mumbai, IN",device-mobile-007,2026-08-18T12:04:32.823367+00:00,APPROVED,0,None
dd244d1d-fb72-4d81-a014-224bb512b05b,7,383.84,McDonald's,Food & Dining,"Mumbai, IN",device-laptop-007,2026-08-18T12:04:33.823367+00:00,APPROVED,0,None
7a562b9f-40c4-4f07-9fed-b0ba4ecd28eb,25,39407.97,Apple Store,Electronics,"Bengaluru, IN",device-emulator-root-8669,2026-08-18T12:17:54.823367+00:00,SUSPICIOUS,1,UNRECOGNIZED_DEVICE
d1b7d4c0-8507-45d7-9605-e90fb2da4ea0,24,1154.6,Reliance Digital,Electronics,"Bengaluru, IN",device-mobile-024,2026-08-18T12:25:50.823367+00:00,APPROVED,0,None
7d059414-d868-49d0-8f4e-60db09737658,49,1822.57,Nature's Basket,Groceries,"Delhi, IN",device-mobile-049,2026-08-18T12:38:06.823367+00:00,APPROVED,0,None
fcb66f72-479d-4d3d-a571-91273926e917,24,989.77,Amazon India,Shopping,"Bengaluru, IN",device-mobile-024,2026-08-18T12:44:10.823367+00:00,APPROVED,0,None
d62dfb03-d8be-45e4-aa83-808674fb9efb,13,1544.17,Zepto,Groceries,"Hyderabad, IN",device-mobile-013,2026-08-18T12:57:42.823367+00:00,APPROVED,0,None
cd326a85-c8a0-4072-a92a-9fe3ccabd5f9,49,1824.56,Flipkart,Shopping,"Delhi, IN",device-mobile-049,2026-08-18T13:00:30.823367+00:00,APPROVED,0,None
4aff7794-3200-4956-84c0-2f0f047c9414,33,1187.03,Blinkit,Groceries,"Kolkata, IN",device-mobile-033,2026-08-18T13:01:06.823367+00:00,APPROVED,0,None
670b4063-aa36-4948-9f13-1b3b86a6b04f,8,3169.93,Netflix,Entertainment,"Kolkata, IN",device-mobile-008,2026-08-18T13:13:45.823367+00:00,APPROVED,0,None
2dea91b9-aaab-4037-aa18-3ee992479fa9,38,1602.95,Steam Games,Shopping,"Bucharest, RO",device-botnet-26,2026-08-18T13:14:41.823367+00:00,FLAGGED,1,FAILED_ATTEMPT_STUFFING
f85e4433-2cbb-4ab3-8b19-2da136dc4fb1,21,1997.15,Dominos,Food & Dining,"Pune, IN",device-laptop-021,2026-08-18T13:17:51.823367+00:00,APPROVED,0,None
21d809ce-6fbb-45c5-a73d-10e124958318,24,1930.23,Tata Power,Utilities,"Bengaluru, IN",device-mobile-024,2026-08-18T13:31:31.823367+00:00,APPROVED,0,None
fa676bac-43ef-4f75-9a90-57786f5c50cd,22,488.96,BookMyShow,Entertainment,"Bengaluru, IN",device-mobile-022,2026-08-18T13:43:33.823367+00:00,APPROVED,0,None
2d1a9e80-b9e5-49f8-a1da-19e3dced75ad,48,4605.24,Dominos,Food & Dining,"Bengaluru, IN",device-mobile-048,2026-08-18T13:58:04.823367+00:00,APPROVED,0,None
e9813ae8-6903-4ac0-86db-fa9d6402a825,12,3147.37,Bescom,Utilities,"Chennai, IN",device-mobile-012,2026-08-18T14:02:29.823367+00:00,APPROVED,0,None
2e534db4-97bf-4db1-bc75-653f193555ad,47,1765.01,Airtel Bill,Utilities,"Bengaluru, IN",device-laptop-047,2026-08-18T14:10:39.823367+00:00,APPROVED,0,None
91e6242f-a4e6-4d68-92a0-e30b078e9629,4,2093.62,Amazon India,Shopping,"Pune, IN",device-mobile-004,2026-08-18T14:28:23.823367+00:00,APPROVED,0,None
5a3028e4-e117-43be-aa77-cb19a6ae0c86,48,3270.49,Zara,Shopping,"Bengaluru, IN",device-mobile-048,2026-08-18T14:34:44.823367+00:00,APPROVED,0,None
c0f6be0e-73d0-488e-9eea-9131de0859ea,26,3194.09,Spotify,Entertainment,"Ahmedabad, IN",device-mobile-026,2026-08-18T14:54:34.823367+00:00,APPROVED,0,None
d358a444-a4ac-415b-bc4c-829cd1872c9e,22,476.66,Airtel Bill,Utilities,"Hyderabad, IN",device-mobile-022,2026-08-18T14:55:18.823367+00:00,APPROVED,0,None
44f5849f-6d5d-4973-b92e-a44f7e630c31,45,1777.91,Zara,Shopping,"Kolkata, IN",device-mobile-045,2026-08-18T15:00:04.823367+00:00,APPROVED,0,None
87e36621-b6b5-4bbc-aff2-f59ff0d52deb,31,2326.56,BigBasket,Groceries,"Delhi, IN",device-mobile-031,2026-08-18T15:04:21.823367+00:00,APPROVED,0,None
55e7f709-6e44-41e8-9826-00000d92ba18,40,1549.72,Myntra,Shopping,"Ahmedabad, IN",device-mobile-040,2026-08-18T15:06:50.823367+00:00,APPROVED,0,None
83fd0689-6737-4283-8bf5-2d5575d05492,39,1785.14,Myntra,Shopping,"Chennai, IN",device-mobile-039,2026-08-18T15:23:58.823367+00:00,APPROVED,0,None
47eeb687-c014-4bb6-9b57-c0a0875304a7,42,1805.13,H&M,Shopping,"Delhi, IN",device-mobile-042,2026-08-18T15:24:15.823367+00:00,APPROVED,0,None
2da1321c-ab78-448c-8378-10a34d820ff4,33,1018.56,Netflix,Entertainment,"Kolkata, IN",device-mobile-033,2026-08-18T15:27:01.823367+00:00,APPROVED,0,None
a870707d-8b7b-432a-954a-0f837350682e,50,825.64,Zara,Shopping,"Kolkata, IN",device-mobile-050,2026-08-18T15:35:10.823367+00:00,APPROVED,0,None
9846d4a9-26bd-49b4-8c57-43e10091ffed,5,1483.26,Amazon India,Shopping,"Mumbai, IN",device-mobile-005,2026-08-18T15:41:40.823367+00:00,APPROVED,0,None
0bc3e87a-b2b1-4dc0-b603-d1d5a8b50730,31,3843.06,MakeMyTrip,Travel,"Delhi, IN",device-mobile-031,2026-08-18T15:56:10.823367+00:00,APPROVED,0,None
45c68ac1-bc4c-46e2-be7b-9135114b4ce7,45,875.72,Uber,Travel,"Kolkata, IN",device-mobile-045,2026-08-18T15:56:33.823367+00:00,APPROVED,0,None
bb8bd8f5-570a-4e30-bf4b-26d09b1abdcc,48,1844.21,McDonald's,Food & Dining,"Bengaluru, IN",device-mobile-048,2026-08-18T15:59:10.823367+00:00,APPROVED,0,None
b5edd730-36ce-44fa-8872-2ad9826fec37,34,3274.69,Croma,Electronics,"Hyderabad, IN",device-mobile-034,2026-08-18T16:01:14.823367+00:00,APPROVED,0,None
916e283e-c33d-4df7-8930-f3019156ead4,15,1924.4,Swiggy,Food & Dining,"Kolkata, IN",device-mobile-015,2026-08-18T16:03:55.823367+00:00,APPROVED,0,None
621f5cba-4f3b-40e2-87be-4b3b00f851c4,5,873.98,Barbeque Nation,Food & Dining,"Mumbai, IN",device-mobile-005,2026-08-18T16:25:11.823367+00:00,APPROVED,0,None
6932190b-1f90-4ae8-adc6-72efef4bf473,34,3587.63,Ajio,Shopping,"Delhi, IN",device-mobile-034,2026-08-18T16:35:06.823367+00:00,APPROVED,0,None
bc61aae3-595b-4c52-ab1c-3ff99e0e645a,28,2693.37,Barbeque Nation,Food & Dining,"Chennai, IN",device-mobile-028,2026-08-18T16:35:56.823367+00:00,APPROVED,0,None
3917b8e6-46bb-4df4-901b-dfe0fc87be78,11,550.59,Steam Games,Entertainment,"Delhi, IN",device-laptop-011,2026-08-18T16:43:00.823367+00:00,APPROVED,0,None
01d79bff-15cd-439e-9aa1-972a8a031da0,24,1784.27,Amazon India,Shopping,"Bengaluru, IN",device-mobile-024,2026-08-18T17:01:49.823367+00:00,APPROVED,0,None
9184dd15-5226-4144-b8ac-96566ccce0be,9,1973.44,H&M,Shopping,"Pune, IN",device-laptop-009,2026-08-18T17:09:36.823367+00:00,APPROVED,0,None
cb419179-dd7b-4628-ab14-6af243a77da6,42,4012.26,PVR Cinemas,Entertainment,"Delhi, IN",device-mobile-042,2026-08-18T17:11:24.823367+00:00,APPROVED,0,None
ff144465-c216-4ba8-b87a-754e2e71d2e7,28,6318.55,MakeMyTrip,Travel,"London, UK",device-mobile-028,2026-08-18T17:13:21.823367+00:00,SUSPICIOUS,1,LOCATION_HOPPING
b1fa6ab6-d079-4779-8ae7-1b7c1650d81a,13,5076.09,Croma,Electronics,"Hyderabad, IN",device-laptop-013,2026-08-18T17:25:38.823367+00:00,APPROVED,0,None
97dc30eb-df0a-40b9-bae3-5dcd129823d8,31,3551.08,Flipkart,Shopping,"Delhi, IN",device-mobile-031,2026-08-18T17:32:28.823367+00:00,APPROVED,0,None
6d5dfe65-affd-48f0-a51e-c9f040737a2e,36,3365.84,Myntra,Shopping,"Bengaluru, IN",device-mobile-036,2026-08-18T17:40:52.823367+00:00,APPROVED,0,None
6a25843d-98a7-4e82-8874-5ea936d54868,14,917.92,DMart,Groceries,"Mumbai, IN",device-mobile-014,2026-08-18T17:46:23.823367+00:00,APPROVED,0,None
25314c31-c5fd-4c2d-ba88-9552dca4eb8e,37,596.55,Rolex Boutique,Luxury & Jewelry,"Kolkata, IN",device-mobile-037,2026-08-18T17:48:08.823367+00:00,APPROVED,0,None
b1947e3a-8e75-4a36-a023-ca3eae440f2c,30,526.52,Ola,Travel,"Bengaluru, IN",device-mobile-030,2026-08-18T18:21:19.823367+00:00,APPROVED,0,None
36713d7c-d39b-4eae-9b92-847551014c21,22,2076.94,H&M,Shopping,"Bengaluru, IN",device-mobile-022,2026-08-18T18:22:32.823367+00:00,APPROVED,0,None
1c4daea3-537e-48d9-94b2-594e0fd8ae14,38,491.01,Ajio,Shopping,"Hyderabad, IN",device-laptop-038,2026-08-18T18:26:42.823367+00:00,APPROVED,0,None
791432d1-ce5e-4ded-baf1-5c68285f3d02,20,1320.99,BookMyShow,Entertainment,"Pune, IN",device-mobile-020,2026-08-18T18:26:55.823367+00:00,APPROVED,0,None
bd4bdf22-2339-493f-889b-d7097e0fb03c,23,1866.5,Zara,Shopping,"Hyderabad, IN",device-laptop-023,2026-08-18T18:31:44.823367+00:00,APPROVED,0,None
27dddfc2-9ad0-4349-9bbd-ea782e13edd5,14,663.34,Ola,Travel,"Chennai, IN",device-mobile-014,2026-08-18T18:44:20.823367+00:00,APPROVED,0,None
5b6172d9-aa44-427d-ad03-bfb540656c62,6,653.82,PVR Cinemas,Entertainment,"Hyderabad, IN",device-mobile-006,2026-08-18T18:48:34.823367+00:00,APPROVED,0,None
4a30fec3-8c09-407f-b20c-43588c70e750,1,1275.23,Nature's Basket,Groceries,"Bengaluru, IN",device-mobile-001,2026-08-18T19:00:08.823367+00:00,APPROVED,0,None
f06ee148-89b3-40a3-a93b-900a15e557be,36,2285.99,Amazon India,Shopping,"Mumbai, IN",device-laptop-036,2026-08-18T19:07:07.823367+00:00,APPROVED,0,None
b8d8d9c6-b782-467e-b199-00a751ffddc7,41,1326.64,Ajio,Shopping,"Ahmedabad, IN",device-mobile-041,2026-08-18T19:07:24.823367+00:00,APPROVED,0,None
f77b5c1c-fd03-43af-9adf-a9f618e4d959,39,7461.27,Ajio,Shopping,"Chennai, IN",device-mobile-039,2026-08-18T19:11:43.823367+00:00,APPROVED,0,None
7807a45a-6d65-49b5-abac-f79725f3b840,29,4426.2,Zomato,Food & Dining,"Pune, IN",device-mobile-029,2026-08-18T19:16:22.823367+00:00,APPROVED,0,None
b046d60b-a775-47cb-b92a-eebc5936368c,35,7112.18,Myntra,Shopping,"Mumbai, IN",device-mobile-035,2026-08-18T19:22:03.823367+00:00,APPROVED,0,None
757f4d09-9e0a-4cb8-beff-58f861a1961f,11,278.08,Uber,Travel,"Delhi, IN",device-mobile-011,2026-08-18T19:25:14.823367+00:00,APPROVED,0,None
da0b163b-c50c-46d8-b76f-60945b45fd14,15,1617.0,Ajio,Shopping,"Kolkata, IN",device-mobile-015,2026-08-18T19:39:07.823367+00:00,APPROVED,0,None
3ffbe30f-4501-48be-a469-537a2197469d,11,575.65,Croma,Electronics,"Mumbai, IN",device-mobile-011,2026-08-18T19:39:09.823367+00:00,APPROVED,0,None
76727818-98d2-4519-8653-80ba57bbc78a,6,748.9,Adani Gas,Utilities,"Hyderabad, IN",device-mobile-006,2026-08-18T19:43:21.823367+00:00,APPROVED,0,None
56c48fa7-2043-4026-8eaa-3d1f8aca9a01,8,5611.21,Steam Games,Entertainment,"Kolkata, IN",device-mobile-008,2026-08-18T19:55:13.823367+00:00,APPROVED,0,None
cc58135b-69e7-4f80-93af-c258f844e49b,4,1444.57,Apple Store,Electronics,"Bengaluru, IN",device-mobile-004,2026-08-18T20:27:27.823367+00:00,APPROVED,0,None
3f58fa61-fdba-416e-9c0c-77d495ad6e92,36,3497.04,Bescom,Utilities,"Mumbai, IN",device-mobile-036,2026-08-18T20:29:11.823367+00:00,APPROVED,0,None
a9a58734-869a-4827-8d7c-0260e0ecc993,10,1010.94,Adani Gas,Utilities,"Mumbai, IN",device-mobile-010,2026-08-18T20:44:29.823367+00:00,APPROVED,0,None
23ce7bbf-477d-4e86-98a1-dce7d4f04921,36,3202.37,PVR Cinemas,Entertainment,"Mumbai, IN",device-laptop-036,2026-08-18T20:51:46.823367+00:00,APPROVED,0,None
56a3afc9-0941-4475-8fa8-050794b3082d,26,2521.16,Zepto,Groceries,"Ahmedabad, IN",device-mobile-026,2026-08-18T20:53:55.823367+00:00,APPROVED,0,None
01817f96-e933-4ee4-8e1e-3df87857bb08,1,1606.74,Swiggy,Food & Dining,"Bengaluru, IN",device-mobile-001,2026-08-18T21:01:43.823367+00:00,APPROVED,0,None
659a876e-1722-4f11-a902-96884c5a1e38,4,2872.01,Vijay Sales,Electronics,"Bengaluru, IN",device-mobile-004,2026-08-18T21:05:57.823367+00:00,APPROVED,0,None
780e6a7b-7754-42cb-9a62-4cfa9489868f,29,4425.07,BookMyShow,Entertainment,"Pune, IN",device-mobile-029,2026-08-18T21:13:23.823367+00:00,APPROVED,0,None
00ca4f58-108e-4685-b136-22a64a5dcf08,41,1120.84,Myntra,Shopping,"Ahmedabad, IN",device-mobile-041,2026-08-18T21:14:39.823367+00:00,APPROVED,0,None
6934a95e-1d42-4f7c-a857-dfebc995c6dd,10,3893.51,Zepto,Groceries,"Mumbai, IN",device-mobile-010,2026-08-18T21:28:18.823367+00:00,APPROVED,0,None
b85338cc-da44-4a64-9258-104466c9eccd,22,2363.6,DMart,Groceries,"Pune, IN",device-mobile-022,2026-08-18T21:40:59.823367+00:00,APPROVED,0,None
892e8340-b7a4-48f2-af13-34d94cf069af,3,3174.74,Flipkart,Shopping,"Delhi, IN",device-mobile-003,2026-08-18T21:41:13.823367+00:00,APPROVED,0,None
df98ddea-fad6-4afc-ba30-c78a214d8ac3,48,2158.1,Dominos,Food & Dining,"Bengaluru, IN",device-mobile-048,2026-08-18T21:48:21.823367+00:00,APPROVED,0,None
f50c0776-b601-4f0c-98a3-fbb6c556cbf2,2,5625.02,Flipkart,Shopping,"Pune, IN",device-mobile-002,2026-08-18T22:09:54.823367+00:00,APPROVED,0,None
2055b937-0377-4c68-997b-ee4f56f382fa,7,754.13,Instamart,Groceries,"Mumbai, IN",device-mobile-007,2026-08-18T22:10:07.823367+00:00,APPROVED,0,None
7fe74dec-9fa4-4981-a0c0-675999c98ba4,31,2414.38,Samsung Store,Electronics,"Delhi, IN",device-mobile-031,2026-08-18T22:15:39.823367+00:00,APPROVED,0,None
0cf2f9f7-e426-4c34-a821-b9ec1942e152,43,1157.42,Ajio,Shopping,"Pune, IN",device-mobile-043,2026-08-18T22:22:30.823367+00:00,APPROVED,0,None
4326c48a-8610-4cf0-926c-eae780e542a7,28,1701.99,Zara,Shopping,"Chennai, IN",device-mobile-028,2026-08-18T22:41:51.823367+00:00,APPROVED,0,None
ff439802-b8f1-4db9-a3e4-68f4e0cfd50e,19,2154.28,Myntra,Shopping,"Kolkata, IN",device-mobile-019,2026-08-18T23:08:24.823367+00:00,APPROVED,0,None
1813ca4d-b16e-4e5c-ba70-3845c5e67d3c,28,1131.27,Instamart,Groceries,"Chennai, IN",device-mobile-028,2026-08-18T23:08:53.823367+00:00,APPROVED,0,None
835be286-1287-45b5-9e17-a0194d9b0adc,5,12121.35,Amazon India,Shopping,"Mumbai, IN",device-mobile-005,2026-08-18T23:23:34.823367+00:00,SUSPICIOUS,1,RAPID_BURST
2508991f-700a-4995-8653-982bd9d75011,9,2960.19,Starbucks,Food & Dining,"Pune, IN",device-laptop-009,2026-08-18T23:39:13.823367+00:00,APPROVED,0,None
49bb4194-8aed-4ea0-8b3f-1b846cfd8aaa,46,781.32,Blinkit,Groceries,"Delhi, IN",device-laptop-046,2026-08-18T23:43:56.823367+00:00,APPROVED,0,None
83bebfd2-9ee9-41c4-abb0-ec2ebad03a07,43,17212.53,Ola,Travel,"Dubai, AE",device-mobile-043,2026-08-19T00:12:51.823367+00:00,SUSPICIOUS,1,LOCATION_HOPPING
08f619d9-38f7-49c6-a8e6-374b4df78908,2,4458.68,McDonald's,Food & Dining,"Pune, IN",device-mobile-002,2026-08-19T00:13:51.823367+00:00,APPROVED,0,None
a911a6a3-5d0b-4aa3-8082-ff8cd39a54ed,46,29461.98,MakeMyTrip,Travel,"Moscow, RU",device-mobile-046,2026-08-19T00:18:49.823367+00:00,SUSPICIOUS,1,LOCATION_HOPPING
93965d88-d035-41a8-b5af-34276ada5338,32,1419.7,McDonald's,Food & Dining,"Hyderabad, IN",device-mobile-032,2026-08-19T00:29:46.823367+00:00,APPROVED,0,None
dd114043-ea0d-451b-b776-da98a013ff26,31,1290.34,Amazon India,Shopping,"Delhi, IN",device-mobile-031,2026-08-19T00:39:12.823367+00:00,APPROVED,0,None
6a93a162-f5d7-4894-90f7-ec3178d35380,21,2205.34,Jio Recharge,Utilities,"Chennai, IN",device-mobile-021,2026-08-19T00:39:47.823367+00:00,APPROVED,0,None
d84141ec-df18-465f-a121-5a6c33301c26,27,868.31,Jio Recharge,Utilities,"Kolkata, IN",device-mobile-027,2026-08-19T00:40:03.823367+00:00,APPROVED,0,None
dca0bb1c-f94b-4355-adeb-1dcc9b7bcb08,41,413.54,Vijay Sales,Electronics,"Ahmedabad, IN",device-mobile-041,2026-08-19T00:53:47.823367+00:00,APPROVED,0,None
609b3a17-e1c5-4238-924c-34850416faf3,25,4146.24,Booking.com,Travel,"Bengaluru, IN",device-mobile-025,2026-08-19T01:03:02.823367+00:00,APPROVED,0,None
a44cd58a-c75a-48ec-ade9-d4f244a79247,7,425.77,Jio Recharge,Utilities,"Mumbai, IN",device-mobile-007,2026-08-19T01:04:24.823367+00:00,APPROVED,0,None
6dc00b70-0dca-4492-9f42-9b4405aa0844,4,3341.59,Croma,Electronics,"Bengaluru, IN",device-mobile-004,2026-08-19T01:07:35.823367+00:00,APPROVED,0,None
abf1fb86-f339-4ea7-be56-56ec12c0dd4c,27,1487.99,H&M,Shopping,"Chennai, IN",device-mobile-027,2026-08-19T01:13:54.823367+00:00,APPROVED,0,None
cdfa74ab-fb95-47e6-85ff-05c87f6b9e3a,40,1067.46,Ola,Travel,"Ahmedabad, IN",device-mobile-040,2026-08-19T01:17:59.823367+00:00,APPROVED,0,None
ab275bda-f1ac-43a6-bfbb-7e046d33fe97,7,1926.51,Myntra,Shopping,"Mumbai, IN",device-mobile-007,2026-08-19T01:18:25.823367+00:00,APPROVED,0,None
1682f08a-cff7-4f6d-bbb4-72116c35278c,37,873.7,Ajio,Shopping,"Kolkata, IN",device-mobile-037,2026-08-19T01:20:50.823367+00:00,APPROVED,0,None
aa92da8a-2bdd-48f5-b269-82ca44a373c1,47,2604.16,Zepto,Groceries,"Bengaluru, IN",device-mobile-047,2026-08-19T01:27:15.823367+00:00,APPROVED,0,None
09fc55c8-0d68-40c2-897b-8ea1c4a215b9,46,1751.21,Croma,Electronics,"Delhi, IN",device-laptop-046,2026-08-19T01:38:54.823367+00:00,APPROVED,0,None
36ba551a-a64a-476d-9178-295e19dd4f12,11,794.42,Barbeque Nation,Food & Dining,"Delhi, IN",device-mobile-011,2026-08-19T01:39:43.823367+00:00,APPROVED,0,None
17abdee3-29be-4b48-98c0-472ba635fc5c,31,7364.42,Netflix,Entertainment,"Delhi, IN",device-mobile-031,2026-08-19T01:47:44.823367+00:00,APPROVED,0,None
c749cf3b-e51c-494c-8033-700a83518f62,14,790.44,Tata Power,Utilities,"Chennai, IN",device-mobile-014,2026-08-19T01:57:46.823367+00:00,APPROVED,0,None
260110eb-6a77-4a75-a802-58d8375ce9fc,22,1247.76,Zomato,Food & Dining,"Bengaluru, IN",device-mobile-022,2026-08-19T02:25:26.823367+00:00,APPROVED,0,None
9590649a-ce12-4bd3-abd7-2934f82cbe00,26,1168.91,IRCTC,Travel,"Ahmedabad, IN",device-mobile-026,2026-08-19T02:26:46.823367+00:00,APPROVED,0,None
b4320be3-d515-440f-9129-78a3edeca7d6,1,1298.75,BigBasket,Groceries,"Bengaluru, IN",device-mobile-001,2026-08-19T02:40:10.823367+00:00,APPROVED,0,None
d2d358c3-5127-4d7c-bf55-eee881d049ec,2,2859.03,Dominos,Food & Dining,"Pune, IN",device-mobile-002,2026-08-19T02:58:52.823367+00:00,APPROVED,0,None
a7295e39-9f8f-4ff9-9925-514b45578df5,12,1760.16,MakeMyTrip,Travel,"Chennai, IN",device-mobile-012,2026-08-19T03:01:50.823367+00:00,APPROVED,0,None
bbb40120-5d3c-445f-b841-ced2ad49cf58,31,1131.52,Starbucks,Food & Dining,"Delhi, IN",device-mobile-031,2026-08-19T03:05:34.823367+00:00,APPROVED,0,None
0029e8bd-9452-4609-a8bd-697242d9a689,3,7192.62,Vijay Sales,Electronics,"Delhi, IN",device-mobile-003,2026-08-19T03:10:35.823367+00:00,APPROVED,0,None
84a87282-fd7b-4a0d-9277-1be6f4abbfec,16,1894.31,Reliance Digital,Electronics,"Chennai, IN",device-mobile-016,2026-08-19T03:40:09.823367+00:00,APPROVED,0,None
32d9671b-7874-4369-8eb5-7f9580cbeb87,49,2605.23,Samsung Store,Electronics,"Delhi, IN",device-mobile-049,2026-08-19T03:57:33.823367+00:00,APPROVED,0,None
77fcd42e-96d4-49f9-b2fe-986fa5c12f9c,35,4828.72,Samsung Store,Electronics,"Mumbai, IN",device-mobile-035,2026-08-19T04:02:54.823367+00:00,APPROVED,0,None
1b4fb8bb-4cfb-4c01-b4c4-2707a593f3c2,34,3176.36,BigBasket,Groceries,"Hyderabad, IN",device-mobile-034,2026-08-19T04:08:54.823367+00:00,APPROVED,0,None
c9f782e8-470c-457f-a993-df9b743105d3,23,1479.85,Tata Power,Utilities,"Hyderabad, IN",device-mobile-023,2026-08-19T04:13:51.823367+00:00,APPROVED,0,None
4fdeebef-e692-43c1-9d68-8bbc04bf48a6,10,3973.51,Ola,Travel,"Mumbai, IN",device-mobile-010,2026-08-19T04:17:50.823367+00:00,APPROVED,0,None
222ddd71-9f8d-4a6b-a8fd-fd85a8c71a9f,27,1577.49,Barbeque Nation,Food & Dining,"Chennai, IN",device-mobile-027,2026-08-19T04:26:19.823367+00:00,APPROVED,0,None
632133c7-a9c3-467f-bb9f-5523af10f254,33,689.41,Spotify,Entertainment,"Kolkata, IN",device-mobile-033,2026-08-19T04:30:17.823367+00:00,APPROVED,0,None
eaaf5981-1b96-4b33-b4e1-5ab3653fb38b,13,84981.29,Apple Store,Electronics,"Mumbai, IN",device-emulator-root-5419,2026-08-19T04:38:56.823367+00:00,SUSPICIOUS,1,UNRECOGNIZED_DEVICE
fed91d51-356e-41be-9b60-8d0fab3e4d1c,27,1881.54,H&M,Shopping,"Chennai, IN",device-mobile-027,2026-08-19T04:49:25.823367+00:00,APPROVED,0,None
4137ae79-e104-4d12-85a4-2c93901f2570,43,837.54,Zomato,Food & Dining,"Pune, IN",device-mobile-043,2026-08-19T05:11:58.823367+00:00,APPROVED,0,None
775cee51-22ad-4256-b026-88bfae365ef2,40,6312.52,Amazon India,Shopping,"Ahmedabad, IN",device-mobile-040,2026-08-19T05:25:50.823367+00:00,SUSPICIOUS,1,RAPID_BURST
9d7ecf47-b939-473b-95af-253b88e70db5,6,205254.22,Samsung Store,Electronics,"Hyderabad, IN",device-mobile-006,2026-08-19T05:29:29.823367+00:00,FLAGGED,1,HIGH_AMOUNT_SPIKE
0a2ccf0d-fb9c-4460-b6f7-9aa0bf6d18be,46,2723.22,Barbeque Nation,Food & Dining,"Delhi, IN",device-mobile-046,2026-08-19T05:33:26.823367+00:00,APPROVED,0,None
fa3ca915-610b-4ddc-b56c-fd086acff380,5,1112.06,Ola,Travel,"Mumbai, IN",device-mobile-005,2026-08-19T05:34:14.823367+00:00,APPROVED,0,None
2399fb95-cccc-4c92-b9a7-bfbd2dbb65d1,2,2520.42,Croma,Electronics,"Pune, IN",device-mobile-002,2026-08-19T05:41:26.823367+00:00,APPROVED,0,None
21404553-3332-44b8-9c9d-b451a32c3fa1,33,330.75,Croma,Electronics,"Kolkata, IN",device-mobile-033,2026-08-19T06:09:37.823367+00:00,APPROVED,0,None
40f6a417-16f2-4c4a-bb4e-e8792e6e089b,43,973.97,Vijay Sales,Electronics,"Pune, IN",device-mobile-043,2026-08-19T06:13:31.823367+00:00,APPROVED,0,None
06266e95-5fe4-4619-923e-9d1f70a3e268,38,1008.63,Starbucks,Food & Dining,"Hyderabad, IN",device-mobile-038,2026-08-19T06:19:52.823367+00:00,APPROVED,0,None
04647b08-6dc9-40f9-aec8-0048ff6f05f1,29,1793.44,Samsung Store,Electronics,"Pune, IN",device-mobile-029,2026-08-19T06:27:39.823367+00:00,APPROVED,0,None
965f21f7-19a0-4c82-ae73-c24a1e441ddf,2,5514.55,Steam Games,Entertainment,"Pune, IN",device-mobile-002,2026-08-19T06:31:20.823367+00:00,APPROVED,0,None
944b3653-0e03-4b17-a8d9-da8eab1d8372,3,4611.62,Flipkart,Shopping,"Delhi, IN",device-mobile-003,2026-08-19T06:33:28.823367+00:00,APPROVED,0,None
f055d860-6a2c-4036-aa8f-7841b421c3fb,20,802.39,Tata Power,Utilities,"Pune, IN",device-mobile-020,2026-08-19T06:42:44.823367+00:00,APPROVED,0,None
53f205ae-d08e-4d40-824b-51bfa0ea6840,29,1167.19,Steam Games,Entertainment,"Mumbai, IN",device-mobile-029,2026-08-19T06:48:09.823367+00:00,APPROVED,0,None
88e991ff-6a42-454e-94df-a4725e4d0523,9,2334.52,Airtel Bill,Utilities,"Pune, IN",device-mobile-009,2026-08-19T06:57:54.823367+00:00,APPROVED,0,None
346cd31d-2f65-43b6-93ee-70f56ff22081,10,6951.48,Netflix,Entertainment,"Mumbai, IN",device-mobile-010,2026-08-19T07:00:06.823367+00:00,APPROVED,0,None
bf7f69e1-628b-4d7a-933e-20b06648f365,1,1875.74,Blinkit,Groceries,"Bengaluru, IN",device-mobile-001,2026-08-19T07:08:56.823367+00:00,APPROVED,0,None
170493b5-e4d2-469b-999f-05bd6b7d84a1,10,4319.81,BigBasket,Groceries,"Kolkata, IN",device-mobile-010,2026-08-19T07:14:09.823367+00:00,APPROVED,0,None
778472ec-a7eb-462a-b149-c4c0ba7a9fca,2,2047.66,Croma,Electronics,"Pune, IN",device-mobile-002,2026-08-19T07:15:13.823367+00:00,APPROVED,0,None
9f9f7b86-ef23-48f7-8ebf-303695cd6f6c,24,1202.15,DMart,Groceries,"Hyderabad, IN",device-mobile-024,2026-08-19T07:17:11.823367+00:00,APPROVED,0,None
df779fdf-1db6-47fe-99b7-f8143983c959,30,292.86,Blinkit,Groceries,"Bengaluru, IN",device-mobile-030,2026-08-19T07:19:36.823367+00:00,APPROVED,0,None
1547d6d5-e0bb-420c-803b-5e462eb0b4cb,42,2920.77,Starbucks,Food & Dining,"Delhi, IN",device-mobile-042,2026-08-19T07:36:23.823367+00:00,APPROVED,0,None
892a7b52-6222-4c82-bf62-ead433dfca37,34,3847.69,IRCTC,Travel,"Chennai, IN",device-mobile-034,2026-08-19T07:37:17.823367+00:00,APPROVED,0,None
26f1e50e-85ee-4f56-ae25-5239a8587069,12,6852.55,Steam Games,Shopping,"Moscow, RU",device-botnet-64,2026-08-19T07:58:32.823367+00:00,FLAGGED,1,FAILED_ATTEMPT_STUFFING
999c813e-1720-4d98-9739-b8ad2f090734,3,4391.5,Malabar Gold,Luxury & Jewelry,"Delhi, IN",device-mobile-003,2026-08-19T07:59:07.823367+00:00,APPROVED,0,None
b5b6cc5d-d9d5-42fa-b720-3a860c78dff3,3,2001.7,Samsung Store,Electronics,"Delhi, IN",device-mobile-003,2026-08-19T07:59:43.823367+00:00,APPROVED,0,None
0d301c40-5ec1-49ba-bc60-cf020cf817fc,28,3378.46,Booking.com,Travel,"Pune, IN",device-mobile-028,2026-08-19T08:02:52.823367+00:00,APPROVED,0,None
c79e8a12-1be9-414b-a850-49542ae91f65,24,1545.14,Samsung Store,Electronics,"Bengaluru, IN",device-mobile-024,2026-08-19T08:09:16.823367+00:00,APPROVED,0,None
f0ab9de2-bf88-4836-b707-8befaa9cd2b0,31,1373.07,Samsung Store,Electronics,"Delhi, IN",device-laptop-031,2026-08-19T08:12:56.823367+00:00,APPROVED,0,None
8a2627ab-eb25-4594-b35b-70711ea18260,23,1746.61,Tata Power,Utilities,"Hyderabad, IN",device-mobile-023,2026-08-19T08:17:00.823367+00:00,APPROVED,0,None
bb4a7f0b-677e-478f-8640-9ce88949bada,30,1100.37,Zara,Shopping,"Hyderabad, IN",device-mobile-030,2026-08-19T08:29:30.823367+00:00,APPROVED,0,None
53c46fcc-9882-4985-aaf2-953eea927797,8,1317.64,Nature's Basket,Groceries,"Kolkata, IN",device-mobile-008,2026-08-19T08:32:05.823367+00:00,APPROVED,0,None
8e4f500c-2618-43ed-b864-f545483c6aac,18,2175.55,Myntra,Shopping,"Bengaluru, IN",device-mobile-018,2026-08-19T08:38:30.823367+00:00,APPROVED,0,None
dd7c0dd7-93cf-4f75-91dd-3da23473a26c,4,1433.16,Ajio,Shopping,"Bengaluru, IN",device-mobile-004,2026-08-19T08:43:40.823367+00:00,APPROVED,0,None
488de9e1-e2ea-444f-aeab-dab0fa664dfc,46,5172.69,Instamart,Groceries,"Delhi, IN",device-mobile-046,2026-08-19T09:01:14.823367+00:00,APPROVED,0,None
4ece228f-0faf-496c-91ea-8f8b3d761f46,14,555.34,Adani Gas,Utilities,"Chennai, IN",device-mobile-014,2026-08-19T09:05:41.823367+00:00,APPROVED,0,None
9dc1c2c7-5b9d-47f7-a15a-36e7e33633a3,6,1068.5,Bescom,Utilities,"Hyderabad, IN",device-mobile-006,2026-08-19T09:07:20.823367+00:00,APPROVED,0,None
691c8de7-64f0-4ba3-af98-9380fa02c711,5,1438.16,Jio Recharge,Utilities,"Mumbai, IN",device-mobile-005,2026-08-19T09:13:25.823367+00:00,APPROVED,0,None
fae9db07-d082-4429-bcd7-dea9d4cd50b0,5,1562.72,H&M,Shopping,"Mumbai, IN",device-mobile-005,2026-08-19T09:18:04.823367+00:00,APPROVED,0,None
2dfd8002-e496-4ca8-9ba9-945decc90cbe,48,1023.8,IndiGo,Travel,"Bengaluru, IN",device-mobile-048,2026-08-19T09:23:50.823367+00:00,APPROVED,0,None
f7de7d4a-48e8-4d83-85ff-13e05048a907,20,1751.99,Zomato,Food & Dining,"Pune, IN",device-mobile-020,2026-08-19T09:30:14.823367+00:00,APPROVED,0,None
68b2b5bf-6b37-4520-a1cc-e3d6746b88e0,25,861.29,IndiGo,Travel,"Bengaluru, IN",device-mobile-025,2026-08-19T09:42:01.823367+00:00,APPROVED,0,None
3f6efeb1-0523-4959-9b08-e53cef613b79,4,1567.55,PVR Cinemas,Entertainment,"Bengaluru, IN",device-mobile-004,2026-08-19T09:55:45.823367+00:00,APPROVED,0,None
342ade70-e593-4f06-9774-12d62941b2c9,23,1404.66,Samsung Store,Electronics,"Hyderabad, IN",device-laptop-023,2026-08-19T10:09:34.823367+00:00,APPROVED,0,None
f80fc474-e8dd-4919-9fe5-a1b96bd3ae39,27,730.9,Spotify,Entertainment,"Chennai, IN",device-mobile-027,2026-08-19T10:12:01.823367+00:00,APPROVED,0,None
ffc6f4f7-0572-46bf-bc46-1da8d472674d,38,482.16,Vijay Sales,Electronics,"Hyderabad, IN",device-mobile-038,2026-08-19T10:16:07.823367+00:00,APPROVED,0,None
6541e964-61d7-41cc-9f2b-b9aa2852e833,5,2079.88,Netflix,Entertainment,"Mumbai, IN",device-mobile-005,2026-08-19T10:17:35.823367+00:00,APPROVED,0,None
517ea7d6-e503-42a1-994f-8105d885f594,6,923.33,Zara,Shopping,"Mumbai, IN",device-mobile-006,2026-08-19T10:22:17.823367+00:00,APPROVED,0,None
9400a093-9118-4993-92a2-e7162fe814b6,23,1004.56,Swiggy,Food & Dining,"Hyderabad, IN",device-laptop-023,2026-08-19T10:24:06.823367+00:00,APPROVED,0,None
b8ac2c96-0d0b-42df-ad5a-c1f5709f142d,8,4006.35,Flipkart,Shopping,"Kolkata, IN",device-mobile-008,2026-08-19T10:38:57.823367+00:00,APPROVED,0,None
7f0e26cb-6449-4c66-b2d6-c33bb806f326,14,1345.12,Booking.com,Travel,"Delhi, IN",device-mobile-014,2026-08-19T10:51:14.823367+00:00,APPROVED,0,None
e814e5c3-d3e8-41d7-94b2-fec9cc735aab,17,1800.18,Flipkart,Shopping,"Mumbai, IN",device-mobile-017,2026-08-19T10:54:08.823367+00:00,APPROVED,0,None
27f85aae-5a9a-4ab2-8409-70d5132c032b,6,25884.5,Apple Store,Electronics,"Ahmedabad, IN",device-emulator-root-7578,2026-08-19T10:56:46.823367+00:00,SUSPICIOUS,1,UNRECOGNIZED_DEVICE
80080c9b-7d27-491b-abe7-f0b39b23cc41,38,815.48,Swiggy,Food & Dining,"Hyderabad, IN",device-mobile-038,2026-08-19T11:02:41.823367+00:00,APPROVED,0,None
0ac2948b-bbc8-4154-bcc5-8c3ad9e556ae,48,1851.16,IRCTC,Travel,"Bengaluru, IN",device-mobile-048,2026-08-19T11:19:50.823367+00:00,APPROVED,0,None
d9536fbd-7dde-4ecc-810f-38bb2bfc7d6f,7,1896.1,Ola,Travel,"Mumbai, IN",device-mobile-007,2026-08-19T11:27:07.823367+00:00,APPROVED,0,None
67a9208a-e877-4811-a2e5-bde949559142,20,853.89,PVR Cinemas,Entertainment,"Pune, IN",device-mobile-020,2026-08-19T11:34:00.823367+00:00,APPROVED,0,None
2e102c3e-6f6f-4ec0-a52b-ba8d41908571,50,745.78,Samsung Store,Electronics,"Kolkata, IN",device-mobile-050,2026-08-19T11:38:14.823367+00:00,APPROVED,0,None
cd106ab3-c6a8-4fc8-8d76-d83d700155a5,10,3951.8,Instamart,Groceries,"Mumbai, IN",device-laptop-010,2026-08-19T12:00:17.823367+00:00,APPROVED,0,None
566c8bdd-b7c5-4783-b417-ae8d19d0a612,37,1305.76,Spotify,Entertainment,"Kolkata, IN",device-mobile-037,2026-08-19T12:05:18.823367+00:00,APPROVED,0,None
9a2af4c0-9529-496a-a803-09512c6edaea,31,2438.88,CaratLane,Luxury & Jewelry,"Chennai, IN",device-mobile-031,2026-08-19T12:09:15.823367+00:00,APPROVED,0,None
7c04ba32-dbdc-4ab6-833c-3f879745e1dc,43,1446.61,Spotify,Entertainment,"Pune, IN",device-mobile-043,2026-08-19T12:15:56.823367+00:00,APPROVED,0,None
de5de655-f7b8-4e48-819b-c8ca2e946fbd,7,1165.26,H&M,Shopping,"Mumbai, IN",device-mobile-007,2026-08-19T12:20:03.823367+00:00,APPROVED,0,None
11f32dd7-bce0-44c6-8820-db5b4e217d13,8,6499.72,Zara,Shopping,"Kolkata, IN",device-mobile-008,2026-08-19T12:26:19.823367+00:00,APPROVED,0,None
de617cd2-84a5-4b80-a626-c0b9c110ce17,6,1002.13,DMart,Groceries,"Bengaluru, IN",device-mobile-006,2026-08-19T12:35:53.823367+00:00,APPROVED,0,None
11160e17-5f26-42cd-bd2b-0bde23a34023,13,3174.77,Flipkart,Shopping,"Hyderabad, IN",device-mobile-013,2026-08-19T12:38:23.823367+00:00,APPROVED,0,None
e5612a5b-aa7f-4381-b7c3-54bcb85cdc8c,21,1020.14,McDonald's,Food & Dining,"Chennai, IN",device-mobile-021,2026-08-19T12:44:24.823367+00:00,APPROVED,0,None
b67d4b43-7582-4285-8c62-26f1a7f220fa,19,1622.03,PVR Cinemas,Entertainment,"Kolkata, IN",device-mobile-019,2026-08-19T12:46:06.823367+00:00,APPROVED,0,None
e69b4406-4d64-468a-87e7-030bad0454c2,38,7644.97,Steam Games,Shopping,"Dubai, AE",device-botnet-30,2026-08-19T12:50:40.823367+00:00,FLAGGED,1,FAILED_ATTEMPT_STUFFING
ef734cd8-0148-4177-a405-bb75b580861c,13,2654.81,Instamart,Groceries,"Hyderabad, IN",device-laptop-013,2026-08-19T12:58:51.823367+00:00,APPROVED,0,None
c340571f-91c2-4b88-935b-afa54949c5b5,21,2240.13,Netflix,Entertainment,"Chennai, IN",device-mobile-021,2026-08-19T13:04:16.823367+00:00,APPROVED,0,None
0deef03f-c949-4160-9ec1-b9f1c24ff3cb,5,1355.03,Reliance Digital,Electronics,"Mumbai, IN",device-mobile-005,2026-08-19T13:06:24.823367+00:00,APPROVED,0,None
ba109243-66ba-46e0-ae7a-83f537437874,38,735.09,Amazon India,Shopping,"Hyderabad, IN",device-mobile-038,2026-08-19T13:12:29.823367+00:00,APPROVED,0,None
88764802-5e89-49c7-b05d-d4d8d848f6c1,35,2093.5,Booking.com,Travel,"Mumbai, IN",device-mobile-035,2026-08-19T13:34:48.823367+00:00,APPROVED,0,None
8b580d47-4c5f-406a-8867-89f1401226a9,50,1108.44,Netflix,Entertainment,"Bengaluru, IN",device-mobile-050,2026-08-19T13:37:36.823367+00:00,APPROVED,0,None
f51e7fbf-4674-4a96-ba7c-95fb9e099ba1,12,4697.61,Adani Gas,Utilities,"Chennai, IN",device-mobile-012,2026-08-19T13:39:02.823367+00:00,APPROVED,0,None
8ad3ee87-cd33-4946-b6e3-424f5939651c,30,489.23,Starbucks,Food & Dining,"Bengaluru, IN",device-mobile-030,2026-08-19T13:53:33.823367+00:00,APPROVED,0,None
ac515b20-ccca-450a-912d-9773d2afda38,43,396.59,Steam Games,Entertainment,"Pune, IN",device-laptop-043,2026-08-19T14:06:30.823367+00:00,APPROVED,0,None
c62cb7e6-c808-4260-a4d1-7b017f5df325,38,999.69,Tanishq,Luxury & Jewelry,"Hyderabad, IN",device-mobile-038,2026-08-19T14:06:30.823367+00:00,APPROVED,0,None
2bf14685-3dbe-4aeb-9c7e-dbea919dc806,8,4539.68,Reliance Digital,Electronics,"Kolkata, IN",device-mobile-008,2026-08-19T14:08:16.823367+00:00,APPROVED,0,None
3f729522-edfe-428e-a3b3-9dc5663f379d,35,4547.76,McDonald's,Food & Dining,"Mumbai, IN",device-mobile-035,2026-08-19T14:13:03.823367+00:00,APPROVED,0,None
f78e518b-a94a-4a8f-8a9e-41f817c094c7,5,1654.98,Starbucks,Food & Dining,"Mumbai, IN",device-mobile-005,2026-08-19T14:16:40.823367+00:00,APPROVED,0,None
7097cb32-916c-4696-898a-e8a23f017ae6,2,8708.57,BookMyShow,Entertainment,"Pune, IN",device-mobile-002,2026-08-19T14:18:44.823367+00:00,APPROVED,0,None
b691d40d-eb5e-4dd7-a3e2-2a42b78bfdb2,37,1356.56,Tata Power,Utilities,"Kolkata, IN",device-mobile-037,2026-08-19T14:31:53.823367+00:00,APPROVED,0,None
c72f38d9-9bb6-414c-99f3-8a6baf416fe3,11,517.11,Tata Power,Utilities,"Delhi, IN",device-mobile-011,2026-08-19T14:37:35.823367+00:00,APPROVED,0,None
df71feb8-c0d8-46ab-ae08-756a091cc834,44,754.54,Swiggy,Food & Dining,"Kolkata, IN",device-laptop-044,2026-08-19T14:50:56.823367+00:00,APPROVED,0,None
6e1cb2b6-d052-46db-8769-b63ce2f74252,28,2276.55,MakeMyTrip,Travel,"Chennai, IN",device-mobile-028,2026-08-19T14:56:30.823367+00:00,APPROVED,0,None
de603ef0-056b-4313-a5d1-66eeb73c95ab,40,2386.48,Vijay Sales,Electronics,"Ahmedabad, IN",device-mobile-040,2026-08-19T15:02:45.823367+00:00,APPROVED,0,None
f2ac697c-a545-4cc0-a8a5-0c5b95b07fa9,26,24865.48,Apple Store,Electronics,"Mumbai, IN",device-emulator-root-1837,2026-08-19T15:16:48.823367+00:00,SUSPICIOUS,1,UNRECOGNIZED_DEVICE
68d1a949-2e7c-4813-bf8e-ad9bbbcf7bfc,33,1607.33,H&M,Shopping,"Kolkata, IN",device-mobile-033,2026-08-19T15:28:18.823367+00:00,APPROVED,0,None
fc390dba-5105-43e0-82cc-ce0c6c9394ef,18,1554.51,Barbeque Nation,Food & Dining,"Bengaluru, IN",device-mobile-018,2026-08-19T15:40:35.823367+00:00,APPROVED,0,None
e3e1ccfd-86b8-4b5b-b3f9-c9e804463ac3,39,1995.01,Airtel Bill,Utilities,"Chennai, IN",device-mobile-039,2026-08-19T15:41:34.823367+00:00,APPROVED,0,None
1e1ba321-64c4-4670-b25e-adc85796fdc8,34,2813.17,McDonald's,Food & Dining,"Hyderabad, IN",device-mobile-034,2026-08-19T15:46:08.823367+00:00,APPROVED,0,None
07662544-e1ae-452b-805a-8513b22bd9a4,27,953.12,Ola,Travel,"Chennai, IN",device-mobile-027,2026-08-19T15:48:48.823367+00:00,APPROVED,0,None
00e080b7-5fcb-4c21-bd1e-038f86cccd20,26,2069.86,Dominos,Food & Dining,"Ahmedabad, IN",device-laptop-026,2026-08-19T16:01:27.823367+00:00,APPROVED,0,None
0add5b7c-fecc-449f-ac71-cbf88f725b51,14,1024.08,IRCTC,Travel,"Chennai, IN",device-mobile-014,2026-08-19T16:20:51.823367+00:00,APPROVED,0,None
8500121e-2bc8-48d7-aa52-14029dcd0488,27,2226.72,H&M,Shopping,"Chennai, IN",device-mobile-027,2026-08-19T16:22:36.823367+00:00,APPROVED,0,None
b15b75f1-1d09-45cf-b921-a7bb31021dd8,10,4139.04,Tata Power,Utilities,"Mumbai, IN",device-mobile-010,2026-08-19T16:27:00.823367+00:00,APPROVED,0,None
2ef7be93-b47d-4b8b-b503-42acd3e286b6,29,1542.72,Jio Recharge,Utilities,"Pune, IN",device-laptop-029,2026-08-19T16:28:04.823367+00:00,APPROVED,0,None
653a9405-2197-4c73-a432-6cbaf0eaad45,9,3195.84,Reliance Digital,Electronics,"Pune, IN",device-mobile-009,2026-08-19T16:29:27.823367+00:00,APPROVED,0,None
6a9b7e91-2d46-49f4-b693-a5266932f7c6,43,364.74,Reliance Digital,Electronics,"Pune, IN",device-mobile-043,2026-08-19T16:58:51.823367+00:00,APPROVED,0,None
d83df1ea-d01e-43d7-b5cf-9bb7faa28d17,18,2419.38,Adani Gas,Utilities,"Bengaluru, IN",device-mobile-018,2026-08-19T17:08:13.823367+00:00,APPROVED,0,None
68380a23-3e08-4d5d-a4b9-acc62331bb56,5,709.08,H&M,Shopping,"Mumbai, IN",device-mobile-005,2026-08-19T17:19:09.823367+00:00,APPROVED,0,None
296ec247-ef4e-4a0e-8416-5fb79de3cf8d,44,2875.95,Blinkit,Groceries,"Kolkata, IN",device-laptop-044,2026-08-19T17:35:12.823367+00:00,APPROVED,0,None
f3540b66-a16c-4ec5-a46a-c1883f88d051,37,960.67,Croma,Electronics,"Kolkata, IN",device-mobile-037,2026-08-19T17:44:59.823367+00:00,APPROVED,0,None
80a513b4-5e91-430d-9c89-5afd04a94704,32,1601.17,Zomato,Food & Dining,"Hyderabad, IN",device-mobile-032,2026-08-19T17:49:19.823367+00:00,APPROVED,0,None
a859b3d6-d082-4307-9a28-af5bc9de2beb,28,1910.31,Tiffany & Co,Luxury & Jewelry,"Pune, IN",device-mobile-028,2026-08-19T17:50:22.823367+00:00,APPROVED,0,None
d224448b-2a05-4025-9b4b-3200136dc6bf,44,749.14,Zomato,Food & Dining,"Kolkata, IN",device-laptop-044,2026-08-19T18:25:24.823367+00:00,APPROVED,0,None
8716fa00-bff4-48d7-a514-2b43396fd8da,37,1236.75,Amazon India,Shopping,"Kolkata, IN",device-mobile-037,2026-08-19T18:27:59.823367+00:00,APPROVED,0,None
58b2bbd5-4e08-40c0-ac63-e3e215c1192c,9,2781.56,Starbucks,Food & Dining,"Mumbai, IN",device-mobile-009,2026-08-19T18:32:50.823367+00:00,APPROVED,0,None
69ba930b-c271-4c22-994a-86cf0c2b9c3f,4,773.08,IRCTC,Travel,"Bengaluru, IN",device-mobile-004,2026-08-19T18:39:59.823367+00:00,APPROVED,0,None
109c1e84-56f7-4877-a6c2-f61b56fbce8d,48,1653.32,Netflix,Entertainment,"Bengaluru, IN",device-mobile-048,2026-08-19T18:42:52.823367+00:00,APPROVED,0,None
f9d6dcd8-94fe-46d1-86a3-7df52e428763,7,792.97,BigBasket,Groceries,"Mumbai, IN",device-laptop-007,2026-08-19T18:49:11.823367+00:00,APPROVED,0,None
ae6f4e66-f819-442e-80d3-d40d80e322b7,46,2552.07,Flipkart,Shopping,"Delhi, IN",device-mobile-046,2026-08-19T18:50:58.823367+00:00,APPROVED,0,None
1c951e6d-245a-41b1-b152-b88ef6ffee84,23,1674.3,Zomato,Food & Dining,"Hyderabad, IN",device-laptop-023,2026-08-19T18:54:13.823367+00:00,APPROVED,0,None
89bec79a-e571-444f-bcf5-a3619cba85fc,10,1558.56,Dominos,Food & Dining,"Mumbai, IN",device-laptop-010,2026-08-19T19:00:16.823367+00:00,APPROVED,0,None
ae5ab6d1-04bf-416b-8534-1d915c9d4373,21,4170.0,Amazon India,Shopping,"Chennai, IN",device-mobile-021,2026-08-19T19:15:56.823367+00:00,APPROVED,0,None
95777e7a-d288-4267-8cdf-7a281611364a,47,1804.61,Bescom,Utilities,"Bengaluru, IN",device-mobile-047,2026-08-19T19:29:46.823367+00:00,APPROVED,0,None
7ef3515a-d058-485d-ab14-1acc23e95c24,25,2204.29,BigBasket,Groceries,"Bengaluru, IN",device-mobile-025,2026-08-19T19:39:32.823367+00:00,APPROVED,0,None
fe205107-abd9-4e29-836d-e305a9ce553c,43,3451.31,Steam Games,Shopping,"Dubai, AE",device-botnet-40,2026-08-19T19:47:37.823367+00:00,FLAGGED,1,FAILED_ATTEMPT_STUFFING
7da11be2-379e-496f-b352-1724fc4db918,36,7652.89,Tata Power,Utilities,"Mumbai, IN",device-mobile-036,2026-08-19T19:48:53.823367+00:00,APPROVED,0,None
55bb1af4-af84-4b99-9ad1-82da1dee7869,49,1473.15,Croma,Electronics,"Delhi, IN",device-mobile-049,2026-08-19T20:20:21.823367+00:00,APPROVED,0,None
d9407263-4def-49c6-ae48-09f377bee694,30,518.08,Flipkart,Shopping,"Bengaluru, IN",device-mobile-030,2026-08-19T20:31:50.823367+00:00,APPROVED,0,None
6d79298b-e439-4453-93b0-5c6f45985580,23,1983.53,Spotify,Entertainment,"Hyderabad, IN",device-mobile-023,2026-08-19T21:26:35.823367+00:00,APPROVED,0,None
144f7da3-ed7b-4e96-ada9-37748c667712,12,1834.93,Nature's Basket,Groceries,"Chennai, IN",device-mobile-012,2026-08-19T21:47:37.823367+00:00,APPROVED,0,None
cbe9e204-682e-460b-9526-c987dab7487f,30,1142.38,Tiffany & Co,Luxury & Jewelry,"Bengaluru, IN",device-mobile-030,2026-08-19T21:49:26.823367+00:00,APPROVED,0,None
8d381922-1fbe-4afd-8438-6bf93101cc30,32,6420.61,IRCTC,Travel,"Cayman Islands, KY",device-mobile-032,2026-08-19T21:57:23.823367+00:00,SUSPICIOUS,1,LOCATION_HOPPING
bfdb0505-2418-4779-9ecf-b3d1ceac3179,40,2599.82,Booking.com,Travel,"Ahmedabad, IN",device-mobile-040,2026-08-19T22:16:46.823367+00:00,APPROVED,0,None
92b2c448-7f15-4015-a954-6ae2c95ae5c3,42,1784.54,DMart,Groceries,"Delhi, IN",device-mobile-042,2026-08-19T22:17:20.823367+00:00,APPROVED,0,None
9df79fcb-6149-4a50-af1d-625f905279da,35,3387.47,Jio Recharge,Utilities,"Mumbai, IN",device-mobile-035,2026-08-19T22:46:21.823367+00:00,APPROVED,0,None
a820ff0f-5a86-4346-ab9e-a736fbd4da58,40,1767.17,Tanishq,Luxury & Jewelry,"Ahmedabad, IN",device-mobile-040,2026-08-19T22:49:48.823367+00:00,APPROVED,0,None
1bd45a63-715e-4ab8-b0d4-c9b964a0beae,44,1929.31,Instamart,Groceries,"Kolkata, IN",device-mobile-044,2026-08-19T22:57:39.823367+00:00,APPROVED,0,None
bc08b94a-250c-4fd4-a904-9f64238dbbda,10,2402.23,H&M,Shopping,"Mumbai, IN",device-mobile-010,2026-08-19T23:02:11.823367+00:00,APPROVED,0,None
1bfb4201-ce7c-4a83-955b-f8fc9657ca7d,14,1158.79,PVR Cinemas,Entertainment,"Chennai, IN",device-mobile-014,2026-08-19T23:17:16.823367+00:00,APPROVED,0,None
66ff21ba-bc6f-45dc-9150-4f107273dd79,17,1691.89,Netflix,Entertainment,"Mumbai, IN",device-mobile-017,2026-08-19T23:17:56.823367+00:00,APPROVED,0,None
c6d74209-3057-4b17-ba62-d9d5ac0c5fcc,23,2930.21,Zara,Shopping,"Hyderabad, IN",device-mobile-023,2026-08-19T23:18:00.823367+00:00,APPROVED,0,None
626764e9-e571-4e91-b2e8-dba7f97858b7,42,3054.77,Malabar Gold,Luxury & Jewelry,"Hyderabad, IN",device-mobile-042,2026-08-19T23:41:21.823367+00:00,APPROVED,0,None
3c0f4c48-00c7-41f2-98ea-988032e43dcc,29,2358.13,Starbucks,Food & Dining,"Pune, IN",device-laptop-029,2026-08-19T23:52:17.823367+00:00,APPROVED,0,None
5efce6ea-4e06-4712-b58d-e3eb1940b457,9,7153.81,Ajio,Shopping,"Cayman Islands, KY",device-mobile-009,2026-08-20T00:06:25.823367+00:00,SUSPICIOUS,1,LOCATION_HOPPING
b87b1f4f-de98-487f-9db8-581ed359aa67,37,1107.95,Jio Recharge,Utilities,"Kolkata, IN",device-mobile-037,2026-08-20T00:07:04.823367+00:00,APPROVED,0,None
da30b230-9e93-404d-8887-853eafcb96ae,24,2274.33,Zara,Shopping,"Bengaluru, IN",device-mobile-024,2026-08-20T00:07:44.823367+00:00,APPROVED,0,None
8c14c08f-71ae-43e2-a07f-40f854cdc0dc,28,1530.95,BigBasket,Groceries,"Chennai, IN",device-mobile-028,2026-08-20T00:39:32.823367+00:00,APPROVED,0,None
c4fc277c-d881-4f53-8fe4-7ebbcb697f2d,19,2954.99,Barbeque Nation,Food & Dining,"Kolkata, IN",device-mobile-019,2026-08-20T00:43:28.823367+00:00,APPROVED,0,None
981213e4-75a3-49a8-bdbb-ba78fc7998a1,26,2631.95,Starbucks,Food & Dining,"Ahmedabad, IN",device-laptop-026,2026-08-20T00:44:14.823367+00:00,APPROVED,0,None
6c2b3b51-12da-44f6-bac3-b30cbdb425b1,18,1573.12,Zepto,Groceries,"Bengaluru, IN",device-mobile-018,2026-08-20T00:48:11.823367+00:00,APPROVED,0,None
cf7185e1-8968-4a6f-821b-f62f349fba14,46,1413.4,Netflix,Entertainment,"Delhi, IN",device-mobile-046,2026-08-20T00:52:10.823367+00:00,APPROVED,0,None
14a6e393-43e4-4474-947b-a864846c6bdf,23,2829.59,Zepto,Groceries,"Hyderabad, IN",device-mobile-023,2026-08-20T00:58:00.823367+00:00,APPROVED,0,None
257585d3-2795-496b-85f6-50581583dfa7,28,4543.05,Nature's Basket,Groceries,"Chennai, IN",device-mobile-028,2026-08-20T01:13:16.823367+00:00,APPROVED,0,None
dc2054dc-67ad-4a70-b2f9-adeac1cc50dd,17,87506.27,Apple Store,Electronics,"Mumbai, IN",device-mobile-017,2026-08-20T01:19:02.823367+00:00,FLAGGED,1,HIGH_AMOUNT_SPIKE
5e5c1aba-8e41-49e7-84b8-908a1065bf5c,21,3968.37,Booking.com,Travel,"Chennai, IN",device-mobile-021,2026-08-20T01:32:53.823367+00:00,APPROVED,0,None
4f256a79-7fcf-4c2f-8b32-847320273280,35,1886.6,DMart,Groceries,"Mumbai, IN",device-mobile-035,2026-08-20T01:39:12.823367+00:00,APPROVED,0,None
32224356-8c40-46e4-9122-9217d317b15d,20,1688.71,Nature's Basket,Groceries,"Pune, IN",device-mobile-020,2026-08-20T01:39:23.823367+00:00,APPROVED,0,None
dfdbd6df-666a-403d-b64c-578a2ee7c8ee,26,2242.24,Nature's Basket,Groceries,"Ahmedabad, IN",device-mobile-026,2026-08-20T01:48:02.823367+00:00,APPROVED,0,None
ad86e42a-e8bc-4c38-b722-ff1120b7ff88,7,1099.39,Booking.com,Travel,"Mumbai, IN",device-mobile-007,2026-08-20T01:51:22.823367+00:00,APPROVED,0,None
5ba8f5f0-dd4a-4e96-9161-62a976c532cc,3,2742.24,Spotify,Entertainment,"Delhi, IN",device-mobile-003,2026-08-20T01:52:35.823367+00:00,APPROVED,0,None
8a2be5b7-70f2-40db-b6da-13dd10810402,15,1943.06,IndiGo,Travel,"Kolkata, IN",device-mobile-015,2026-08-20T01:54:26.823367+00:00,APPROVED,0,None
65f0a6ba-686f-440d-810a-be407376974a,15,1553.33,Zomato,Food & Dining,"Kolkata, IN",device-mobile-015,2026-08-20T01:54:39.823367+00:00,APPROVED,0,None
738361c7-4b96-486b-a44b-0d549cceaedd,3,4475.61,Steam Games,Shopping,"Singapore, SG",device-botnet-44,2026-08-20T02:33:44.823367+00:00,FLAGGED,1,FAILED_ATTEMPT_STUFFING
61c96465-3810-43a8-a613-4b170c8b6966,11,921.63,MakeMyTrip,Travel,"Delhi, IN",device-mobile-011,2026-08-20T02:43:09.823367+00:00,APPROVED,0,None
8e1c4f81-4e15-4fa1-a0e9-ed0e18672eb7,24,1965.86,Croma,Electronics,"Bengaluru, IN",device-laptop-024,2026-08-20T02:46:27.823367+00:00,APPROVED,0,None
e46f2875-f851-4540-8dcb-bca0c3296765,31,1171.8,Tata Power,Utilities,"Delhi, IN",device-mobile-031,2026-08-20T02:49:37.823367+00:00,APPROVED,0,None
19812ef6-e984-4a92-8432-0b6f2f3468eb,20,2331.96,Apple Store,Electronics,"Pune, IN",device-mobile-020,2026-08-20T02:52:14.823367+00:00,APPROVED,0,None
b552c8a8-fc0f-4c22-80a7-206c6772d07b,17,958.17,Amazon India,Shopping,"Mumbai, IN",device-mobile-017,2026-08-20T02:56:01.823367+00:00,APPROVED,0,None
8edd700d-5216-4f4d-b53e-a017a918df6e,45,859.64,Netflix,Entertainment,"Kolkata, IN",device-mobile-045,2026-08-20T03:07:31.823367+00:00,APPROVED,0,None
444975bd-96b8-4e5b-9a2e-e5b5ba3b9284,48,3585.49,Nature's Basket,Groceries,"Bengaluru, IN",device-mobile-048,2026-08-20T03:10:51.823367+00:00,APPROVED,0,None
6c54baf4-5bb8-4ee6-92b0-c00a6a0841cc,39,4654.15,Myntra,Shopping,"Chennai, IN",device-mobile-039,2026-08-20T03:28:05.823367+00:00,APPROVED,0,None
c8aee970-8ff0-470c-b64d-e76f1d22f37b,6,572.71,Amazon India,Shopping,"Hyderabad, IN",device-mobile-006,2026-08-20T03:37:32.823367+00:00,APPROVED,0,None
40268b68-87fe-48b7-b1d3-435638cce431,15,1392.41,Dominos,Food & Dining,"Kolkata, IN",device-mobile-015,2026-08-20T03:48:55.823367+00:00,APPROVED,0,None
848859f0-3a39-4604-8c6d-be5d30a231f4,50,1123.31,Blinkit,Groceries,"Kolkata, IN",device-mobile-050,2026-08-20T03:59:20.823367+00:00,APPROVED,0,None
3bfa2cc7-8f35-4fb2-a3e6-7903d39e8cc3,6,379.04,Flipkart,Shopping,"Hyderabad, IN",device-mobile-006,2026-08-20T04:00:34.823367+00:00,APPROVED,0,None
fb7c90fa-e3ad-41c1-b81c-05aada87a592,27,1110.56,Ajio,Shopping,"Chennai, IN",device-mobile-027,2026-08-20T04:06:26.823367+00:00,APPROVED,0,None
53a36947-7f9f-480c-ae63-fea5e1bf48fe,10,2190.87,Netflix,Entertainment,"Mumbai, IN",device-mobile-010,2026-08-20T04:50:27.823367+00:00,APPROVED,0,None
cd33d60b-445e-4af5-9670-8f7151712704,33,652.17,IndiGo,Travel,"Kolkata, IN",device-mobile-033,2026-08-20T04:54:07.823367+00:00,APPROVED,0,None
9e9d0306-bdad-481c-8940-2f1027382cac,5,939.53,H&M,Shopping,"Mumbai, IN",device-mobile-005,2026-08-20T04:57:12.823367+00:00,APPROVED,0,None
57d0f556-d952-407a-943c-97925d976d9a,27,855.17,Zepto,Groceries,"Chennai, IN",device-mobile-027,2026-08-20T05:06:24.823367+00:00,APPROVED,0,None
4756c8b7-ca27-416c-9916-e8ce244f12b0,28,2813.83,MakeMyTrip,Travel,"Chennai, IN",device-mobile-028,2026-08-20T05:08:33.823367+00:00,APPROVED,0,None
02fb79cf-956e-49cc-811e-cfec2b28e756,27,1767.26,Myntra,Shopping,"Pune, IN",device-mobile-027,2026-08-20T05:08:58.823367+00:00,APPROVED,0,None
2d550305-1f8a-4215-a391-fe0489536490,2,2475.02,Blinkit,Groceries,"Pune, IN",device-mobile-002,2026-08-20T05:10:14.823367+00:00,APPROVED,0,None
d2b66731-2afd-409b-8ad4-d71f23cf205b,15,1633.57,MakeMyTrip,Travel,"Kolkata, IN",device-mobile-015,2026-08-20T05:10:34.823367+00:00,APPROVED,0,None
5e7f3bce-2ef9-44a5-a84a-2a627be1124b,49,3037.46,Booking.com,Travel,"Delhi, IN",device-laptop-049,2026-08-20T05:32:31.823367+00:00,APPROVED,0,None
b5914bf6-f015-4c99-8586-ff1f65a19a71,36,1349.46,Myntra,Shopping,"Mumbai, IN",device-mobile-036,2026-08-20T05:33:51.823367+00:00,APPROVED,0,None
12fba5e8-f973-4b14-8b26-221ad57b2854,22,979.78,Ola,Travel,"Bengaluru, IN",device-mobile-022,2026-08-20T05:34:53.823367+00:00,APPROVED,0,None
d377f5bf-1d3c-4e8e-afd3-2d0e2e917134,4,299791.68,Malabar Gold,Luxury & Jewelry,"Bengaluru, IN",device-mobile-004,2026-08-20T05:43:24.823367+00:00,FLAGGED,1,HIGH_AMOUNT_SPIKE
7878aa2a-8b79-4d7c-8af5-36f0d0c0c309,44,1597.63,Netflix,Entertainment,"Kolkata, IN",device-laptop-044,2026-08-20T05:59:33.823367+00:00,APPROVED,0,None
a20e3e5a-9e9e-4eaf-9400-1528224abda3,22,517.78,Myntra,Shopping,"Pune, IN",device-mobile-022,2026-08-20T06:07:43.823367+00:00,APPROVED,0,None
7d713532-b594-4220-a159-a8070afa9791,39,1600.82,Tata Power,Utilities,"Chennai, IN",device-mobile-039,2026-08-20T06:13:24.823367+00:00,APPROVED,0,None
b316ddd7-cde1-46e0-883d-0f498ebec18b,22,907.36,Swiggy,Food & Dining,"Bengaluru, IN",device-mobile-022,2026-08-20T06:30:00.823367+00:00,APPROVED,0,None
b05648e8-922a-4ac8-9db0-775a523dc171,44,1629.74,Vijay Sales,Electronics,"Kolkata, IN",device-laptop-044,2026-08-20T07:06:29.823367+00:00,APPROVED,0,None
de62b6cd-3951-4df8-9cd7-cba1df912fdd,37,1001.72,Zepto,Groceries,"Kolkata, IN",device-mobile-037,2026-08-20T07:13:14.823367+00:00,APPROVED,0,None
2b8eecaf-b1ab-4b05-8b8a-fd804e2638a9,20,693.91,Instamart,Groceries,"Pune, IN",device-mobile-020,2026-08-20T07:17:29.823367+00:00,APPROVED,0,None
75f8be25-4368-4109-a001-8d60df4b6008,25,449.65,Amazon India,Shopping,"Bengaluru, IN",device-mobile-025,2026-08-20T07:21:22.823367+00:00,APPROVED,0,None
009ed52f-7c81-49d8-a10e-4157301975b6,19,2265.18,Amazon India,Shopping,"Kolkata, IN",device-mobile-019,2026-08-20T07:32:26.823367+00:00,APPROVED,0,None
6373d9d3-0423-4c3c-9df3-9d2d66574159,28,3934.79,Flipkart,Shopping,"Chennai, IN",device-mobile-028,2026-08-20T07:34:31.823367+00:00,APPROVED,0,None
c9e2fba4-ebf9-43a6-9348-e34a27d9d277,27,51396.55,Apple Store,Electronics,"Hyderabad, IN",device-emulator-root-6235,2026-08-20T07:45:08.823367+00:00,SUSPICIOUS,1,UNRECOGNIZED_DEVICE
92c6b666-c644-4ca8-a00c-d8306fb5a9f8,4,1093.22,IRCTC,Travel,"Bengaluru, IN",device-mobile-004,2026-08-20T07:46:13.823367+00:00,APPROVED,0,None
ce8ee32e-d349-415c-8a2c-b339b126b226,1,776.93,BookMyShow,Entertainment,"Bengaluru, IN",device-mobile-001,2026-08-20T07:54:44.823367+00:00,APPROVED,0,None
51e69137-7afc-4077-ab00-25aa7440a26a,2,2626.48,Barbeque Nation,Food & Dining,"Pune, IN",device-mobile-002,2026-08-20T08:01:09.823367+00:00,APPROVED,0,None
1368e2e8-085d-46ef-8d38-67601db673e9,50,2684.61,Adani Gas,Utilities,"Kolkata, IN",device-mobile-050,2026-08-20T08:06:45.823367+00:00,APPROVED,0,None
48c191ea-8c09-4cf7-b631-e001827e67e2,25,5700.94,PVR Cinemas,Entertainment,"Bengaluru, IN",device-mobile-025,2026-08-20T08:18:55.823367+00:00,APPROVED,0,None
77b22570-ed81-4977-be54-ad84f8c21575,3,5001.08,MakeMyTrip,Travel,"Delhi, IN",device-mobile-003,2026-08-20T08:23:46.823367+00:00,APPROVED,0,None
0fb5ddde-e8cb-41be-90bc-bd48e9dc3d17,42,1720.96,PVR Cinemas,Entertainment,"Delhi, IN",device-mobile-042,2026-08-20T08:25:46.823367+00:00,APPROVED,0,None
eba06248-010a-4266-a3af-8dc3c6e38317,50,3507.26,IndiGo,Travel,"Kolkata, IN",device-mobile-050,2026-08-20T08:26:38.823367+00:00,APPROVED,0,None
340abb42-c2a5-4f82-8256-231c98086c91,34,2372.36,Flipkart,Shopping,"Hyderabad, IN",device-mobile-034,2026-08-20T08:32:29.823367+00:00,APPROVED,0,None
4d491352-69ef-4dda-b1c1-be62c9f6bb99,45,1214.59,Tata Power,Utilities,"Kolkata, IN",device-mobile-045,2026-08-20T09:00:10.823367+00:00,APPROVED,0,None
949d8cd8-022e-4c1a-8d2a-52c2945d173e,9,3009.49,IndiGo,Travel,"Hyderabad, IN",device-mobile-009,2026-08-20T09:08:19.823367+00:00,APPROVED,0,None
54597c3e-8e90-483f-8007-34f96d298371,14,1246.19,H&M,Shopping,"Chennai, IN",device-mobile-014,2026-08-20T09:12:13.823367+00:00,APPROVED,0,None
cdd10878-6fb5-4298-9235-3f04a539c811,46,1508.54,Zomato,Food & Dining,"Delhi, IN",device-laptop-046,2026-08-20T09:18:53.823367+00:00,APPROVED,0,None
dc49485a-9547-4480-ab53-30b82010d18e,11,878.23,Ajio,Shopping,"Delhi, IN",device-mobile-011,2026-08-20T09:18:57.823367+00:00,APPROVED,0,None
0e263df6-26f4-4dd7-b135-e147baaf3323,14,868.48,Myntra,Shopping,"Chennai, IN",device-mobile-014,2026-08-20T09:36:42.823367+00:00,APPROVED,0,None
f5445dd1-4bcf-44ce-b7df-92ad251fac64,47,1908.97,Nature's Basket,Groceries,"Delhi, IN",device-mobile-047,2026-08-20T09:59:00.823367+00:00,APPROVED,0,None
faa1cdde-2cdd-4c11-a04c-d54a828b311e,18,1848.56,Ajio,Shopping,"Bengaluru, IN",device-mobile-018,2026-08-20T10:29:28.823367+00:00,APPROVED,0,None
5f19fd5b-0417-4e24-9148-6acfcae7a834,3,1862.79,DMart,Groceries,"Delhi, IN",device-laptop-003,2026-08-20T10:32:03.823367+00:00,APPROVED,0,None
87087075-8b77-4ac0-a295-ce516c21a784,18,4709.54,PVR Cinemas,Entertainment,"Bengaluru, IN",device-mobile-018,2026-08-20T10:34:54.823367+00:00,APPROVED,0,None
d0cf6c29-8d70-4770-a160-381d847b8164,19,3784.2,Uber,Travel,"Kolkata, IN",device-mobile-019,2026-08-20T10:44:31.823367+00:00,APPROVED,0,None
cc4fd0ef-fd4f-460e-a6a6-916a77cf532b,3,1850.66,Booking.com,Travel,"Delhi, IN",device-mobile-003,2026-08-20T11:02:41.823367+00:00,APPROVED,0,None
2a5b4c9f-8c99-4898-b43a-1e976cc9b080,44,3523.64,Blinkit,Groceries,"Kolkata, IN",device-laptop-044,2026-08-20T11:09:06.823367+00:00,APPROVED,0,None
dd97e5a6-6948-43aa-ae66-7eb3650eb8bf,40,23118.23,Amazon India,Shopping,"Ahmedabad, IN",device-mobile-040,2026-08-20T11:13:10.823367+00:00,SUSPICIOUS,1,RAPID_BURST
ac265ffb-cb17-4010-8342-ac39dda3cdde,31,3249.39,BigBasket,Groceries,"Delhi, IN",device-mobile-031,2026-08-20T11:36:25.823367+00:00,APPROVED,0,None
2b02009a-ae51-4c7d-b0c1-709d9af48e81,25,3097.86,BigBasket,Groceries,"Bengaluru, IN",device-mobile-025,2026-08-20T11:39:39.823367+00:00,APPROVED,0,None
d558169f-4311-499d-bf13-e1636181994d,37,1191.09,Ola,Travel,"Kolkata, IN",device-mobile-037,2026-08-20T11:44:50.823367+00:00,APPROVED,0,None
8a0f76e8-f5ac-42fa-a20e-13586c96d847,28,77454.57,Apple Store,Electronics,"Chennai, IN",device-emulator-root-2818,2026-08-20T12:14:39.823367+00:00,SUSPICIOUS,1,UNRECOGNIZED_DEVICE
89f5e63c-8a44-445c-ad29-2e05b4f14beb,41,656.7,Dominos,Food & Dining,"Ahmedabad, IN",device-mobile-041,2026-08-20T12:19:28.823367+00:00,APPROVED,0,None
ab193e5e-44ee-44fa-bdf5-8b1b256f81ad,45,933.18,Dominos,Food & Dining,"Delhi, IN",device-mobile-045,2026-08-20T12:30:50.823367+00:00,APPROVED,0,None
6360a6b7-5e4a-4d0b-a1dc-0a526e53189f,16,1710.47,Ola,Travel,"Chennai, IN",device-mobile-016,2026-08-20T12:36:17.823367+00:00,APPROVED,0,None
ab0887c4-4df2-4cd9-a3d9-ef4d551cf8e4,14,2313.27,BigBasket,Groceries,"Chennai, IN",device-mobile-014,2026-08-20T12:39:54.823367+00:00,APPROVED,0,None
ef2b16f2-e34e-452c-bba7-0511e8b2e102,44,2789.73,IndiGo,Travel,"Kolkata, IN",device-laptop-044,2026-08-20T12:40:18.823367+00:00,APPROVED,0,None
2aef8541-f995-4777-8d57-caf3cf6eee17,36,4216.69,BookMyShow,Entertainment,"Mumbai, IN",device-laptop-036,2026-08-20T12:41:49.823367+00:00,APPROVED,0,None
ce5dbdb4-564f-4bed-8b46-ffb78aab3d43,49,3459.14,Reliance Digital,Electronics,"Delhi, IN",device-laptop-049,2026-08-20T12:48:48.823367+00:00,APPROVED,0,None
94c7b010-708b-43b4-a7a9-6b8f388167a8,13,1396.73,IRCTC,Travel,"Hyderabad, IN",device-mobile-013,2026-08-20T13:01:29.823367+00:00,APPROVED,0,None
60a5b400-2efc-4d23-a306-19e6da63a5dc,18,2251.86,Croma,Electronics,"Bengaluru, IN",device-mobile-018,2026-08-20T13:03:43.823367+00:00,APPROVED,0,None
57eccdef-a41d-4237-aba4-d3f1ebe3fdd2,22,1668.66,Samsung Store,Electronics,"Bengaluru, IN",device-mobile-022,2026-08-20T13:07:12.823367+00:00,APPROVED,0,None
0092d212-9f97-4340-a5d4-4ffeeab1e9c3,21,2592.03,Dominos,Food & Dining,"Chennai, IN",device-mobile-021,2026-08-20T13:21:32.823367+00:00,APPROVED,0,None
8a19b777-4e54-4fdd-8fc1-ae516062a14d,12,2030.13,BookMyShow,Entertainment,"Chennai, IN",device-mobile-012,2026-08-20T13:25:03.823367+00:00,APPROVED,0,None
2d190778-c206-4a35-96f4-13ef14e231e9,28,53821.34,Apple Store,Electronics,"Mumbai, IN",device-emulator-root-1700,2026-08-20T13:25:10.823367+00:00,SUSPICIOUS,1,UNRECOGNIZED_DEVICE
9677290c-cd92-4ed1-9aa0-9203328c3977,24,1428.47,Steam Games,Entertainment,"Bengaluru, IN",device-mobile-024,2026-08-20T13:28:15.823367+00:00,APPROVED,0,None
a7ca6a85-d56d-4100-9d4a-94a1afcb781c,28,917.72,Tiffany & Co,Luxury & Jewelry,"Chennai, IN",device-mobile-028,2026-08-20T13:28:38.823367+00:00,APPROVED,0,None
3895babf-f166-4eda-816d-df98b2fa46c9,19,1274.22,Ola,Travel,"Kolkata, IN",device-mobile-019,2026-08-20T13:33:24.823367+00:00,APPROVED,0,None
adc452ac-fd8d-47a1-ae32-240ef51ed878,17,2613.06,Adani Gas,Utilities,"Mumbai, IN",device-mobile-017,2026-08-20T13:34:49.823367+00:00,APPROVED,0,None
633e6db7-d0fb-4b1c-8d44-014fac74f9d7,26,3179.15,Booking.com,Travel,"Ahmedabad, IN",device-mobile-026,2026-08-20T13:37:06.823367+00:00,APPROVED,0,None
69264349-e339-4e54-bc1d-067323461a11,36,4495.84,Amazon India,Shopping,"Mumbai, IN",device-laptop-036,2026-08-20T13:38:58.823367+00:00,APPROVED,0,None
20175619-c150-4c27-ad26-765f744ce616,3,1436.93,Amazon India,Shopping,"Delhi, IN",device-mobile-003,2026-08-20T13:45:31.823367+00:00,APPROVED,0,None
2b5ef0c0-5415-405c-82a2-502758442b03,19,3222.85,Zomato,Food & Dining,"Kolkata, IN",device-mobile-019,2026-08-20T13:55:53.823367+00:00,APPROVED,0,None
63370bed-6270-4d5a-afde-f72dacfe0a24,27,1908.58,Zomato,Food & Dining,"Chennai, IN",device-mobile-027,2026-08-20T14:01:34.823367+00:00,APPROVED,0,None
7a628e71-2906-4cbc-b500-0da68ca1a491,21,1191.56,Barbeque Nation,Food & Dining,"Chennai, IN",device-laptop-021,2026-08-20T14:14:17.823367+00:00,APPROVED,0,None
7c1d2899-1ee5-4c04-a326-fd2b04d5e427,13,1757.61,Amazon India,Shopping,"Hyderabad, IN",device-mobile-013,2026-08-20T15:06:35.823367+00:00,APPROVED,0,None
27efdf34-89d1-4a5c-bec1-b81a53aa79b2,37,2091.76,Zara,Shopping,"Kolkata, IN",device-mobile-037,2026-08-20T15:11:51.823367+00:00,APPROVED,0,None
95c45692-fbbb-40a2-9735-a068e8ad3edf,2,2226.4,Myntra,Shopping,"Pune, IN",device-mobile-002,2026-08-20T15:11:54.823367+00:00,APPROVED,0,None
d9fd13b3-b54f-4da2-b710-c2ff2ba90640,17,1009.32,Amazon India,Shopping,"Mumbai, IN",device-mobile-017,2026-08-20T15:13:23.823367+00:00,APPROVED,0,None
6885175f-7979-4c36-be65-ff5c53aeaad6,13,4352.92,BookMyShow,Entertainment,"Mumbai, IN",device-mobile-013,2026-08-20T15:27:31.823367+00:00,APPROVED,0,None
d8ee11c0-2a1d-4e7e-913c-0bae3c97c707,19,1767.83,BigBasket,Groceries,"Kolkata, IN",device-mobile-019,2026-08-20T15:33:17.823367+00:00,APPROVED,0,None
e6ba7959-0626-427b-b8e4-e2c901d3d694,20,2209.25,BookMyShow,Entertainment,"Pune, IN",device-mobile-020,2026-08-20T15:42:55.823367+00:00,APPROVED,0,None
71e34b9a-46bd-437b-8401-9994dd40a616,37,2785.99,DMart,Groceries,"Kolkata, IN",device-mobile-037,2026-08-20T15:43:49.823367+00:00,APPROVED,0,None
3c002610-8384-4df7-961f-5cfeb53cdcde,47,2454.07,Barbeque Nation,Food & Dining,"Bengaluru, IN",device-mobile-047,2026-08-20T15:45:19.823367+00:00,APPROVED,0,None
9c4a73d6-aa90-4990-b791-93b0d4b60294,10,1539.82,Flipkart,Shopping,"Mumbai, IN",device-mobile-010,2026-08-20T15:53:27.823367+00:00,APPROVED,0,None
055c4ee3-b8aa-44db-85c4-c00a5aea9fcd,24,1252.69,Croma,Electronics,"Bengaluru, IN",device-mobile-024,2026-08-20T16:06:00.823367+00:00,APPROVED,0,None
feb9cedb-d9b4-4e69-be48-4b5a4426411f,12,2441.44,Ajio,Shopping,"Chennai, IN",device-mobile-012,2026-08-20T16:09:34.823367+00:00,APPROVED,0,None
2b4b6f45-87b1-44e3-a735-afe22fc487a1,30,461.05,Netflix,Entertainment,"Bengaluru, IN",device-laptop-030,2026-08-20T16:18:56.823367+00:00,APPROVED,0,None
7f9eb451-a98a-4f35-bb8c-eecdf3afa83a,4,1991.65,Ajio,Shopping,"Bengaluru, IN",device-laptop-004,2026-08-20T16:23:29.823367+00:00,APPROVED,0,None
8f6de475-c2f5-4a65-b4a0-e88062f46593,16,676.44,Blinkit,Groceries,"Chennai, IN",device-mobile-016,2026-08-20T16:27:10.823367+00:00,APPROVED,0,None
29ccf160-b8cf-47ba-a02e-904440dc95f3,18,1346.64,Dominos,Food & Dining,"Bengaluru, IN",device-mobile-018,2026-08-20T16:38:59.823367+00:00,APPROVED,0,None
cfb166da-07b4-4f50-8cc2-4466c87964b2,21,1725.29,Zara,Shopping,"Chennai, IN",device-mobile-021,2026-08-20T16:55:12.823367+00:00,APPROVED,0,None
e3e1f4f8-028b-48dc-8f72-5d1092ea6407,27,486.35,BookMyShow,Entertainment,"Chennai, IN",device-mobile-027,2026-08-20T17:07:47.823367+00:00,APPROVED,0,None
c73e55fc-267e-4e73-9fa6-5ab2dcebb50d,25,1713.72,DMart,Groceries,"Bengaluru, IN",device-mobile-025,2026-08-20T17:08:17.823367+00:00,APPROVED,0,None
76cb67fe-bbf0-4057-ae04-12bb2bfaf0e2,15,1367.91,Jio Recharge,Utilities,"Kolkata, IN",device-mobile-015,2026-08-20T17:16:10.823367+00:00,APPROVED,0,None
97e60466-63be-4c81-8a42-4a166ee2e5d2,33,820.93,Zepto,Groceries,"Kolkata, IN",device-mobile-033,2026-08-20T17:25:35.823367+00:00,APPROVED,0,None
8db69ff4-f0e0-4317-a8e4-34fc295f0c1e,36,5026.41,Flipkart,Shopping,"Mumbai, IN",device-mobile-036,2026-08-20T17:29:36.823367+00:00,APPROVED,0,None
ed0d5b98-636c-4141-bcd3-eb2c66254468,4,96862.04,Rolex Boutique,Luxury & Jewelry,"Bengaluru, IN",device-mobile-004,2026-08-20T17:37:31.823367+00:00,FLAGGED,1,HIGH_AMOUNT_SPIKE
4bdff1a2-7566-428a-9299-01509d564a7d,1,1032.3,IRCTC,Travel,"Bengaluru, IN",device-mobile-001,2026-08-20T17:45:55.823367+00:00,APPROVED,0,None
7dbd93a3-f760-4ac9-ba8d-3be817a404d1,2,1391.48,Steam Games,Shopping,"Singapore, SG",device-botnet-57,2026-08-20T17:48:58.823367+00:00,FLAGGED,1,FAILED_ATTEMPT_STUFFING
12df5511-5ecb-4edf-ab45-925f66e43793,49,2619.58,Tata Power,Utilities,"Delhi, IN",device-mobile-049,2026-08-20T17:49:38.823367+00:00,APPROVED,0,None
907820d1-3026-480f-bea1-36d510a0cffd,43,1259.57,Booking.com,Travel,"Pune, IN",device-mobile-043,2026-08-20T17:51:45.823367+00:00,APPROVED,0,None
b7cbba4a-c2f5-4c02-bab7-d12c7dcc7a2d,30,737.99,Tiffany & Co,Luxury & Jewelry,"Bengaluru, IN",device-mobile-030,2026-08-20T18:12:41.823367+00:00,APPROVED,0,None
1265bbf0-d482-47f6-bccb-c55c8ddac12e,34,3689.44,Jio Recharge,Utilities,"Hyderabad, IN",device-mobile-034,2026-08-20T18:16:21.823367+00:00,APPROVED,0,None
cc0d6a7e-526d-4a83-9a45-0f2c73238462,19,1778.29,Ajio,Shopping,"Bengaluru, IN",device-mobile-019,2026-08-20T18:16:25.823367+00:00,APPROVED,0,None
ca1f9b39-5aa0-40e0-a8e3-b309367987a9,25,2223.65,Blinkit,Groceries,"Bengaluru, IN",device-mobile-025,2026-08-20T18:34:10.823367+00:00,APPROVED,0,None
428f384b-cd65-421c-a931-835b097e8390,9,3530.19,Netflix,Entertainment,"Pune, IN",device-laptop-009,2026-08-20T18:38:19.823367+00:00,APPROVED,0,None
0252f5b1-3afb-48bb-97a8-358d3ed3ffae,31,2999.07,Barbeque Nation,Food & Dining,"Delhi, IN",device-mobile-031,2026-08-20T18:38:28.823367+00:00,APPROVED,0,None
e4c1952d-70ec-4182-9ff2-4699ebbce032,44,3513.21,Zara,Shopping,"Kolkata, IN",device-mobile-044,2026-08-20T18:46:34.823367+00:00,APPROVED,0,None
c31ea2f0-b865-4472-aa11-9c310aab6b44,42,1247.49,IndiGo,Travel,"Delhi, IN",device-mobile-042,2026-08-20T18:50:56.823367+00:00,APPROVED,0,None
84f544a2-4718-4b74-9765-5163d303d8f6,11,5439.64,Amazon India,Shopping,"Delhi, IN",device-mobile-011,2026-08-20T19:03:53.823367+00:00,SUSPICIOUS,1,RAPID_BURST
df22610c-6c28-4106-9811-8facf72ab9bc,9,2452.17,Zara,Shopping,"Pune, IN",device-mobile-009,2026-08-20T19:05:50.823367+00:00,APPROVED,0,None
9e480175-5352-4afb-8bb1-83ae0ce579f8,39,2766.1,MakeMyTrip,Travel,"Chennai, IN",device-mobile-039,2026-08-20T19:26:59.823367+00:00,APPROVED,0,None
64dc9e77-7afb-4554-ad49-85825da57549,32,1363.71,Barbeque Nation,Food & Dining,"Hyderabad, IN",device-mobile-032,2026-08-20T19:34:04.823367+00:00,APPROVED,0,None
0e8beb71-2858-4e66-8a46-c96b3ca1e7ba,16,808.26,Starbucks,Food & Dining,"Chennai, IN",device-mobile-016,2026-08-20T19:43:30.823367+00:00,APPROVED,0,None
86508c7b-28e5-499b-bfe9-7ffd6b14fc7c,28,1679.04,McDonald's,Food & Dining,"Chennai, IN",device-mobile-028,2026-08-20T20:17:01.823367+00:00,APPROVED,0,None
c46bee25-fbe1-47af-9761-e58b9c334034,45,1533.63,McDonald's,Food & Dining,"Kolkata, IN",device-mobile-045,2026-08-20T20:24:22.823367+00:00,APPROVED,0,None
ee7157d8-8ed3-4837-beb7-efddbc274aad,9,1617.56,H&M,Shopping,"Pune, IN",device-laptop-009,2026-08-20T20:38:34.823367+00:00,APPROVED,0,None
7239f6d5-22e5-42ce-a5d3-2ba80405c2d7,35,45187.88,Apple Store,Electronics,"Mumbai, IN",device-emulator-root-9768,2026-08-20T20:42:30.823367+00:00,SUSPICIOUS,1,UNRECOGNIZED_DEVICE
bf1feda6-6cb8-454a-bb6c-006c303bb0d7,50,868.52,Zara,Shopping,"Kolkata, IN",device-mobile-050,2026-08-20T20:49:33.823367+00:00,APPROVED,0,None
351166be-3475-4165-bc49-0c9fe96facc0,30,864.98,PVR Cinemas,Entertainment,"Bengaluru, IN",device-mobile-030,2026-08-20T21:20:18.823367+00:00,APPROVED,0,None
808476d9-46bd-4954-8529-3db9947d5466,45,1430.07,Vijay Sales,Electronics,"Kolkata, IN",device-mobile-045,2026-08-20T21:25:21.823367+00:00,APPROVED,0,None
0aa1c6ca-3179-4c87-8b51-0013fd4bf345,30,454.02,Barbeque Nation,Food & Dining,"Bengaluru, IN",device-laptop-030,2026-08-20T21:27:26.823367+00:00,APPROVED,0,None
38612700-cd0e-489e-98b4-31665c95c53b,39,1100.13,Airtel Bill,Utilities,"Chennai, IN",device-mobile-039,2026-08-20T21:32:31.823367+00:00,APPROVED,0,None
cb109ca5-de5d-4ef0-9830-9ee9e7a175ee,42,2170.07,BigBasket,Groceries,"Delhi, IN",device-mobile-042,2026-08-20T22:05:19.823367+00:00,APPROVED,0,None
8e30123a-6205-44c9-9f90-a13590b321d3,8,3324.67,Zepto,Groceries,"Kolkata, IN",device-mobile-008,2026-08-20T22:09:02.823367+00:00,APPROVED,0,None
1a8bad43-ef1f-453c-9737-82adf04570ed,20,1580.9,Zepto,Groceries,"Pune, IN",device-mobile-020,2026-08-20T22:31:41.823367+00:00,APPROVED,0,None
6d9edda8-1475-486f-9771-5b50998792f8,13,1753.57,Swiggy,Food & Dining,"Chennai, IN",device-mobile-013,2026-08-20T22:41:56.823367+00:00,APPROVED,0,None
339514f0-8845-4739-8a3d-061f065e5705,4,2600.88,Samsung Store,Electronics,"Bengaluru, IN",device-mobile-004,2026-08-20T22:44:45.823367+00:00,APPROVED,0,None
46cd5a8b-ee14-4c75-b427-073c3a2d7fa3,22,603.57,Spotify,Entertainment,"Bengaluru, IN",device-mobile-022,2026-08-20T22:49:47.823367+00:00,APPROVED,0,None
7c25e1bc-ec5b-499f-bb84-705a1733e0f8,48,1455.64,BigBasket,Groceries,"Bengaluru, IN",device-mobile-048,2026-08-20T22:52:00.823367+00:00,APPROVED,0,None
97ed1135-8996-41aa-926a-332726915d51,44,3990.37,Vijay Sales,Electronics,"Kolkata, IN",device-laptop-044,2026-08-20T22:56:19.823367+00:00,APPROVED,0,None
a595ec47-c734-4ed2-805d-68b8a8d4f074,15,5049.95,Steam Games,Shopping,"Singapore, SG",device-botnet-96,2026-08-20T23:02:00.823367+00:00,FLAGGED,1,FAILED_ATTEMPT_STUFFING
4ade3d26-249f-4ca1-9a56-1295d750d1ee,29,1042.24,Amazon India,Shopping,"Pune, IN",device-laptop-029,2026-08-20T23:03:51.823367+00:00,APPROVED,0,None
42e4cc42-d753-4463-aff7-cd7d971814f4,32,1645.07,Myntra,Shopping,"Hyderabad, IN",device-mobile-032,2026-08-20T23:07:08.823367+00:00,APPROVED,0,None
1a2c57aa-9141-4890-9bd7-a6da275a9197,2,2545.81,Croma,Electronics,"Pune, IN",device-mobile-002,2026-08-20T23:09:27.823367+00:00,APPROVED,0,None
a7ef2595-a500-4bb2-aa8a-e478cf242d77,14,1064.06,Barbeque Nation,Food & Dining,"Chennai, IN",device-mobile-014,2026-08-20T23:15:10.823367+00:00,APPROVED,0,None
1b8f0620-552f-4fc6-bb55-600b7b853b47,41,628.46,MakeMyTrip,Travel,"Ahmedabad, IN",device-mobile-041,2026-08-20T23:16:06.823367+00:00,APPROVED,0,None
50dccc03-a3d6-4ac4-bfc0-a8ad89394785,8,2837.67,H&M,Shopping,"Hyderabad, IN",device-mobile-008,2026-08-20T23:36:09.823367+00:00,APPROVED,0,None
a4c86322-9524-4b56-a0a5-38e440ad90db,39,3641.61,H&M,Shopping,"Chennai, IN",device-mobile-039,2026-08-20T23:41:19.823367+00:00,APPROVED,0,None
b1772f2f-64f7-45b3-ab4a-ed6973a42561,41,7951.29,IndiGo,Travel,"Bucharest, RO",device-mobile-041,2026-08-21T00:56:54.823367+00:00,SUSPICIOUS,1,LOCATION_HOPPING
193a4e55-4cbc-4ccb-82df-95024bf45f78,14,1661.75,Myntra,Shopping,"Chennai, IN",device-mobile-014,2026-08-21T01:01:57.823367+00:00,APPROVED,0,None
474e469f-5a82-4dbd-8795-1bb097a41df5,33,524.13,Zomato,Food & Dining,"Kolkata, IN",device-mobile-033,2026-08-21T01:14:50.823367+00:00,APPROVED,0,None
543d43b4-585e-49de-8e5d-c697072eb766,9,1726.6,Netflix,Entertainment,"Pune, IN",device-mobile-009,2026-08-21T01:22:40.823367+00:00,APPROVED,0,None
e4f216a2-81ef-45bd-b11b-43fdc7c6e121,44,2387.96,Samsung Store,Electronics,"Kolkata, IN",device-laptop-044,2026-08-21T01:30:49.823367+00:00,APPROVED,0,None
86253114-8e51-4ebc-b686-95516befff6f,9,2617.07,Ola,Travel,"Pune, IN",device-mobile-009,2026-08-21T01:33:12.823367+00:00,APPROVED,0,None
64546f0f-c9f4-4830-8755-cc0d5337ae20,28,3470.3,Barbeque Nation,Food & Dining,"Chennai, IN",device-mobile-028,2026-08-21T01:46:58.823367+00:00,APPROVED,0,None
c9469c94-ad15-44e5-ab3f-f2ff9fda04f0,39,1670.85,Starbucks,Food & Dining,"Chennai, IN",device-mobile-039,2026-08-21T01:57:03.823367+00:00,APPROVED,0,None
5a3bcb70-b78e-413d-94b5-5f35baa94710,19,735.31,Flipkart,Shopping,"Kolkata, IN",device-mobile-019,2026-08-21T02:27:57.823367+00:00,APPROVED,0,None
8fccc462-8530-44a9-a318-007b0196219d,50,1038.24,Swiggy,Food & Dining,"Kolkata, IN",device-mobile-050,2026-08-21T02:40:31.823367+00:00,APPROVED,0,None
a436eaa2-cf6b-4b0e-ac62-5f55b0303b0a,45,1260.99,Flipkart,Shopping,"Kolkata, IN",device-mobile-045,2026-08-21T02:46:49.823367+00:00,APPROVED,0,None
350391d0-1f2d-4fe0-a0fa-5164b5c7d201,16,1255.43,Tanishq,Luxury & Jewelry,"Chennai, IN",device-mobile-016,2026-08-21T02:57:46.823367+00:00,APPROVED,0,None
f425abd8-7851-4bb5-96f8-4b58b313cab3,25,2904.17,Netflix,Entertainment,"Mumbai, IN",device-mobile-025,2026-08-21T02:59:29.823367+00:00,APPROVED,0,None
ec87cde0-f5e9-4c16-98c6-fcf1af6f3627,31,2877.32,Adani Gas,Utilities,"Delhi, IN",device-mobile-031,2026-08-21T03:02:49.823367+00:00,APPROVED,0,None
ad58b632-6442-4e24-bc7a-e3237e50404b,17,3624.86,Instamart,Groceries,"Mumbai, IN",device-laptop-017,2026-08-21T03:10:04.823367+00:00,APPROVED,0,None
cdff1f7f-c5a7-4b4d-a889-6abb03e156af,7,1653.88,Croma,Electronics,"Mumbai, IN",device-mobile-007,2026-08-21T03:15:21.823367+00:00,APPROVED,0,None
0b4d21ff-c863-47ad-bbf1-86263a7d2976,12,1177.06,Adani Gas,Utilities,"Chennai, IN",device-mobile-012,2026-08-21T03:18:26.823367+00:00,APPROVED,0,None
dc5e6f68-deed-4ea4-98de-ad55dca9b88e,12,3454.97,Steam Games,Shopping,"Singapore, SG",device-botnet-15,2026-08-21T03:21:30.823367+00:00,FLAGGED,1,FAILED_ATTEMPT_STUFFING
1feaea61-9bd8-457f-a753-ef4a8751fc33,18,1358.59,Spotify,Entertainment,"Mumbai, IN",device-mobile-018,2026-08-21T03:29:47.823367+00:00,APPROVED,0,None
789c80e7-41d0-4371-b848-09dfa4973b72,42,2848.03,Uber,Travel,"Delhi, IN",device-mobile-042,2026-08-21T03:34:11.823367+00:00,APPROVED,0,None
49d1ea79-96b9-4a77-b5c7-e2f81e7b4092,31,1508.8,Tanishq,Luxury & Jewelry,"Delhi, IN",device-mobile-031,2026-08-21T03:40:42.823367+00:00,APPROVED,0,None
788d5da0-ed92-4d85-a9cf-0a2783c73692,6,981.79,Croma,Electronics,"Hyderabad, IN",device-mobile-006,2026-08-21T03:41:08.823367+00:00,APPROVED,0,None
00437113-1f7a-4401-b395-16d7a9e0dd09,26,3682.39,Swiggy,Food & Dining,"Ahmedabad, IN",device-mobile-026,2026-08-21T03:42:21.823367+00:00,APPROVED,0,None
bcf25eb7-4707-4d86-bfcf-555591f24147,44,1881.24,Swiggy,Food & Dining,"Kolkata, IN",device-mobile-044,2026-08-21T04:02:16.823367+00:00,APPROVED,0,None
ad185e64-bed9-4a9e-9d0a-c06a08ba4609,40,5089.56,Ajio,Shopping,"Ahmedabad, IN",device-mobile-040,2026-08-21T04:41:31.823367+00:00,APPROVED,0,None
919c288a-42c4-4b4c-b0c3-461ebddea1a8,44,2530.04,Zomato,Food & Dining,"Pune, IN",device-mobile-044,2026-08-21T05:03:42.823367+00:00,APPROVED,0,None
b74c9be0-cc6f-4039-a951-c341e6084cfd,28,759.29,Airtel Bill,Utilities,"Chennai, IN",device-mobile-028,2026-08-21T05:22:06.823367+00:00,APPROVED,0,None
f487ea79-3e59-4dcb-b9a9-558c821a3149,47,2105.13,Starbucks,Food & Dining,"Bengaluru, IN",device-mobile-047,2026-08-21T05:28:52.823367+00:00,APPROVED,0,None
59740223-c2ec-4540-860f-5134b69a32b9,8,2892.94,Zepto,Groceries,"Kolkata, IN",device-mobile-008,2026-08-21T05:36:53.823367+00:00,APPROVED,0,None
26675ab3-fa2a-47ca-8ffa-826c72171f3f,22,530.28,Amazon India,Shopping,"Bengaluru, IN",device-mobile-022,2026-08-21T05:50:38.823367+00:00,APPROVED,0,None
5bc5db0c-0785-4acd-ba05-d451fb2580d2,12,2503.81,McDonald's,Food & Dining,"Chennai, IN",device-mobile-012,2026-08-21T05:53:12.823367+00:00,APPROVED,0,None
595aaab7-cec4-45f0-9ff1-0b496491d242,45,511.03,Booking.com,Travel,"Kolkata, IN",device-mobile-045,2026-08-21T05:59:35.823367+00:00,APPROVED,0,None
f3f51673-63cb-499f-be81-db95e57fe59b,41,2262.44,McDonald's,Food & Dining,"Mumbai, IN",device-mobile-041,2026-08-21T06:02:52.823367+00:00,APPROVED,0,None
ef116937-7d82-43d5-b1af-057617b5b12f,29,4071.07,Myntra,Shopping,"Pune, IN",device-mobile-029,2026-08-21T06:03:13.823367+00:00,APPROVED,0,None
89dc3590-4a31-4cd7-9254-f2b5c68455c5,23,1179.96,Tata Power,Utilities,"Hyderabad, IN",device-mobile-023,2026-08-21T06:09:53.823367+00:00,APPROVED,0,None
9b354341-e9f1-4435-8238-cfe684ee87d0,27,1238.13,BookMyShow,Entertainment,"Chennai, IN",device-mobile-027,2026-08-21T06:40:05.823367+00:00,APPROVED,0,None
89109b31-f41e-4e33-81b7-892bf5137a6c,6,648.12,Booking.com,Travel,"Hyderabad, IN",device-mobile-006,2026-08-21T06:49:44.823367+00:00,APPROVED,0,None
1bd8cedd-a21d-4d85-9ce1-48449d19e957,42,1206.81,H&M,Shopping,"Delhi, IN",device-mobile-042,2026-08-21T07:09:18.823367+00:00,APPROVED,0,None
06ce917a-23a2-4c29-8d5e-06ec71a38709,50,1357.12,Nature's Basket,Groceries,"Kolkata, IN",device-mobile-050,2026-08-21T07:30:30.823367+00:00,APPROVED,0,None
c679e579-c715-49cd-ad33-e4d012c5ea2e,25,1844.47,Nature's Basket,Groceries,"Bengaluru, IN",device-mobile-025,2026-08-21T07:31:59.823367+00:00,APPROVED,0,None
9c634361-e54e-43c9-b969-09b1ea6697b4,49,789.78,Swiggy,Food & Dining,"Delhi, IN",device-laptop-049,2026-08-21T07:52:16.823367+00:00,APPROVED,0,None
27708f2c-ae8f-4e07-b0c3-35185533eb54,25,1318.63,Barbeque Nation,Food & Dining,"Hyderabad, IN",device-mobile-025,2026-08-21T08:00:32.823367+00:00,APPROVED,0,None
7b12dd2b-aa04-4709-a03c-23790fe89661,7,466.77,Blinkit,Groceries,"Mumbai, IN",device-mobile-007,2026-08-21T08:08:58.823367+00:00,APPROVED,0,None
dddab628-3be7-466b-b043-8985defa2323,50,808.66,Jio Recharge,Utilities,"Kolkata, IN",device-mobile-050,2026-08-21T08:12:15.823367+00:00,APPROVED,0,None
e383a3d3-ef06-4476-9110-651e2e3230ce,22,1281.04,Booking.com,Travel,"Bengaluru, IN",device-mobile-022,2026-08-21T08:16:07.823367+00:00,APPROVED,0,None
18f4c2ea-3125-49f0-a976-2d3ce2d7d7a3,34,64851.03,Apple Store,Electronics,"Mumbai, IN",device-emulator-root-2848,2026-08-21T08:22:48.823367+00:00,SUSPICIOUS,1,UNRECOGNIZED_DEVICE
d7a29c92-d450-4633-ae39-06238a777791,10,3258.49,Spotify,Entertainment,"Mumbai, IN",device-laptop-010,2026-08-21T08:35:57.823367+00:00,APPROVED,0,None
ffbdca82-0388-4d86-a7c3-eb4b523c8057,37,989.94,Flipkart,Shopping,"Kolkata, IN",device-mobile-037,2026-08-21T08:41:22.823367+00:00,APPROVED,0,None
2ec7bb3b-5150-4e6b-835d-f2a4c9b965dd,13,1237.61,Samsung Store,Electronics,"Hyderabad, IN",device-mobile-013,2026-08-21T09:13:56.823367+00:00,APPROVED,0,None
854e92e1-4594-45fc-a773-ab1a11a9ed55,20,1992.9,Myntra,Shopping,"Pune, IN",device-laptop-020,2026-08-21T09:21:52.823367+00:00,APPROVED,0,None
c271c4f8-668e-4844-840c-607bc7db8957,33,542.04,Jio Recharge,Utilities,"Delhi, IN",device-mobile-033,2026-08-21T09:33:05.823367+00:00,APPROVED,0,None
9bb33ee2-ee2c-44be-b6c2-df80537be586,4,694.9,Bescom,Utilities,"Bengaluru, IN",device-mobile-004,2026-08-21T09:42:24.823367+00:00,APPROVED,0,None
a2fd3e55-c4c2-440e-87d7-19548abbdbd3,38,325.47,Amazon India,Shopping,"Hyderabad, IN",device-mobile-038,2026-08-21T09:50:33.823367+00:00,APPROVED,0,None
e5ca92d7-734d-408e-95c0-f92f6c1bcbba,2,5665.39,BigBasket,Groceries,"Pune, IN",device-mobile-002,2026-08-21T10:05:37.823367+00:00,APPROVED,0,None
e4d69c1a-f473-41af-ad0a-9f2ad239067d,49,958.47,DMart,Groceries,"Delhi, IN",device-laptop-049,2026-08-21T10:24:05.823367+00:00,APPROVED,0,None
d082e1c8-1991-47b4-8a88-d475790dae43,43,880.58,Starbucks,Food & Dining,"Pune, IN",device-mobile-043,2026-08-21T10:59:12.823367+00:00,APPROVED,0,None
2e2e194b-f572-499a-b96e-aaa4dfe43bcf,26,4325.05,Spotify,Entertainment,"Ahmedabad, IN",device-mobile-026,2026-08-21T11:00:11.823367+00:00,APPROVED,0,None
0f363d22-0f99-4ff9-b659-c9d5715b1cd9,19,1982.63,Blinkit,Groceries,"Kolkata, IN",device-mobile-019,2026-08-21T11:09:54.823367+00:00,APPROVED,0,None
045bd946-8375-4bc1-aae0-7a7d4801867d,8,37773.98,Apple Store,Electronics,"Mumbai, IN",device-emulator-root-4246,2026-08-21T11:14:33.823367+00:00,SUSPICIOUS,1,UNRECOGNIZED_DEVICE
b0223b15-cd3e-4cf8-966a-d959d22ab15d,22,895.71,Starbucks,Food & Dining,"Chennai, IN",device-mobile-022,2026-08-21T11:20:46.823367+00:00,APPROVED,0,None
3060d6d4-de95-402b-9bae-1ffc545264f2,44,3540.5,Steam Games,Entertainment,"Kolkata, IN",device-mobile-044,2026-08-21T11:26:22.823367+00:00,APPROVED,0,None
4797072b-dae2-4d5d-a356-edce4b8e7a8f,34,2335.87,Booking.com,Travel,"Hyderabad, IN",device-mobile-034,2026-08-21T11:39:49.823367+00:00,APPROVED,0,None
74c10cfe-fc47-47b1-a9b5-e361dfa9f5cb,20,2498.81,Adani Gas,Utilities,"Pune, IN",device-mobile-020,2026-08-21T11:52:13.823367+00:00,APPROVED,0,None
a7dab2be-c6c7-4912-8a5b-12d25de5922f,6,788.85,Ajio,Shopping,"Bengaluru, IN",device-mobile-006,2026-08-21T11:58:00.823367+00:00,APPROVED,0,None
f6c69ba6-6490-420c-a686-0616f322c48f,17,5474.41,Steam Games,Shopping,"Moscow, RU",device-botnet-37,2026-08-21T11:58:02.823367+00:00,FLAGGED,1,FAILED_ATTEMPT_STUFFING
a2eeabba-e7cb-434d-abaa-4a05850e43ee,10,2259.81,Reliance Digital,Electronics,"Mumbai, IN",device-mobile-010,2026-08-21T12:02:02.823367+00:00,APPROVED,0,None
6cbe8c29-98bd-4c62-9029-dc6a9033b450,30,88778.92,CaratLane,Luxury & Jewelry,"Bengaluru, IN",device-mobile-030,2026-08-21T12:03:02.823367+00:00,FLAGGED,1,HIGH_AMOUNT_SPIKE
38a18716-e296-4b01-bb61-2b28ee590a55,45,726.33,Bescom,Utilities,"Kolkata, IN",device-mobile-045,2026-08-21T12:10:52.823367+00:00,APPROVED,0,None
0abd214d-58b3-422e-b37e-a16d3efe8657,42,1687.22,Amazon India,Shopping,"Delhi, IN",device-mobile-042,2026-08-21T12:33:19.823367+00:00,APPROVED,0,None
e3e38e04-c4d8-4165-bb3d-606fb8f02812,8,937.02,BigBasket,Groceries,"Kolkata, IN",device-mobile-008,2026-08-21T12:35:19.823367+00:00,APPROVED,0,None
f37dea87-7f76-4249-9ac2-16716581bb97,37,2333.16,Zomato,Food & Dining,"Kolkata, IN",device-mobile-037,2026-08-21T12:39:58.823367+00:00,APPROVED,0,None
6ff5d138-dbb4-4d7d-8df8-695392be6004,40,699.74,Blinkit,Groceries,"Ahmedabad, IN",device-mobile-040,2026-08-21T12:41:37.823367+00:00,APPROVED,0,None
d489542b-057f-4d45-87be-a2a0b1b92ca3,17,720.79,MakeMyTrip,Travel,"Mumbai, IN",device-laptop-017,2026-08-21T12:46:29.823367+00:00,APPROVED,0,None
03276ada-c59b-46c2-850e-fc40d765dd87,22,524.76,Bescom,Utilities,"Hyderabad, IN",device-mobile-022,2026-08-21T12:58:55.823367+00:00,APPROVED,0,None
b6a71b51-5d4a-4149-b097-613222871013,42,5463.23,Zepto,Groceries,"Delhi, IN",device-mobile-042,2026-08-21T13:02:28.823367+00:00,APPROVED,0,None
e2b20dc6-62ba-482b-b366-9aa50224131b,38,477.45,MakeMyTrip,Travel,"Delhi, IN",device-mobile-038,2026-08-21T13:10:06.823367+00:00,APPROVED,0,None
66ee8aa8-a594-4351-8e16-8146dcc48d50,20,1181.14,Amazon India,Shopping,"Pune, IN",device-mobile-020,2026-08-21T13:16:44.823367+00:00,APPROVED,0,None
53edae4c-26f6-40ba-8ab7-625f8c37803a,7,889.07,Starbucks,Food & Dining,"Mumbai, IN",device-mobile-007,2026-08-21T13:37:08.823367+00:00,APPROVED,0,None
a09fffc2-1229-4e34-b4f8-62cf39364e88,9,1006.94,Blinkit,Groceries,"Pune, IN",device-mobile-009,2026-08-21T14:01:05.823367+00:00,APPROVED,0,None
33692250-b2a3-4026-bb4e-7644cc2abb8d,36,8635.32,H&M,Shopping,"Mumbai, IN",device-mobile-036,2026-08-21T14:07:05.823367+00:00,APPROVED,0,None
c66e30ab-d074-4d2e-8b08-4b468414c7b6,19,3219.93,Ajio,Shopping,"Kolkata, IN",device-mobile-019,2026-08-21T14:11:14.823367+00:00,APPROVED,0,None
8d7d4670-d874-499b-ac9a-2fb33e625c45,28,1231.49,Blinkit,Groceries,"Chennai, IN",device-mobile-028,2026-08-21T14:18:34.823367+00:00,APPROVED,0,None
3f388d79-87e4-4e01-bf56-c6415f640fb6,28,944.47,Zepto,Groceries,"Chennai, IN",device-mobile-028,2026-08-21T14:21:03.823367+00:00,APPROVED,0,None
901b93f8-c832-4760-a819-ce35872f69de,28,1519.04,Tata Power,Utilities,"Chennai, IN",device-mobile-028,2026-08-21T14:34:55.823367+00:00,APPROVED,0,None
fff74c21-6d47-447b-91e8-e698e1dffdf9,8,3749.07,Blinkit,Groceries,"Kolkata, IN",device-mobile-008,2026-08-21T14:36:21.823367+00:00,APPROVED,0,None
26633e46-f9d0-4e8b-ae8d-e5fc569ffebc,22,1114.46,DMart,Groceries,"Bengaluru, IN",device-mobile-022,2026-08-21T14:36:54.823367+00:00,APPROVED,0,None
722d5d8b-7d24-4c31-abf4-69d0eba7f29e,12,6047.52,Instamart,Groceries,"Hyderabad, IN",device-mobile-012,2026-08-21T15:10:15.823367+00:00,APPROVED,0,None
5ec20524-802a-4754-97aa-f2a02b965aa9,45,818.22,Zara,Shopping,"Kolkata, IN",device-mobile-045,2026-08-21T15:13:18.823367+00:00,APPROVED,0,None
5982a0fd-f534-4fba-b142-435e6f6d25c2,34,5140.69,Airtel Bill,Utilities,"Hyderabad, IN",device-laptop-034,2026-08-21T15:21:40.823367+00:00,APPROVED,0,None
927a9c85-fefa-4c78-9b7c-34f39f6740de,18,2258.76,Samsung Store,Electronics,"Bengaluru, IN",device-mobile-018,2026-08-21T15:32:21.823367+00:00,APPROVED,0,None
20c2e810-88ee-4379-a1a4-b90513aac835,25,1375.88,Adani Gas,Utilities,"Bengaluru, IN",device-mobile-025,2026-08-21T15:54:37.823367+00:00,APPROVED,0,None
ae6310e2-dd6c-4b7c-a841-2afc32be58f6,46,1008.9,Airtel Bill,Utilities,"Delhi, IN",device-mobile-046,2026-08-21T15:55:53.823367+00:00,APPROVED,0,None
9388a5a4-4c88-43bd-9795-7f1ad22998ee,46,1905.9,H&M,Shopping,"Mumbai, IN",device-mobile-046,2026-08-21T16:13:51.823367+00:00,APPROVED,0,None
8f627f8f-4bb5-482b-8716-31a0867248ac,44,4624.31,PVR Cinemas,Entertainment,"Kolkata, IN",device-mobile-044,2026-08-21T16:14:28.823367+00:00,APPROVED,0,None
46914059-b33b-43fd-b56a-c8a6592575d6,21,2780.27,Myntra,Shopping,"Chennai, IN",device-mobile-021,2026-08-21T16:37:26.823367+00:00,APPROVED,0,None
f3508758-9397-4674-a7be-1a2fdb332191,27,1139.06,Dominos,Food & Dining,"Chennai, IN",device-mobile-027,2026-08-21T16:44:22.823367+00:00,APPROVED,0,None
025345ba-838f-4385-8c7b-048d4d35d1d6,31,827.09,Ajio,Shopping,"Delhi, IN",device-mobile-031,2026-08-21T16:48:22.823367+00:00,APPROVED,0,None
1fd0c159-7a24-4c85-81d9-284e1a1ad8b4,48,2648.99,Flipkart,Shopping,"Bengaluru, IN",device-mobile-048,2026-08-21T16:59:51.823367+00:00,APPROVED,0,None
a7c1f926-ceef-4fd8-8e9c-59b8170f8095,42,5128.28,Jio Recharge,Utilities,"Delhi, IN",device-mobile-042,2026-08-21T17:10:08.823367+00:00,APPROVED,0,None
70b65e3b-484f-4afc-a172-62e99ee51816,33,199.22,IRCTC,Travel,"Kolkata, IN",device-mobile-033,2026-08-21T17:17:24.823367+00:00,APPROVED,0,None
82b3c16d-2f38-4381-a922-31bd08f22392,44,2806.26,Blinkit,Groceries,"Kolkata, IN",device-mobile-044,2026-08-21T17:19:24.823367+00:00,APPROVED,0,None
68f38b63-a5b4-402b-b962-bdc8bb3fe670,38,845.69,PVR Cinemas,Entertainment,"Kolkata, IN",device-mobile-038,2026-08-21T17:24:17.823367+00:00,APPROVED,0,None
e009deb6-a6e1-45be-82a5-85e00fba5404,45,939.13,Malabar Gold,Luxury & Jewelry,"Kolkata, IN",device-mobile-045,2026-08-21T17:25:07.823367+00:00,APPROVED,0,None
b90735d7-98de-4a25-a214-51be37730078,35,27468.12,Apple Store,Electronics,"Chennai, IN",device-emulator-root-5979,2026-08-21T17:29:16.823367+00:00,SUSPICIOUS,1,UNRECOGNIZED_DEVICE
3fcba756-c75a-4120-bfb8-8f04a660b677,43,306.72,H&M,Shopping,"Pune, IN",device-mobile-043,2026-08-21T17:36:10.823367+00:00,APPROVED,0,None
c51d933b-2739-428f-bf59-4efc62ca165c,3,3980.62,Vijay Sales,Electronics,"Delhi, IN",device-mobile-003,2026-08-21T17:37:53.823367+00:00,APPROVED,0,None
b1e74bee-9c0a-47a8-afd4-0d1925fe92d1,27,1405.19,Zara,Shopping,"Chennai, IN",device-mobile-027,2026-08-21T17:39:44.823367+00:00,APPROVED,0,None
6f691629-89e3-4ec1-b713-0ba5cd9d66b2,46,2543.36,Zepto,Groceries,"Delhi, IN",device-mobile-046,2026-08-21T18:20:08.823367+00:00,APPROVED,0,None
d3bf3983-1920-4cba-94dd-4fecf5e0e1c0,15,420.7,Ajio,Shopping,"Kolkata, IN",device-mobile-015,2026-08-21T18:24:40.823367+00:00,APPROVED,0,None
a8bfa2e0-9405-481b-90e3-eeaae6e312c0,8,3457.61,MakeMyTrip,Travel,"Kolkata, IN",device-mobile-008,2026-08-21T18:25:00.823367+00:00,APPROVED,0,None
222fe663-272e-49fe-9c5f-eba1cd55a435,4,1520.21,Netflix,Entertainment,"Bengaluru, IN",device-mobile-004,2026-08-21T18:32:54.823367+00:00,APPROVED,0,None
e434550c-3363-4e3b-835f-1e2a0a8fa081,39,844.69,Tata Power,Utilities,"Chennai, IN",device-mobile-039,2026-08-21T18:35:22.823367+00:00,APPROVED,0,None
f6bdbe58-b37d-402a-a396-0320cfc3edac,17,1721.56,Myntra,Shopping,"Mumbai, IN",device-mobile-017,2026-08-21T18:36:14.823367+00:00,APPROVED,0,None
dd60ed6e-dd00-4b12-aabb-c2038db56769,12,7926.44,Ajio,Shopping,"Chennai, IN",device-mobile-012,2026-08-21T19:05:02.823367+00:00,APPROVED,0,None
0c70f106-bf25-43d9-a830-fc5711c79e08,7,28874.68,Flipkart,Shopping,"Lagos, NG",device-mobile-007,2026-08-21T19:09:52.823367+00:00,SUSPICIOUS,1,LOCATION_HOPPING
2bc86bff-7552-4357-a4c9-3f741c067a69,28,1177.19,Tata Power,Utilities,"Pune, IN",device-mobile-028,2026-08-21T19:13:40.823367+00:00,APPROVED,0,None
45f808e4-bbb7-4c38-885d-7c42e74a4732,42,1469.91,H&M,Shopping,"Delhi, IN",device-mobile-042,2026-08-21T19:15:12.823367+00:00,APPROVED,0,None
48ecdf46-b0eb-498c-a526-bae7cb8836cf,42,1888.55,BigBasket,Groceries,"Delhi, IN",device-mobile-042,2026-08-21T19:20:52.823367+00:00,APPROVED,0,None
7e8b9676-2cee-4c84-a9cf-7385ebd008b7,11,275.77,Bescom,Utilities,"Hyderabad, IN",device-laptop-011,2026-08-21T19:22:38.823367+00:00,APPROVED,0,None
495db36f-5f50-4574-890c-59c7b5ea370c,46,1810.54,Swiggy,Food & Dining,"Delhi, IN",device-mobile-046,2026-08-21T19:44:55.823367+00:00,APPROVED,0,None
0ea617d0-0292-471a-9db6-6ba5577e124f,22,460.85,Netflix,Entertainment,"Bengaluru, IN",device-mobile-022,2026-08-21T20:06:50.823367+00:00,APPROVED,0,None
a369a5ac-3789-4dc3-bb3d-1eabb0d40497,8,8465.76,Amazon India,Shopping,"Kolkata, IN",device-mobile-008,2026-08-21T20:22:12.823367+00:00,APPROVED,0,None
48e915a8-43dc-43dd-bf2a-b02f585ba016,27,6618.88,Steam Games,Shopping,"Bucharest, RO",device-botnet-25,2026-08-21T20:26:58.823367+00:00,FLAGGED,1,FAILED_ATTEMPT_STUFFING
9a20ab7b-fa69-4ee4-8803-77a80f1c4594,16,682.59,Ola,Travel,"Chennai, IN",device-mobile-016,2026-08-21T20:35:00.823367+00:00,APPROVED,0,None
fdede462-3e7c-4263-9fab-279f35b34a9f,47,1302.01,IRCTC,Travel,"Bengaluru, IN",device-mobile-047,2026-08-21T20:40:02.823367+00:00,APPROVED,0,None
374a3f71-90d5-4238-a1af-9647b6a91908,25,5206.39,DMart,Groceries,"Chennai, IN",device-mobile-025,2026-08-21T20:43:57.823367+00:00,APPROVED,0,None
ebbb1c0e-0480-44c2-b17a-8c2f34350d1d,26,3456.39,PVR Cinemas,Entertainment,"Ahmedabad, IN",device-mobile-026,2026-08-21T20:54:37.823367+00:00,APPROVED,0,None
3863cdfe-d5f2-4d5d-bb22-7d42db8e51d7,27,1372.34,Apple Store,Electronics,"Chennai, IN",device-mobile-027,2026-08-21T20:58:32.823367+00:00,APPROVED,0,None
bea6728e-8eaa-4d67-8f4b-354eb429ae97,42,1834.22,Ajio,Shopping,"Delhi, IN",device-mobile-042,2026-08-21T21:05:09.823367+00:00,APPROVED,0,None
44e86044-d334-4ec7-b8e8-c8e27fc57631,28,2400.7,Swiggy,Food & Dining,"Chennai, IN",device-mobile-028,2026-08-21T21:09:59.823367+00:00,APPROVED,0,None
0d8e38c0-06bb-48be-8663-948c4b3f9f8a,43,805.27,Amazon India,Shopping,"Pune, IN",device-mobile-043,2026-08-21T21:24:42.823367+00:00,APPROVED,0,None
25d60fdf-f30d-44f1-a8b3-bd10e20bdcfe,12,6875.95,Myntra,Shopping,"Chennai, IN",device-mobile-012,2026-08-21T21:25:40.823367+00:00,APPROVED,0,None
0f3153b5-5ff3-409a-9700-14ef6b3e8a48,20,1326.33,Booking.com,Travel,"Pune, IN",device-mobile-020,2026-08-21T21:31:02.823367+00:00,APPROVED,0,None
f3b485d0-fa1b-4e05-87c0-cedd90a632ff,11,232.65,Vijay Sales,Electronics,"Delhi, IN",device-laptop-011,2026-08-21T21:35:19.823367+00:00,APPROVED,0,None
7bf7b13d-21ab-409c-95a5-a19dce394a72,7,833.5,Amazon India,Shopping,"Mumbai, IN",device-mobile-007,2026-08-21T21:40:24.823367+00:00,APPROVED,0,None
65aeaeda-09f1-4f46-9ea0-b46f82fd8b43,2,5103.47,Netflix,Entertainment,"Pune, IN",device-mobile-002,2026-08-21T21:40:42.823367+00:00,APPROVED,0,None
c1cafa08-9081-47e7-8218-3cd099d904d1,44,5375.64,Steam Games,Shopping,"Cayman Islands, KY",device-botnet-41,2026-08-21T21:55:46.823367+00:00,FLAGGED,1,FAILED_ATTEMPT_STUFFING
7cdce94d-8e12-4dd2-9dfe-cbb7f2335f4a,27,863.14,Myntra,Shopping,"Chennai, IN",device-mobile-027,2026-08-21T22:13:02.823367+00:00,APPROVED,0,None
dca9ab49-54ec-453d-8912-1b4ad8edd6b1,43,1133.6,Booking.com,Travel,"Mumbai, IN",device-mobile-043,2026-08-21T22:22:39.823367+00:00,APPROVED,0,None
b47864df-afb3-43c0-9e82-c825c1a666a5,13,1736.13,Nature's Basket,Groceries,"Hyderabad, IN",device-mobile-013,2026-08-21T22:38:27.823367+00:00,APPROVED,0,None
529d7deb-c72b-42d8-842d-650f607b5800,34,3023.57,H&M,Shopping,"Hyderabad, IN",device-mobile-034,2026-08-21T23:03:12.823367+00:00,APPROVED,0,None
59113442-5e3b-484d-a7c8-22962f1c8c45,19,800.37,Samsung Store,Electronics,"Kolkata, IN",device-mobile-019,2026-08-21T23:03:56.823367+00:00,APPROVED,0,None
7482ec15-f94c-49e5-a642-20f423ad80ec,16,741.67,Netflix,Entertainment,"Chennai, IN",device-mobile-016,2026-08-21T23:13:54.823367+00:00,APPROVED,0,None
bfe9c576-baa7-4c69-8f51-76352cc3c422,8,2028.8,Instamart,Groceries,"Kolkata, IN",device-mobile-008,2026-08-21T23:15:32.823367+00:00,APPROVED,0,None
1ed7faa3-3a9f-4219-a88e-c903cd38dbd5,11,276.7,Reliance Digital,Electronics,"Delhi, IN",device-mobile-011,2026-08-21T23:19:24.823367+00:00,APPROVED,0,None
8e479653-592b-4c3a-b23c-a1d9bbafb6bd,42,1128.66,Barbeque Nation,Food & Dining,"Delhi, IN",device-mobile-042,2026-08-21T23:28:46.823367+00:00,APPROVED,0,None
1878bcf6-96c6-4fd5-bf01-85984d5ed22f,18,3981.98,Malabar Gold,Luxury & Jewelry,"Bengaluru, IN",device-laptop-018,2026-08-21T23:32:11.823367+00:00,APPROVED,0,None
2a9180b8-9ee0-4512-adf0-dabbdc541e39,13,1539.04,Zara,Shopping,"Hyderabad, IN",device-mobile-013,2026-08-21T23:43:49.823367+00:00,APPROVED,0,None
82209033-7b45-4435-9b01-24e8cd7d8d55,39,3191.81,Barbeque Nation,Food & Dining,"Mumbai, IN",device-mobile-039,2026-08-21T23:48:23.823367+00:00,APPROVED,0,None
c0cdf5e1-fa7d-4eab-9352-eeeb0066af4b,49,998.11,Jio Recharge,Utilities,"Delhi, IN",device-mobile-049,2026-08-22T00:04:12.823367+00:00,APPROVED,0,None
ffa6295e-e35b-42dc-886b-0d7f0f61ed97,49,3997.53,Flipkart,Shopping,"Delhi, IN",device-laptop-049,2026-08-22T00:15:28.823367+00:00,APPROVED,0,None
d88e9f7a-778f-4500-90ff-540e03c75b19,33,1164.02,MakeMyTrip,Travel,"Kolkata, IN",device-mobile-033,2026-08-22T00:25:47.823367+00:00,APPROVED,0,None
796648ba-33c3-4c09-b87d-b0a54cbd446e,21,1258.02,Uber,Travel,"Chennai, IN",device-mobile-021,2026-08-22T00:41:55.823367+00:00,APPROVED,0,None
f84127c5-8856-4bda-8a97-1ee0199a19dd,8,5045.45,Reliance Digital,Electronics,"Kolkata, IN",device-mobile-008,2026-08-22T00:49:06.823367+00:00,APPROVED,0,None
4c8c9d62-0fa6-409b-809b-3b99049b126b,30,524.06,Reliance Digital,Electronics,"Bengaluru, IN",device-mobile-030,2026-08-22T01:06:49.823367+00:00,APPROVED,0,None
d63b676d-6c81-4344-9f01-5d8c5e23f3be,43,586.07,Instamart,Groceries,"Pune, IN",device-mobile-043,2026-08-22T01:15:37.823367+00:00,APPROVED,0,None
3e8518c0-2ecc-4c6d-8b41-d7bd23bc44cf,16,1289.05,Flipkart,Shopping,"Chennai, IN",device-mobile-016,2026-08-22T01:34:01.823367+00:00,APPROVED,0,None
031fe931-7ac4-4218-b968-e9319884eed9,26,1738.15,Ola,Travel,"Ahmedabad, IN",device-laptop-026,2026-08-22T01:50:30.823367+00:00,APPROVED,0,None
6a229db3-2448-48b5-81f5-7cb14d3cc188,41,1630.87,Barbeque Nation,Food & Dining,"Ahmedabad, IN",device-mobile-041,2026-08-22T02:04:22.823367+00:00,APPROVED,0,None
8c20287e-e1d6-4181-822c-b119b70903f7,27,88603.2,Apple Store,Electronics,"Kolkata, IN",device-emulator-root-7416,2026-08-22T02:17:27.823367+00:00,SUSPICIOUS,1,UNRECOGNIZED_DEVICE
e57f652a-885a-418d-a37c-de5e1cababbc,19,1461.93,Myntra,Shopping,"Kolkata, IN",device-mobile-019,2026-08-22T02:38:22.823367+00:00,APPROVED,0,None
69ef5b45-44f3-4de3-a153-07c7b26267aa,22,1476.63,Amazon India,Shopping,"Bengaluru, IN",device-mobile-022,2026-08-22T02:42:10.823367+00:00,APPROVED,0,None
3bcea8ef-c80a-42de-ac5d-52ba224e4e4b,4,2356.76,Zara,Shopping,"Bengaluru, IN",device-mobile-004,2026-08-22T02:45:14.823367+00:00,APPROVED,0,None
65180040-e786-43aa-bccf-2b1e6bba681e,17,3482.31,Uber,Travel,"Mumbai, IN",device-mobile-017,2026-08-22T02:59:54.823367+00:00,APPROVED,0,None
14f7995d-f7f0-437e-9def-dcfb56707795,36,2542.18,Uber,Travel,"Mumbai, IN",device-mobile-036,2026-08-22T02:59:59.823367+00:00,APPROVED,0,None
122ad31c-f692-4c81-b71a-b341f870aea1,34,2257.08,Zepto,Groceries,"Hyderabad, IN",device-laptop-034,2026-08-22T03:35:59.823367+00:00,APPROVED,0,None
74eba466-f391-46fa-a1b7-ad5a9b041997,39,1942.8,PVR Cinemas,Entertainment,"Chennai, IN",device-mobile-039,2026-08-22T03:39:55.823367+00:00,APPROVED,0,None
ca8c5a6d-f81a-4d9c-9a48-c3d44f272f28,15,3083.6,Zomato,Food & Dining,"Kolkata, IN",device-mobile-015,2026-08-22T03:52:05.823367+00:00,APPROVED,0,None
844b33e9-0591-435e-898c-5a175fa5224a,1,1197.8,Reliance Digital,Electronics,"Bengaluru, IN",device-mobile-001,2026-08-22T03:52:35.823367+00:00,APPROVED,0,None
b4cf7867-ade8-42fc-aa3f-5355d691c90c,41,850.82,Apple Store,Electronics,"Ahmedabad, IN",device-mobile-041,2026-08-22T03:56:45.823367+00:00,APPROVED,0,None
408bb6c3-9636-4739-be89-3a3f5491dfe0,17,2907.82,Apple Store,Electronics,"Mumbai, IN",device-mobile-017,2026-08-22T04:09:31.823367+00:00,APPROVED,0,None
9827b064-186f-4d2f-92fb-07a238658ed2,36,3749.83,McDonald's,Food & Dining,"Mumbai, IN",device-mobile-036,2026-08-22T04:11:20.823367+00:00,APPROVED,0,None
e90b6a59-c0f2-474d-b0cd-0a750946fe52,34,2574.44,Bescom,Utilities,"Hyderabad, IN",device-mobile-034,2026-08-22T04:23:32.823367+00:00,APPROVED,0,None
7bfb8635-50d3-4640-a6a2-a92a71586ced,31,2549.78,Croma,Electronics,"Delhi, IN",device-mobile-031,2026-08-22T04:34:03.823367+00:00,APPROVED,0,None
f0f2f8fe-d8cf-4ce7-b6f1-e0d799054b1c,33,580.26,Croma,Electronics,"Kolkata, IN",device-mobile-033,2026-08-22T04:35:09.823367+00:00,APPROVED,0,None
ddba32c4-9884-44a8-b45a-6f39718444f1,25,1443.93,Instamart,Groceries,"Bengaluru, IN",device-mobile-025,2026-08-22T04:46:29.823367+00:00,APPROVED,0,None
9e05af5d-9a4d-419a-bd22-016f9d1e78f0,32,1248.39,Amazon India,Shopping,"Hyderabad, IN",device-mobile-032,2026-08-22T04:50:16.823367+00:00,APPROVED,0,None
28934037-3a56-4715-aadb-ebe0859cf461,10,6149.49,Apple Store,Electronics,"Kolkata, IN",device-mobile-010,2026-08-22T05:14:27.823367+00:00,APPROVED,0,None
0803f865-274d-4d6f-bf50-dc2dd4c86fc1,12,2338.47,CaratLane,Luxury & Jewelry,"Chennai, IN",device-mobile-012,2026-08-22T05:15:52.823367+00:00,APPROVED,0,None
3360d4ef-ff1a-4e5e-89e1-ca223903ea37,44,6219.55,Zara,Shopping,"Kolkata, IN",device-mobile-044,2026-08-22T05:20:22.823367+00:00,APPROVED,0,None
0f2ef78e-8602-4e80-a22a-07d34df06bef,42,5554.64,BookMyShow,Entertainment,"Delhi, IN",device-mobile-042,2026-08-22T05:28:03.823367+00:00,APPROVED,0,None
fab36d4c-c11e-46e9-92d8-ff50deb987a2,42,2241.91,Zepto,Groceries,"Kolkata, IN",device-mobile-042,2026-08-22T05:42:11.823367+00:00,APPROVED,0,None
b50b2505-b3ec-4cd0-aa31-b02f0517552f,47,1416.23,IRCTC,Travel,"Bengaluru, IN",device-mobile-047,2026-08-22T05:48:49.823367+00:00,APPROVED,0,None
d7de82a4-de44-4ad0-bad0-09499a6738da,17,11250.82,Myntra,Shopping,"Cayman Islands, KY",device-mobile-017,2026-08-22T05:49:39.823367+00:00,SUSPICIOUS,1,LOCATION_HOPPING
522cdae0-f9fc-452f-b9d5-423d73765737,48,3318.04,IRCTC,Travel,"Bengaluru, IN",device-mobile-048,2026-08-22T05:52:13.823367+00:00,APPROVED,0,None
2e2e55b2-697a-4340-97ef-a4697c09badc,2,5777.52,Ola,Travel,"Pune, IN",device-mobile-002,2026-08-22T05:54:55.823367+00:00,APPROVED,0,None
b480b0f9-f40b-4335-afcc-c41994c02cf9,26,3311.98,Apple Store,Electronics,"Ahmedabad, IN",device-mobile-026,2026-08-22T06:53:30.823367+00:00,APPROVED,0,None
69431199-d00f-4eea-bbdb-8a0f6aa0c160,14,1275.0,Zara,Shopping,"Chennai, IN",device-mobile-014,2026-08-22T07:09:24.823367+00:00,APPROVED,0,None
128588c6-6bf6-42fd-8e7e-2ab8e1ede791,17,2289.24,IRCTC,Travel,"Mumbai, IN",device-mobile-017,2026-08-22T07:28:44.823367+00:00,APPROVED,0,None
0c12a5d6-88dd-411f-bc89-f6926e82c5d9,26,3302.67,Croma,Electronics,"Ahmedabad, IN",device-mobile-026,2026-08-22T07:31:39.823367+00:00,APPROVED,0,None
2e70948d-1298-4506-8bcc-1ac73bbd80c6,31,1531.92,Starbucks,Food & Dining,"Delhi, IN",device-mobile-031,2026-08-22T07:35:23.823367+00:00,APPROVED,0,None
8364c67a-0f27-468c-8df0-0b40e01443b6,27,1154.98,Amazon India,Shopping,"Chennai, IN",device-mobile-027,2026-08-22T07:45:40.823367+00:00,APPROVED,0,None
556c3f30-b734-4dc6-9770-4c6545a5945c,48,2773.7,Airtel Bill,Utilities,"Bengaluru, IN",device-mobile-048,2026-08-22T07:54:59.823367+00:00,APPROVED,0,None
0937cf6e-10fc-4766-b12a-4f304cd14511,43,469.26,Ajio,Shopping,"Pune, IN",device-mobile-043,2026-08-22T07:59:11.823367+00:00,APPROVED,0,None
f7528c66-4066-4766-ada0-4f1b8fc9bd10,2,2969.1,Myntra,Shopping,"Pune, IN",device-mobile-002,2026-08-22T07:59:52.823367+00:00,APPROVED,0,None
593c73c4-7ca3-407b-bbcb-de6f4233b3e0,21,1162.25,DMart,Groceries,"Hyderabad, IN",device-laptop-021,2026-08-22T08:19:20.823367+00:00,APPROVED,0,None
e28c9c5d-4aa8-4b95-a4f1-c8a546332625,15,2494.08,Uber,Travel,"Kolkata, IN",device-mobile-015,2026-08-22T08:22:36.823367+00:00,APPROVED,0,None
ee57a72b-1016-4933-988f-5654932b7def,13,1242.74,Dominos,Food & Dining,"Hyderabad, IN",device-mobile-013,2026-08-22T08:28:53.823367+00:00,APPROVED,0,None
c8f00d08-efa3-4322-b5a7-82cd613e9b33,8,4939.3,Flipkart,Shopping,"Kolkata, IN",device-mobile-008,2026-08-22T08:54:58.823367+00:00,APPROVED,0,None
d7a570a8-9d55-4c7e-8e50-77be1e817a62,24,2707.45,PVR Cinemas,Entertainment,"Bengaluru, IN",device-mobile-024,2026-08-22T08:55:19.823367+00:00,APPROVED,0,None
e48b0ad6-669f-46bc-a4fc-a66ddfac30e2,41,820.87,Netflix,Entertainment,"Ahmedabad, IN",device-mobile-041,2026-08-22T09:11:21.823367+00:00,APPROVED,0,None
45aa5549-a4e0-435f-b750-22e461433260,18,5003.83,Blinkit,Groceries,"Bengaluru, IN",device-mobile-018,2026-08-22T09:28:39.823367+00:00,APPROVED,0,None
63349850-73bb-4326-aff9-13d08e9dfd4e,1,1331.82,Reliance Digital,Electronics,"Bengaluru, IN",device-mobile-001,2026-08-22T09:32:38.823367+00:00,APPROVED,0,None
1bb1f12a-183c-4c4e-a913-7068df11467f,47,778.95,Nature's Basket,Groceries,"Bengaluru, IN",device-laptop-047,2026-08-22T09:46:11.823367+00:00,APPROVED,0,None
0520387e-e5e2-4a35-a2f2-e24b4352e609,8,2707.4,Amazon India,Shopping,"Kolkata, IN",device-mobile-008,2026-08-22T09:48:37.823367+00:00,APPROVED,0,None
c82c31b6-b298-418e-a325-e679f7fcadb5,10,2465.01,Adani Gas,Utilities,"Mumbai, IN",device-mobile-010,2026-08-22T09:58:39.823367+00:00,APPROVED,0,None
5d33037b-1917-46b1-b79c-078824ce115e,47,689.01,Starbucks,Food & Dining,"Bengaluru, IN",device-laptop-047,2026-08-22T09:59:21.823367+00:00,APPROVED,0,None
0f3c7140-287d-428c-9f64-9e5e6cf17773,1,2139.56,PVR Cinemas,Entertainment,"Bengaluru, IN",device-mobile-001,2026-08-22T10:22:26.823367+00:00,APPROVED,0,None
dc73a4b1-f721-49ab-9f48-ef60af6c4a58,30,1177.29,Zara,Shopping,"Bengaluru, IN",device-mobile-030,2026-08-22T10:40:08.823367+00:00,APPROVED,0,None
4de01134-5790-41bf-a453-18ab105cf237,3,3817.88,BookMyShow,Entertainment,"Delhi, IN",device-mobile-003,2026-08-22T11:02:03.823367+00:00,APPROVED,0,None
d5837c5b-11a7-43db-aa12-dbad2da6f2a6,4,5949.02,Reliance Digital,Electronics,"Bengaluru, IN",device-mobile-004,2026-08-22T11:22:05.823367+00:00,APPROVED,0,None
3c6b5461-f0bc-48d4-8264-a712e4948522,31,1956.89,Nature's Basket,Groceries,"Delhi, IN",device-mobile-031,2026-08-22T11:32:12.823367+00:00,APPROVED,0,None
9c61a72e-705f-414b-98f1-6322ff6f946b,15,400.37,Steam Games,Entertainment,"Kolkata, IN",device-mobile-015,2026-08-22T11:45:45.823367+00:00,APPROVED,0,None
342ba48c-8992-469f-9da3-204688576964,49,3522.43,Dominos,Food & Dining,"Delhi, IN",device-mobile-049,2026-08-22T12:10:21.823367+00:00,APPROVED,0,None
6403f5d4-21ed-4182-aa43-dd32e7a6c7fb,32,4891.67,Adani Gas,Utilities,"Hyderabad, IN",device-mobile-032,2026-08-22T12:15:25.823367+00:00,APPROVED,0,None
cba107d4-6626-41ba-aa9a-5b0c595c633b,49,1174.71,Amazon India,Shopping,"Delhi, IN",device-mobile-049,2026-08-22T12:19:42.823367+00:00,APPROVED,0,None
14cd3c61-db79-4fae-8c64-4c57f29df70b,16,1485.06,Nature's Basket,Groceries,"Chennai, IN",device-laptop-016,2026-08-22T12:21:02.823367+00:00,APPROVED,0,None
3f5a2d17-cb52-4e7d-80af-798909bad7fd,39,2028.55,McDonald's,Food & Dining,"Chennai, IN",device-mobile-039,2026-08-22T12:30:27.823367+00:00,APPROVED,0,None
f4379165-efb9-4cc8-965b-a732352f326d,26,2786.38,Booking.com,Travel,"Ahmedabad, IN",device-mobile-026,2026-08-22T12:38:35.823367+00:00,APPROVED,0,None
05953b52-3936-42d8-9c0c-dd8f1dc9548a,13,2584.2,PVR Cinemas,Entertainment,"Hyderabad, IN",device-mobile-013,2026-08-22T12:38:41.823367+00:00,APPROVED,0,None
8bb75202-782c-4feb-9d28-ec4b2a06293f,24,1988.58,Apple Store,Electronics,"Bengaluru, IN",device-mobile-024,2026-08-22T12:43:53.823367+00:00,APPROVED,0,None
ee2ce4c0-2985-4a97-9a75-96bca1f1104a,25,2399.63,Ajio,Shopping,"Chennai, IN",device-mobile-025,2026-08-22T12:45:58.823367+00:00,APPROVED,0,None
de1d2c05-8cc2-465e-a967-4c93b617db16,29,1912.3,Nature's Basket,Groceries,"Pune, IN",device-laptop-029,2026-08-22T13:02:59.823367+00:00,APPROVED,0,None
a5c659a2-2e8b-496c-8c9e-0bd2ef823a2f,4,5149.22,Netflix,Entertainment,"Bengaluru, IN",device-laptop-004,2026-08-22T13:03:12.823367+00:00,APPROVED,0,None
53c5c64a-6830-4999-b9cd-158b0c84de19,18,2329.21,Vijay Sales,Electronics,"Bengaluru, IN",device-mobile-018,2026-08-22T13:10:06.823367+00:00,APPROVED,0,None
21e66c10-6795-4985-a569-7bc0a1fd6f70,11,442.17,Spotify,Entertainment,"Delhi, IN",device-mobile-011,2026-08-22T13:25:46.823367+00:00,APPROVED,0,None
83acc444-9c10-40d2-81f8-24c701530aba,42,2618.26,Amazon India,Shopping,"Delhi, IN",device-mobile-042,2026-08-22T13:34:31.823367+00:00,APPROVED,0,None
63fba46c-75fe-4cf8-b9fa-e8dd76f70693,30,1321.82,Zara,Shopping,"Bengaluru, IN",device-mobile-030,2026-08-22T13:35:36.823367+00:00,APPROVED,0,None
fbd75aea-dbd2-4ec4-97bc-6441dc56b625,16,887.63,Tata Power,Utilities,"Chennai, IN",device-laptop-016,2026-08-22T13:38:56.823367+00:00,APPROVED,0,None
18090e2b-8e57-4807-8d2d-d76498a93c4e,13,3430.65,Instamart,Groceries,"Hyderabad, IN",device-mobile-013,2026-08-22T13:41:53.823367+00:00,APPROVED,0,None
f9b71384-18af-4335-8b5b-08ecadd07626,8,3169.39,Starbucks,Food & Dining,"Kolkata, IN",device-mobile-008,2026-08-22T13:43:36.823367+00:00,APPROVED,0,None
4fe00607-7921-4bc9-8b39-26f3c22eb7ea,8,2167.88,Bescom,Utilities,"Kolkata, IN",device-mobile-008,2026-08-22T13:46:13.823367+00:00,APPROVED,0,None
624ff3c6-37bd-4c0d-a8d1-63e5c33bba80,11,451.55,Barbeque Nation,Food & Dining,"Delhi, IN",device-mobile-011,2026-08-22T14:26:05.823367+00:00,APPROVED,0,None
54ab0763-00a6-47b1-814f-1f322f231bea,15,711.4,Nature's Basket,Groceries,"Kolkata, IN",device-mobile-015,2026-08-22T14:48:15.823367+00:00,APPROVED,0,None
20a6b7c5-4083-4b15-bc0f-87b9d36014b1,17,1240.63,Amazon India,Shopping,"Mumbai, IN",device-mobile-017,2026-08-22T14:55:58.823367+00:00,APPROVED,0,None
12efea86-d1b5-451d-af4c-7f859d12f027,5,823.82,PVR Cinemas,Entertainment,"Mumbai, IN",device-mobile-005,2026-08-22T14:56:20.823367+00:00,APPROVED,0,None
d0ace898-63e4-4d26-b1bb-2492cc189bd5,28,2566.78,Tata Power,Utilities,"Chennai, IN",device-mobile-028,2026-08-22T14:58:15.823367+00:00,APPROVED,0,None
2690f6ff-e513-445d-b5ff-aab3e49a2e04,26,1039.1,DMart,Groceries,"Pune, IN",device-mobile-026,2026-08-22T15:06:02.823367+00:00,APPROVED,0,None
f8e5df81-ba1f-4280-8c61-66bc778650a5,20,1347.33,Ajio,Shopping,"Delhi, IN",device-mobile-020,2026-08-22T15:11:19.823367+00:00,APPROVED,0,None
b05a9643-7de5-4717-9e21-7c39647f1911,28,1878.95,Reliance Digital,Electronics,"Chennai, IN",device-mobile-028,2026-08-22T15:26:58.823367+00:00,APPROVED,0,None
5cafb89f-112b-413e-919f-82e0042328d3,42,1388.0,Amazon India,Shopping,"Delhi, IN",device-mobile-042,2026-08-22T15:27:32.823367+00:00,APPROVED,0,None
28d1975c-9738-400c-97fe-9c2ede4c0abc,28,2910.66,Myntra,Shopping,"Pune, IN",device-mobile-028,2026-08-22T15:40:00.823367+00:00,APPROVED,0,None
437b923a-0aa3-4802-8de6-3c2fd76903ff,2,4263.0,Myntra,Shopping,"Pune, IN",device-mobile-002,2026-08-22T15:43:00.823367+00:00,APPROVED,0,None
f7804765-625b-4f0d-afec-60c477476214,12,3285.16,Vijay Sales,Electronics,"Chennai, IN",device-mobile-012,2026-08-22T16:03:07.823367+00:00,APPROVED,0,None
e0d25965-f607-4fd6-8941-c97dc7f4e0a3,39,2203.77,Samsung Store,Electronics,"Chennai, IN",device-mobile-039,2026-08-22T16:22:10.823367+00:00,APPROVED,0,None
b1bf1aca-1750-4f78-ae2d-80d2d5625ecf,20,1278.03,Samsung Store,Electronics,"Pune, IN",device-laptop-020,2026-08-22T16:24:55.823367+00:00,APPROVED,0,None
a9c47948-593c-44d4-b1a2-348d9f2c9ee2,2,3751.79,Flipkart,Shopping,"Pune, IN",device-mobile-002,2026-08-22T16:35:37.823367+00:00,APPROVED,0,None
a0e4f3a0-71ed-4abc-982b-8e7c41431c1e,24,3433.8,Ola,Travel,"Bengaluru, IN",device-mobile-024,2026-08-22T16:40:37.823367+00:00,APPROVED,0,None
a7e81cd1-1c97-44b2-93bf-4819c699a92e,31,3379.24,Flipkart,Shopping,"Delhi, IN",device-mobile-031,2026-08-22T16:46:50.823367+00:00,APPROVED,0,None
d92cc9c6-40b0-4381-88a6-ea6f74d97da0,17,1086.0,Nature's Basket,Groceries,"Mumbai, IN",device-laptop-017,2026-08-22T16:51:40.823367+00:00,APPROVED,0,None
ac359c2d-f295-42f1-827e-121f79c9bf3a,42,3040.75,IRCTC,Travel,"Delhi, IN",device-mobile-042,2026-08-22T17:02:24.823367+00:00,APPROVED,0,None
227d8921-83a0-4a72-9716-e44281c2c225,29,2239.84,DMart,Groceries,"Pune, IN",device-mobile-029,2026-08-22T17:07:31.823367+00:00,APPROVED,0,None
1c892bb8-918c-4b72-bc60-56d4116db3f2,40,1612.13,Tata Power,Utilities,"Ahmedabad, IN",device-mobile-040,2026-08-22T17:07:39.823367+00:00,APPROVED,0,None
411b36ab-1cdd-414f-9d78-fe530f2cb7b0,34,2532.61,Uber,Travel,"Hyderabad, IN",device-laptop-034,2026-08-22T17:08:27.823367+00:00,APPROVED,0,None
5e649f4f-7f80-48c9-bb3b-027b52b38584,15,2044.61,Steam Games,Entertainment,"Kolkata, IN",device-mobile-015,2026-08-22T17:19:06.823367+00:00,APPROVED,0,None
d15bcf6f-3da8-4c3b-ae80-f04104ed4e84,41,1955.21,Steam Games,Entertainment,"Ahmedabad, IN",device-mobile-041,2026-08-22T17:30:58.823367+00:00,APPROVED,0,None
19ece820-b7c6-43ad-9503-52b22deefe91,44,2173.64,Flipkart,Shopping,"Kolkata, IN",device-mobile-044,2026-08-22T17:45:51.823367+00:00,APPROVED,0,None
97638819-873b-4ca6-936f-48741a645b31,36,1820.64,Swiggy,Food & Dining,"Mumbai, IN",device-mobile-036,2026-08-22T18:13:10.823367+00:00,APPROVED,0,None
4c1d053f-bc23-432a-82f3-19a8df3eb6c4,21,4824.54,Instamart,Groceries,"Chennai, IN",device-mobile-021,2026-08-22T18:14:02.823367+00:00,APPROVED,0,None
2fe0eaec-d7d1-40da-b794-51307f54b9c2,22,505.26,Uber,Travel,"Bengaluru, IN",device-mobile-022,2026-08-22T18:15:52.823367+00:00,APPROVED,0,None
7cb136be-7ae4-401b-827b-2e61f5ce78b6,20,3849.23,H&M,Shopping,"Pune, IN",device-mobile-020,2026-08-22T18:24:13.823367+00:00,APPROVED,0,None
c048f6f4-3af6-4e27-afa8-50dd21a926e7,22,1329.49,H&M,Shopping,"Bengaluru, IN",device-mobile-022,2026-08-22T18:33:40.823367+00:00,APPROVED,0,None
f78b31f4-411a-4684-8120-cf7bddebdc5e,25,1659.43,Samsung Store,Electronics,"Bengaluru, IN",device-mobile-025,2026-08-22T18:39:20.823367+00:00,APPROVED,0,None
b5f8f4ed-6436-414d-9567-2147d8295206,8,1408.36,Amazon India,Shopping,"Kolkata, IN",device-mobile-008,2026-08-22T18:49:04.823367+00:00,APPROVED,0,None
cd0bd861-bab0-455a-9e43-e5d2142804db,12,3309.74,BigBasket,Groceries,"Chennai, IN",device-mobile-012,2026-08-22T18:55:27.823367+00:00,APPROVED,0,None
be390a82-cdff-4b35-bbbd-5ffedc5edcfc,39,3302.46,Myntra,Shopping,"Chennai, IN",device-mobile-039,2026-08-22T18:55:59.823367+00:00,APPROVED,0,None
d9d17bef-7d10-47fe-b7be-3011da1f63c9,40,1103.27,Vijay Sales,Electronics,"Ahmedabad, IN",device-mobile-040,2026-08-22T19:51:25.823367+00:00,APPROVED,0,None
4471fcc6-cb90-4cc8-a7cb-f475691223bc,20,1036.1,Zomato,Food & Dining,"Pune, IN",device-laptop-020,2026-08-22T19:58:52.823367+00:00,APPROVED,0,None
e6a7b5dd-402c-4648-8701-111ba9a4a57b,25,3008.43,Bescom,Utilities,"Bengaluru, IN",device-mobile-025,2026-08-22T20:27:30.823367+00:00,APPROVED,0,None
ed583e95-d351-4c0a-bceb-5ce354ae8423,43,355.17,Amazon India,Shopping,"Pune, IN",device-mobile-043,2026-08-22T20:27:55.823367+00:00,APPROVED,0,None
4043e7b1-d4f6-4c06-8dff-b2aa30de10ce,29,3188.01,Ola,Travel,"Bengaluru, IN",device-mobile-029,2026-08-22T20:44:46.823367+00:00,APPROVED,0,None
44b19e0b-f72e-44c4-8713-71962fcb229a,7,562.49,Ajio,Shopping,"Mumbai, IN",device-mobile-007,2026-08-22T20:46:08.823367+00:00,APPROVED,0,None
c00203fa-bcd2-4488-83a1-7f063ab3261a,28,2078.47,Netflix,Entertainment,"Chennai, IN",device-mobile-028,2026-08-22T20:50:45.823367+00:00,APPROVED,0,None
83826359-c4fd-4dee-83ad-2a298db82ba5,24,1836.24,Vijay Sales,Electronics,"Pune, IN",device-mobile-024,2026-08-22T21:07:32.823367+00:00,APPROVED,0,None
d4a3a4ba-8395-4cb2-8a75-59f68f5d8480,23,1571.73,MakeMyTrip,Travel,"Hyderabad, IN",device-mobile-023,2026-08-22T21:09:51.823367+00:00,APPROVED,0,None
8c2d0023-ffb2-48bf-88e2-3fa969f98d32,41,646.64,Netflix,Entertainment,"Ahmedabad, IN",device-mobile-041,2026-08-22T21:11:15.823367+00:00,APPROVED,0,None
5f2ad971-8275-4153-a949-17afb1588c65,10,1358.28,Reliance Digital,Electronics,"Mumbai, IN",device-mobile-010,2026-08-22T21:13:47.823367+00:00,APPROVED,0,None
f5858561-9f11-44d7-a6fd-640692cc9d4c,49,5886.55,McDonald's,Food & Dining,"Kolkata, IN",device-mobile-049,2026-08-22T21:15:36.823367+00:00,APPROVED,0,None
65160c9a-8263-4437-8616-bee37b8c188d,29,1466.08,Barbeque Nation,Food & Dining,"Pune, IN",device-mobile-029,2026-08-22T21:15:51.823367+00:00,APPROVED,0,None
887f6eaa-6833-4c09-89ac-881829bed117,33,1015.25,BookMyShow,Entertainment,"Kolkata, IN",device-mobile-033,2026-08-22T21:17:35.823367+00:00,APPROVED,0,None
3dd11fcd-f308-41b6-883a-a03c599108e3,40,1027.99,IRCTC,Travel,"Delhi, IN",device-mobile-040,2026-08-22T21:20:41.823367+00:00,APPROVED,0,None
5f6a2a9d-540d-4f67-a517-c3427363b6b7,23,702.77,McDonald's,Food & Dining,"Hyderabad, IN",device-mobile-023,2026-08-22T21:43:22.823367+00:00,APPROVED,0,None
fc1ff597-ddac-4bd0-84f1-8a2f280332e1,13,1707.41,Flipkart,Shopping,"Hyderabad, IN",device-mobile-013,2026-08-22T21:51:06.823367+00:00,APPROVED,0,None
fa2ff6c6-b761-46e5-a516-b8417f0932ca,17,1069.79,Barbeque Nation,Food & Dining,"Mumbai, IN",device-laptop-017,2026-08-22T21:52:31.823367+00:00,APPROVED,0,None
ed88dff1-9526-484e-baab-a456806b1c42,46,1345.18,Netflix,Entertainment,"Delhi, IN",device-mobile-046,2026-08-22T21:52:52.823367+00:00,APPROVED,0,None
b5700eb3-b8be-4fca-9da6-9f3bc0e1ce68,16,2683.38,Ajio,Shopping,"Chennai, IN",device-laptop-016,2026-08-22T22:06:00.823367+00:00,APPROVED,0,None
b52ab5e6-78b7-4eee-925e-3b9f2849d6af,10,1403.56,Instamart,Groceries,"Mumbai, IN",device-mobile-010,2026-08-22T22:17:01.823367+00:00,APPROVED,0,None
abb9da29-abee-4d27-8109-84f8ab97c228,49,2534.8,Ola,Travel,"Delhi, IN",device-mobile-049,2026-08-22T22:17:16.823367+00:00,APPROVED,0,None
e4410a1e-98bb-45ae-ada0-8f5914bb7a64,13,982.64,Bescom,Utilities,"Hyderabad, IN",device-laptop-013,2026-08-22T22:44:04.823367+00:00,APPROVED,0,None
89ef59c2-3820-492f-87d3-84e745cc2eae,47,798.86,Ajio,Shopping,"Bengaluru, IN",device-laptop-047,2026-08-22T22:57:20.823367+00:00,APPROVED,0,None
49299220-51b4-4a9d-b1d0-fb0a68b2917a,42,1631.27,Steam Games,Entertainment,"Delhi, IN",device-mobile-042,2026-08-22T23:29:52.823367+00:00,APPROVED,0,None
c2922f4c-2290-4956-97d7-fd373173fee8,11,1563.21,Bescom,Utilities,"Delhi, IN",device-mobile-011,2026-08-22T23:32:55.823367+00:00,APPROVED,0,None
ca92ad36-6267-469e-9709-30ec232a6108,44,4457.28,Flipkart,Shopping,"Kolkata, IN",device-mobile-044,2026-08-22T23:51:03.823367+00:00,APPROVED,0,None
bdabb118-b5da-47e7-a5ad-13aa03bcbd93,18,2857.22,BigBasket,Groceries,"Mumbai, IN",device-mobile-018,2026-08-22T23:56:45.823367+00:00,APPROVED,0,None
4d07ae35-6e3b-40f4-a4b5-f93b943eb901,12,3303.79,McDonald's,Food & Dining,"Chennai, IN",device-mobile-012,2026-08-22T23:59:12.823367+00:00,APPROVED,0,None
7fdb4b80-7848-45da-8028-09aa870d0141,23,549.58,Jio Recharge,Utilities,"Hyderabad, IN",device-mobile-023,2026-08-23T00:10:49.823367+00:00,APPROVED,0,None
fcd3158e-d50b-41de-bc65-a3576f594e6e,18,2817.48,Ajio,Shopping,"Bengaluru, IN",device-mobile-018,2026-08-23T00:24:33.823367+00:00,APPROVED,0,None
055c768e-2cca-47b7-b461-d09f338050cd,17,672.38,Swiggy,Food & Dining,"Mumbai, IN",device-mobile-017,2026-08-23T00:26:09.823367+00:00,APPROVED,0,None
3c13b2d7-b0b9-4bd1-9574-cb6f64febec7,43,666.25,Flipkart,Shopping,"Pune, IN",device-laptop-043,2026-08-23T00:48:15.823367+00:00,APPROVED,0,None
d2ded364-9a89-4ae8-8bd8-b3331fc6e76f,2,7015.11,Spotify,Entertainment,"Pune, IN",device-mobile-002,2026-08-23T01:24:56.823367+00:00,APPROVED,0,None
6e028eb2-4ba3-45c9-b162-ce2c968a513b,23,909.37,Zara,Shopping,"Hyderabad, IN",device-mobile-023,2026-08-23T01:31:37.823367+00:00,APPROVED,0,None
ed641af8-99c1-499f-bb58-d239073ba177,12,1855.2,Dominos,Food & Dining,"Chennai, IN",device-mobile-012,2026-08-23T01:40:58.823367+00:00,APPROVED,0,None
3919caa2-6ac5-4f9a-a76c-4cb427d37430,4,1903.6,IndiGo,Travel,"Bengaluru, IN",device-laptop-004,2026-08-23T01:48:24.823367+00:00,APPROVED,0,None
adc046c2-2186-41b4-a25f-df43560bf4f2,29,1701.36,Vijay Sales,Electronics,"Pune, IN",device-mobile-029,2026-08-23T01:53:56.823367+00:00,APPROVED,0,None
1aab797f-f3fb-4c1e-b2db-5e16e529e3a8,42,2013.71,Instamart,Groceries,"Delhi, IN",device-mobile-042,2026-08-23T01:56:13.823367+00:00,APPROVED,0,None
2205c647-541b-4744-b9f0-9b8264697651,37,973.38,Vijay Sales,Electronics,"Kolkata, IN",device-mobile-037,2026-08-23T02:12:28.823367+00:00,APPROVED,0,None
2378a45a-71dd-4d46-af04-134ad51dbe10,41,1128.75,BookMyShow,Entertainment,"Ahmedabad, IN",device-mobile-041,2026-08-23T02:13:50.823367+00:00,APPROVED,0,None
9b014e90-8a6f-49c3-8c4d-8bbf98b89dd8,42,1141.95,Amazon India,Shopping,"Delhi, IN",device-mobile-042,2026-08-23T02:36:44.823367+00:00,APPROVED,0,None
d3e23495-0153-4d7e-8815-fef3e5b6c96b,24,1206.31,Uber,Travel,"Bengaluru, IN",device-laptop-024,2026-08-23T02:38:36.823367+00:00,APPROVED,0,None
26f62e0b-9d32-4eb8-b2be-a1f5b7ab9ea3,37,1073.85,Amazon India,Shopping,"Kolkata, IN",device-mobile-037,2026-08-23T02:39:24.823367+00:00,APPROVED,0,None
e55c751e-0c9f-4d50-aaae-a80b93ab2e79,15,1386.01,Starbucks,Food & Dining,"Kolkata, IN",device-mobile-015,2026-08-23T03:05:19.823367+00:00,APPROVED,0,None
2e3a55fb-864d-4422-b34f-64d61c925c53,35,1709.43,Uber,Travel,"Mumbai, IN",device-mobile-035,2026-08-23T03:25:23.823367+00:00,APPROVED,0,None
0aead403-d212-45d8-9873-4835aded5bbe,21,3758.52,Zara,Shopping,"Chennai, IN",device-mobile-021,2026-08-23T03:30:43.823367+00:00,APPROVED,0,None
d38db90d-4fe2-4ce1-b667-7b415155578a,44,3189.26,Tata Power,Utilities,"Kolkata, IN",device-mobile-044,2026-08-23T03:37:32.823367+00:00,APPROVED,0,None
4d703e14-bb0d-4441-ac64-0b931d2dcea5,46,3446.87,Myntra,Shopping,"Delhi, IN",device-mobile-046,2026-08-23T03:41:56.823367+00:00,APPROVED,0,None
79704f25-306d-43c4-920c-c84b9c04f015,13,3876.17,Blinkit,Groceries,"Hyderabad, IN",device-mobile-013,2026-08-23T03:55:01.823367+00:00,APPROVED,0,None
77abeeb0-7cd4-4d39-8c50-5c2a0b01a3dc,35,2666.91,H&M,Shopping,"Mumbai, IN",device-mobile-035,2026-08-23T03:58:27.823367+00:00,APPROVED,0,None
ce3c8d2e-a15a-4e73-a24f-99887f44aba6,48,2826.94,Apple Store,Electronics,"Bengaluru, IN",device-mobile-048,2026-08-23T04:18:40.823367+00:00,APPROVED,0,None
b48ef9c9-2a8a-4d1c-b22e-0f81c8d267d4,4,2397.03,Airtel Bill,Utilities,"Bengaluru, IN",device-laptop-004,2026-08-23T04:44:43.823367+00:00,APPROVED,0,None
cd602f5a-0ca0-4553-a2bc-e8b4735e04e6,38,1225.87,Starbucks,Food & Dining,"Hyderabad, IN",device-mobile-038,2026-08-23T04:51:30.823367+00:00,APPROVED,0,None
a866029c-70cf-4704-97a7-04cb2668abc0,34,4009.47,Spotify,Entertainment,"Hyderabad, IN",device-mobile-034,2026-08-23T04:54:54.823367+00:00,APPROVED,0,None
acce984c-2167-44e9-9bc4-268083d32f9c,12,2999.79,MakeMyTrip,Travel,"Chennai, IN",device-mobile-012,2026-08-23T05:00:50.823367+00:00,APPROVED,0,None
426f90ac-b9a6-491d-9868-12c572f24536,49,3058.32,Adani Gas,Utilities,"Delhi, IN",device-laptop-049,2026-08-23T05:03:16.823367+00:00,APPROVED,0,None
c20cafd3-4adc-491e-b5fe-d22a3cdb85a3,45,1707.53,IRCTC,Travel,"Kolkata, IN",device-mobile-045,2026-08-23T05:18:11.823367+00:00,APPROVED,0,None
8df94f97-7242-468e-af34-5a37908cf94c,40,2784.0,Samsung Store,Electronics,"Ahmedabad, IN",device-mobile-040,2026-08-23T05:28:38.823367+00:00,APPROVED,0,None
b854b70a-44b6-4d6a-a374-e864d867f17e,5,1421.84,Netflix,Entertainment,"Mumbai, IN",device-mobile-005,2026-08-23T05:28:59.823367+00:00,APPROVED,0,None
e90853ca-d098-4944-80a0-f9395784689d,34,11422.81,IndiGo,Travel,"Hyderabad, IN",device-mobile-034,2026-08-23T05:34:48.823367+00:00,APPROVED,0,None
d1dcb29c-5822-4c4b-9b98-e38ffc2fb868,18,2460.8,Croma,Electronics,"Bengaluru, IN",device-mobile-018,2026-08-23T05:36:34.823367+00:00,APPROVED,0,None
e686355b-53ca-42f2-b13b-d7219c5c78c7,36,3751.78,Ola,Travel,"Mumbai, IN",device-mobile-036,2026-08-23T05:38:54.823367+00:00,APPROVED,0,None
aabafc31-9575-4289-baee-a7ac0e50f531,34,3800.65,Booking.com,Travel,"Hyderabad, IN",device-mobile-034,2026-08-23T05:40:42.823367+00:00,APPROVED,0,None
ca9d9503-1ab0-4ed8-8778-87595bba5388,6,1047.43,PVR Cinemas,Entertainment,"Hyderabad, IN",device-mobile-006,2026-08-23T05:45:26.823367+00:00,APPROVED,0,None
a62b6cb5-3d54-4828-99a3-7cf5200491f0,19,1730.65,MakeMyTrip,Travel,"Chennai, IN",device-mobile-019,2026-08-23T05:45:51.823367+00:00,APPROVED,0,None
fcabc6b7-4787-41cc-904d-2198b5014c55,16,11076.12,IndiGo,Travel,"Cayman Islands, KY",device-mobile-016,2026-08-23T05:45:54.823367+00:00,SUSPICIOUS,1,LOCATION_HOPPING
9f9a4649-79dd-434d-8a6f-14c5f216641d,43,1255.72,Jio Recharge,Utilities,"Pune, IN",device-mobile-043,2026-08-23T05:46:21.823367+00:00,APPROVED,0,None
e8bcd6f7-f01f-4484-a03d-bfeb5dcb618f,15,1981.19,Apple Store,Electronics,"Kolkata, IN",device-mobile-015,2026-08-23T05:56:08.823367+00:00,APPROVED,0,None
d5575a0a-fcfb-4ed8-b088-ec485999726f,48,2083.65,Tata Power,Utilities,"Bengaluru, IN",device-mobile-048,2026-08-23T06:07:00.823367+00:00,APPROVED,0,None
f236d2e3-f1c9-4fbc-8e66-cbb9babaa308,26,10024.53,Reliance Digital,Electronics,"Ahmedabad, IN",device-laptop-026,2026-08-23T06:21:48.823367+00:00,APPROVED,0,None
45c653f7-67ea-4b8d-a2f6-a44941c25b3b,17,2322.74,Flipkart,Shopping,"Chennai, IN",device-laptop-017,2026-08-23T06:31:52.823367+00:00,APPROVED,0,None
9ef1c6f5-44c9-47c2-8de2-67ceeb5dff78,35,24331.82,Amazon India,Shopping,"Mumbai, IN",device-mobile-035,2026-08-23T06:33:18.823367+00:00,SUSPICIOUS,1,RAPID_BURST
c6e6c3f8-8b04-4313-90d1-60c9cce81e9a,50,962.28,Jio Recharge,Utilities,"Kolkata, IN",device-mobile-050,2026-08-23T06:45:35.823367+00:00,APPROVED,0,None
9349a234-1530-470d-9c14-51121a22ca8b,4,4337.66,DMart,Groceries,"Bengaluru, IN",device-laptop-004,2026-08-23T07:00:31.823367+00:00,APPROVED,0,None
661996d8-8846-459f-84e2-2004b48e78bf,1,2778.26,Instamart,Groceries,"Bengaluru, IN",device-mobile-001,2026-08-23T07:02:26.823367+00:00,APPROVED,0,None
6cc078c0-4a96-4507-9db4-8fde38cb5b9e,16,1380.63,Instamart,Groceries,"Chennai, IN",device-mobile-016,2026-08-23T07:06:12.823367+00:00,APPROVED,0,None
8e63b0aa-f82f-40f7-8dd6-a3cc4bfbc82a,14,851.16,Samsung Store,Electronics,"Chennai, IN",device-mobile-014,2026-08-23T07:15:49.823367+00:00,APPROVED,0,None
4ba2ee41-0b2a-4261-9264-1251af83b423,30,828.92,Zara,Shopping,"Ahmedabad, IN",device-mobile-030,2026-08-23T07:17:42.823367+00:00,APPROVED,0,None
732ada9f-0191-4aef-bb1c-5707163128eb,14,2150.81,Jio Recharge,Utilities,"Chennai, IN",device-mobile-014,2026-08-23T07:20:38.823367+00:00,APPROVED,0,None
d7839b6e-430e-47a6-9bcc-9d8cfa150aa7,41,686.57,Airtel Bill,Utilities,"Ahmedabad, IN",device-mobile-041,2026-08-23T07:26:33.823367+00:00,APPROVED,0,None
e40d4e48-70fa-4119-bb5e-69d79fdbbc20,24,2416.06,Apple Store,Electronics,"Bengaluru, IN",device-mobile-024,2026-08-23T07:45:28.823367+00:00,APPROVED,0,None
669ca8e4-0450-463e-aea8-d028dba5d263,38,502.42,DMart,Groceries,"Hyderabad, IN",device-mobile-038,2026-08-23T08:02:07.823367+00:00,APPROVED,0,None
aef2891b-80a0-41f9-b5d5-aca2621b40d2,23,104489.74,Tanishq,Luxury & Jewelry,"Hyderabad, IN",device-mobile-023,2026-08-23T08:24:50.823367+00:00,FLAGGED,1,HIGH_AMOUNT_SPIKE
c39affd1-b550-4000-80bd-c536616d9a6b,24,1407.68,Ajio,Shopping,"Bengaluru, IN",device-laptop-024,2026-08-23T08:42:14.823367+00:00,APPROVED,0,None
3960d213-6d0a-405c-98db-7aa4ff4e3972,14,936.65,PVR Cinemas,Entertainment,"Chennai, IN",device-mobile-014,2026-08-23T08:43:32.823367+00:00,APPROVED,0,None
9f138ec7-19c6-4b39-9117-6ad46d14b135,17,582.17,Apple Store,Electronics,"Mumbai, IN",device-mobile-017,2026-08-23T09:12:52.823367+00:00,APPROVED,0,None
899320e8-17d2-4e0d-94ed-c5d7de61f438,4,3241.42,Airtel Bill,Utilities,"Bengaluru, IN",device-mobile-004,2026-08-23T09:18:56.823367+00:00,APPROVED,0,None
51d19ba3-fc19-458a-86ab-10fbc997f57e,19,1681.76,CaratLane,Luxury & Jewelry,"Kolkata, IN",device-mobile-019,2026-08-23T09:21:20.823367+00:00,APPROVED,0,None
63cf4fb3-4a6a-4426-8500-1cc6bc5349d7,33,246.25,Apple Store,Electronics,"Kolkata, IN",device-mobile-033,2026-08-23T09:23:45.823367+00:00,APPROVED,0,None
cb49a655-de6d-45c6-bef2-2da4a8139e1d,24,763.49,MakeMyTrip,Travel,"Bengaluru, IN",device-mobile-024,2026-08-23T09:27:24.823367+00:00,APPROVED,0,None
4bb14a7e-e51a-40ea-8673-6da45eb9d0d0,32,927.72,Zara,Shopping,"Mumbai, IN",device-mobile-032,2026-08-23T09:34:17.823367+00:00,APPROVED,0,None
ccf9b0a0-c8cb-4f58-9ad8-7727c4a75191,26,1315.12,Uber,Travel,"Ahmedabad, IN",device-mobile-026,2026-08-23T09:45:57.823367+00:00,APPROVED,0,None
a7a65fc4-e367-4aea-bb94-a47051cc4c43,4,3286.85,Adani Gas,Utilities,"Bengaluru, IN",device-mobile-004,2026-08-23T09:46:35.823367+00:00,APPROVED,0,None
4f7d334a-df31-495c-8024-a78c9b35ec71,35,5411.37,Nature's Basket,Groceries,"Ahmedabad, IN",device-mobile-035,2026-08-23T09:56:17.823367+00:00,APPROVED,0,None
fb1af6b2-661e-4d58-a9b5-bc8b0d8e4b50,37,2876.47,Samsung Store,Electronics,"Ahmedabad, IN",device-mobile-037,2026-08-23T10:15:34.823367+00:00,APPROVED,0,None
e5c0ed4f-bf94-4aa7-b7f4-3e327e871048,2,3676.34,Starbucks,Food & Dining,"Pune, IN",device-mobile-002,2026-08-23T10:17:48.823367+00:00,APPROVED,0,None
5f8e0fc5-b31c-4864-80d0-dce55b2942c3,35,1185.35,Spotify,Entertainment,"Mumbai, IN",device-mobile-035,2026-08-23T10:40:35.823367+00:00,APPROVED,0,None
f2e17472-b98a-42e2-a3dd-00d4a7ec0f81,42,4690.67,Ola,Travel,"Delhi, IN",device-mobile-042,2026-08-23T10:44:01.823367+00:00,APPROVED,0,None
c4c2b363-8d81-4b7c-9659-4e8ac3c20d88,35,3318.13,Zara,Shopping,"Mumbai, IN",device-mobile-035,2026-08-23T10:44:47.823367+00:00,APPROVED,0,None
f86d7a87-b5c3-4be9-b54d-025cf67cec6c,19,722.47,H&M,Shopping,"Kolkata, IN",device-mobile-019,2026-08-23T10:56:36.823367+00:00,APPROVED,0,None
312dd50b-ab86-4fe1-99ab-460935d4bdf9,29,4225.05,Reliance Digital,Electronics,"Pune, IN",device-mobile-029,2026-08-23T11:20:46.823367+00:00,APPROVED,0,None
e8e7e7bc-4940-46ea-bc42-bbb4f48638fa,15,1609.09,Instamart,Groceries,"Kolkata, IN",device-mobile-015,2026-08-23T11:32:05.823367+00:00,APPROVED,0,None
ba271ce4-6d96-4329-b153-a262e5feff5f,20,1527.86,McDonald's,Food & Dining,"Pune, IN",device-mobile-020,2026-08-23T11:47:30.823367+00:00,APPROVED,0,None
ad4e34a9-2958-42f5-b10e-c71f6a8970a1,36,3741.06,Swiggy,Food & Dining,"Mumbai, IN",device-mobile-036,2026-08-23T11:54:46.823367+00:00,APPROVED,0,None
89bf7782-6a73-4509-8715-26888cbc2491,45,1811.85,Samsung Store,Electronics,"Kolkata, IN",device-mobile-045,2026-08-23T12:21:02.823367+00:00,APPROVED,0,None
6c20c6c1-7a8d-49c3-bfc0-a00e053f17e9,21,2615.86,Ajio,Shopping,"Chennai, IN",device-mobile-021,2026-08-23T12:26:48.823367+00:00,APPROVED,0,None
c99cb7a1-5bc4-4a2a-a29d-c71c137a3a8c,10,4588.17,Vijay Sales,Electronics,"Mumbai, IN",device-mobile-010,2026-08-23T12:32:08.823367+00:00,APPROVED,0,None
a749a513-b357-457b-bd2a-83257fe2aa8e,38,658.2,Croma,Electronics,"Hyderabad, IN",device-mobile-038,2026-08-23T12:58:27.823367+00:00,APPROVED,0,None
dd182dda-d822-4596-a56d-780615b4869a,49,4091.45,Bescom,Utilities,"Delhi, IN",device-mobile-049,2026-08-23T13:09:32.823367+00:00,APPROVED,0,None
3c45abc9-a7ad-4f22-8f47-3fea32d275c9,22,1530.6,Tiffany & Co,Luxury & Jewelry,"Bengaluru, IN",device-mobile-022,2026-08-23T13:10:32.823367+00:00,APPROVED,0,None
2f82313c-f94b-402a-9a84-34a505e7429c,1,2341.14,Myntra,Shopping,"Bengaluru, IN",device-mobile-001,2026-08-23T13:14:18.823367+00:00,APPROVED,0,None
79a6aeb9-f1f3-4868-9f74-00c24843e483,44,5208.03,BookMyShow,Entertainment,"Kolkata, IN",device-mobile-044,2026-08-23T13:19:45.823367+00:00,APPROVED,0,None
9f9ab81d-bfb5-4e30-b19a-c416d1742c08,44,5341.09,Tiffany & Co,Luxury & Jewelry,"Kolkata, IN",device-mobile-044,2026-08-23T13:31:24.823367+00:00,APPROVED,0,None
3d2a449a-e10f-4071-8111-73e304a44b17,29,899.44,Spotify,Entertainment,"Pune, IN",device-mobile-029,2026-08-23T13:33:00.823367+00:00,APPROVED,0,None
f2b258e6-d97d-4b33-a3ff-c58a31aa1571,5,1220.34,Zara,Shopping,"Mumbai, IN",device-mobile-005,2026-08-23T13:33:52.823367+00:00,APPROVED,0,None
d9772708-10a9-406b-b0d5-4ea3fafa6cb7,6,757.21,Samsung Store,Electronics,"Hyderabad, IN",device-mobile-006,2026-08-23T13:39:41.823367+00:00,APPROVED,0,None
6ce0d8c1-8969-4262-8a7f-1ee206bdb676,6,483.04,Spotify,Entertainment,"Hyderabad, IN",device-mobile-006,2026-08-23T13:47:53.823367+00:00,APPROVED,0,None
4108cbab-626e-46f1-a8f6-53b1ab24b9e7,38,340.14,Myntra,Shopping,"Hyderabad, IN",device-mobile-038,2026-08-23T14:11:55.823367+00:00,APPROVED,0,None
8e87a325-aea8-4b1d-9c57-2096c6ac9fa7,32,699.41,Tata Power,Utilities,"Hyderabad, IN",device-mobile-032,2026-08-23T14:20:51.823367+00:00,APPROVED,0,None
bf7f6d38-f19a-4dcf-bc04-4258184af87a,2,2820.79,McDonald's,Food & Dining,"Pune, IN",device-mobile-002,2026-08-23T14:29:00.823367+00:00,APPROVED,0,None
389691e1-be30-46fd-affc-f882dcdad6c2,10,2681.94,McDonald's,Food & Dining,"Delhi, IN",device-mobile-010,2026-08-23T14:40:50.823367+00:00,APPROVED,0,None
3380d199-573b-4f42-8254-63e8c43afbeb,30,595.42,PVR Cinemas,Entertainment,"Hyderabad, IN",device-mobile-030,2026-08-23T15:08:38.823367+00:00,APPROVED,0,None
9eb2f69e-8a51-4e0b-bebd-58e270d193fa,35,2438.91,IRCTC,Travel,"Mumbai, IN",device-mobile-035,2026-08-23T15:13:15.823367+00:00,APPROVED,0,None
44988023-9156-4c52-a3c2-9772e16a089d,17,1973.58,DMart,Groceries,"Mumbai, IN",device-laptop-017,2026-08-23T15:16:21.823367+00:00,APPROVED,0,None
60346702-0c65-4259-8d9b-bddd1fb72440,4,943.46,H&M,Shopping,"Bengaluru, IN",device-laptop-004,2026-08-23T15:36:00.823367+00:00,APPROVED,0,None
8fc2b939-373f-4593-8c91-86dd29835c55,7,668.04,Netflix,Entertainment,"Mumbai, IN",device-mobile-007,2026-08-23T15:40:20.823367+00:00,APPROVED,0,None
70ba4693-7b11-4c59-89d9-9283911d31d4,38,1676.66,Uber,Travel,"Hyderabad, IN",device-laptop-038,2026-08-23T15:41:54.823367+00:00,APPROVED,0,None
133cdc2a-d128-4c87-b86d-60ca7ead044b,49,1307.47,Tata Power,Utilities,"Delhi, IN",device-mobile-049,2026-08-23T15:44:30.823367+00:00,APPROVED,0,None
c3b8a13d-ca3b-4d36-a3f6-57bc8286fabb,12,1536.36,BigBasket,Groceries,"Chennai, IN",device-mobile-012,2026-08-23T15:49:17.823367+00:00,APPROVED,0,None
c5cf68fd-6fd9-40fe-b33a-58566d3adc63,10,3038.36,DMart,Groceries,"Mumbai, IN",device-laptop-010,2026-08-23T15:59:21.823367+00:00,APPROVED,0,None
668bb9cc-6cf9-40ba-970c-867387bc3037,19,2234.33,Croma,Electronics,"Kolkata, IN",device-mobile-019,2026-08-23T16:08:14.823367+00:00,APPROVED,0,None
93bb97aa-f53a-4de9-b599-f4f17f1b9cf0,22,809.6,Ola,Travel,"Bengaluru, IN",device-mobile-022,2026-08-23T16:09:38.823367+00:00,APPROVED,0,None
d3997b80-2af3-4dbb-8b27-4b6b3315d481,26,2220.58,Nature's Basket,Groceries,"Ahmedabad, IN",device-mobile-026,2026-08-23T16:26:04.823367+00:00,APPROVED,0,None
6f5b3d5e-2944-47ea-ae82-a9230d4f1ed5,8,2471.81,IndiGo,Travel,"Kolkata, IN",device-mobile-008,2026-08-23T16:29:19.823367+00:00,APPROVED,0,None
29d98c0d-aeba-483e-a8cf-bab17e5866c3,20,2310.47,Zepto,Groceries,"Pune, IN",device-mobile-020,2026-08-23T16:31:41.823367+00:00,APPROVED,0,None
c8281e89-07d7-4e54-8391-90500cb7b554,11,338.16,Spotify,Entertainment,"Delhi, IN",device-mobile-011,2026-08-23T16:35:12.823367+00:00,APPROVED,0,None
61dbefed-44a1-41ad-ac13-85d5d463ae0a,35,1790.88,Airtel Bill,Utilities,"Mumbai, IN",device-mobile-035,2026-08-23T16:39:20.823367+00:00,APPROVED,0,None
1b5fdc06-5445-4610-8060-a928735d0733,26,2238.16,Ola,Travel,"Ahmedabad, IN",device-mobile-026,2026-08-23T16:39:31.823367+00:00,APPROVED,0,None
59422b60-b5c1-4a04-bf94-b3442e303935,49,1833.26,Uber,Travel,"Delhi, IN",device-mobile-049,2026-08-23T16:43:32.823367+00:00,APPROVED,0,None
0c8eeb5e-d069-4844-8a7f-336a7be2c703,17,3108.84,Tata Power,Utilities,"Mumbai, IN",device-mobile-017,2026-08-23T16:53:16.823367+00:00,APPROVED,0,None
82c8242b-20a6-4234-b95b-b1ca8124ecc3,18,1989.84,Instamart,Groceries,"Bengaluru, IN",device-laptop-018,2026-08-23T16:56:28.823367+00:00,APPROVED,0,None
b52cd3d2-a2fe-4852-bddc-b349121b643b,19,907.1,Reliance Digital,Electronics,"Kolkata, IN",device-mobile-019,2026-08-23T16:57:26.823367+00:00,APPROVED,0,None
0b986e95-839a-40b7-9fd8-231753e85550,35,3427.64,Dominos,Food & Dining,"Mumbai, IN",device-mobile-035,2026-08-23T17:01:20.823367+00:00,APPROVED,0,None
6fc30c74-6003-4d2d-bc18-662ecaceac68,21,5464.27,Booking.com,Travel,"Chennai, IN",device-mobile-021,2026-08-23T17:02:50.823367+00:00,APPROVED,0,None
938dfaab-a82a-4602-aa16-a387f9c4cde5,31,2148.46,Ajio,Shopping,"Ahmedabad, IN",device-mobile-031,2026-08-23T17:55:03.823367+00:00,APPROVED,0,None
0f69bf5e-6cc8-4f44-a466-512779638451,37,417.66,Amazon India,Shopping,"Kolkata, IN",device-mobile-037,2026-08-23T18:00:23.823367+00:00,APPROVED,0,None
6c4b19db-0052-4826-8195-2bd36d0e2d50,1,1259.34,Reliance Digital,Electronics,"Bengaluru, IN",device-mobile-001,2026-08-23T18:01:06.823367+00:00,APPROVED,0,None
dd26b93a-f737-4088-a376-98406e96ff47,6,2375.16,Tata Power,Utilities,"Hyderabad, IN",device-mobile-006,2026-08-23T18:01:40.823367+00:00,APPROVED,0,None
4d497c51-8306-4836-9069-d3a0553e28a5,47,5703.54,Adani Gas,Utilities,"Bengaluru, IN",device-laptop-047,2026-08-23T18:39:38.823367+00:00,APPROVED,0,None
a2fa174e-ef3e-4086-acc7-6d437be2e71d,39,3300.4,Netflix,Entertainment,"Chennai, IN",device-mobile-039,2026-08-23T18:49:37.823367+00:00,APPROVED,0,None
7023f7ac-e717-4575-b472-de9ea29c8854,1,1635.59,Zara,Shopping,"Bengaluru, IN",device-mobile-001,2026-08-23T19:07:57.823367+00:00,APPROVED,0,None
0b8b2aa8-1b54-4ace-b67b-2ac4e2a1272d,28,4200.68,Amazon India,Shopping,"Chennai, IN",device-mobile-028,2026-08-23T19:18:53.823367+00:00,APPROVED,0,None
50daa323-4110-48c9-910f-245c13edfd7c,18,3167.66,Nature's Basket,Groceries,"Bengaluru, IN",device-mobile-018,2026-08-23T19:30:06.823367+00:00,APPROVED,0,None
c4443159-c383-4d37-a43e-e17b1a3ce54a,22,1357.82,PVR Cinemas,Entertainment,"Bengaluru, IN",device-mobile-022,2026-08-23T19:43:56.823367+00:00,APPROVED,0,None
4c2eaac0-9314-4412-93f0-74aa34d58585,28,1015.84,Uber,Travel,"Chennai, IN",device-mobile-028,2026-08-23T20:15:08.823367+00:00,APPROVED,0,None
ac958900-0012-4b81-9d15-47c7991d8faa,32,1028.99,H&M,Shopping,"Hyderabad, IN",device-mobile-032,2026-08-23T20:48:28.823367+00:00,APPROVED,0,None
eb332085-69d3-4362-af25-d64a8a507f78,30,728.27,Ajio,Shopping,"Bengaluru, IN",device-mobile-030,2026-08-23T20:48:52.823367+00:00,APPROVED,0,None
e89765cf-5130-48fd-85c9-6c53ca11833d,22,676.74,Amazon India,Shopping,"Bengaluru, IN",device-mobile-022,2026-08-23T21:07:24.823367+00:00,APPROVED,0,None
4af7f632-2d3c-4848-959f-094490fa17cb,2,2451.65,Airtel Bill,Utilities,"Pune, IN",device-mobile-002,2026-08-23T21:15:39.823367+00:00,APPROVED,0,None
4640e053-dc78-41cc-bb21-6ee42fc51345,44,1674.88,Jio Recharge,Utilities,"Kolkata, IN",device-laptop-044,2026-08-23T21:49:32.823367+00:00,APPROVED,0,None
e7a9c61e-0226-40b3-a6a0-6e80cd52b4a0,45,717.01,IndiGo,Travel,"Kolkata, IN",device-mobile-045,2026-08-23T21:50:45.823367+00:00,APPROVED,0,None
4f3e87d5-1e0d-4382-b0cc-22474b6d2bd3,41,1173.76,Ajio,Shopping,"Bengaluru, IN",device-mobile-041,2026-08-23T21:57:23.823367+00:00,APPROVED,0,None
6a4432e8-9fef-4951-87b1-e70b39216e11,7,1041.25,Samsung Store,Electronics,"Mumbai, IN",device-laptop-007,2026-08-23T22:11:28.823367+00:00,APPROVED,0,None
90f1e538-cb80-44a8-9098-6b58b45979c9,1,1333.62,Uber,Travel,"Bengaluru, IN",device-mobile-001,2026-08-23T22:20:11.823367+00:00,APPROVED,0,None
04b701ef-4e9e-4102-a4ec-06ff0606fa55,46,2220.13,Ajio,Shopping,"Delhi, IN",device-mobile-046,2026-08-23T22:28:24.823367+00:00,APPROVED,0,None
a49bd1cc-767e-4983-b611-7065c35395a3,44,2053.5,PVR Cinemas,Entertainment,"Kolkata, IN",device-mobile-044,2026-08-23T22:28:42.823367+00:00,APPROVED,0,None
e82acad0-2e3c-4a08-8511-01632618c884,12,2069.81,Steam Games,Entertainment,"Chennai, IN",device-mobile-012,2026-08-23T22:29:53.823367+00:00,APPROVED,0,None
7236cabc-d93a-4df7-a5b4-1bfcb779b0dc,21,4249.81,Uber,Travel,"Chennai, IN",device-laptop-021,2026-08-23T22:47:19.823367+00:00,APPROVED,0,None
652998e3-af8b-4021-b539-e0065d7ce518,4,2277.2,Tata Power,Utilities,"Bengaluru, IN",device-mobile-004,2026-08-23T23:05:41.823367+00:00,APPROVED,0,None
1847b460-444f-4c34-8b35-fb0a22f7de16,13,116533.4,Reliance Digital,Electronics,"Hyderabad, IN",device-mobile-013,2026-08-23T23:06:05.823367+00:00,FLAGGED,1,HIGH_AMOUNT_SPIKE
f3d5b08a-f5f3-4235-a7e0-2f144db8f823,7,395.85,Zepto,Groceries,"Mumbai, IN",device-laptop-007,2026-08-23T23:06:49.823367+00:00,APPROVED,0,None
4d2999d7-d1f9-4494-b56a-58f6dd5f5455,39,1037.3,Flipkart,Shopping,"Chennai, IN",device-mobile-039,2026-08-23T23:20:27.823367+00:00,APPROVED,0,None
fdb7e05f-8ab7-446c-b570-1a1b52b80e16,1,1999.47,Netflix,Entertainment,"Mumbai, IN",device-mobile-001,2026-08-23T23:21:15.823367+00:00,APPROVED,0,None
32a8d38d-bb07-448b-b052-f00473be854b,3,2025.65,PVR Cinemas,Entertainment,"Delhi, IN",device-mobile-003,2026-08-23T23:35:56.823367+00:00,APPROVED,0,None
2e378ee5-b179-4fb9-9899-3c0270c6df92,39,2455.74,Airtel Bill,Utilities,"Chennai, IN",device-mobile-039,2026-08-23T23:50:26.823367+00:00,APPROVED,0,None
afc6baa0-e3f1-4bc4-a1ae-32c34bbd0b76,22,685.03,PVR Cinemas,Entertainment,"Bengaluru, IN",device-mobile-022,2026-08-24T00:05:38.823367+00:00,APPROVED,0,None
088e1d3c-9569-46f4-91ef-eb9847791ecf,49,1099.09,Vijay Sales,Electronics,"Delhi, IN",device-laptop-049,2026-08-24T00:16:15.823367+00:00,APPROVED,0,None
abf1d27a-ca2e-43eb-8c3e-143b5d50a1dc,24,1300.44,Netflix,Entertainment,"Bengaluru, IN",device-mobile-024,2026-08-24T00:20:21.823367+00:00,APPROVED,0,None
c193b014-3a56-40da-b668-d809f88dc58a,34,3699.48,Zara,Shopping,"Hyderabad, IN",device-mobile-034,2026-08-24T00:24:33.823367+00:00,APPROVED,0,None
a211141e-7a78-4724-848f-f4ef82b0cf16,29,2198.37,Tata Power,Utilities,"Pune, IN",device-laptop-029,2026-08-24T00:32:38.823367+00:00,APPROVED,0,None
023ebd9d-bcb2-478c-9fbf-43258ed25af6,24,14729.66,Amazon India,Shopping,"Bengaluru, IN",device-mobile-024,2026-08-24T00:36:07.823367+00:00,SUSPICIOUS,1,RAPID_BURST
c94dedc9-d3f2-46b6-bf18-3f292dd99625,50,70354.19,Apple Store,Electronics,"Mumbai, IN",device-emulator-root-7232,2026-08-24T00:45:07.823367+00:00,SUSPICIOUS,1,UNRECOGNIZED_DEVICE
d4fe9ead-c92d-4db0-9643-9a094dbf92b4,38,487.25,BookMyShow,Entertainment,"Hyderabad, IN",device-mobile-038,2026-08-24T00:50:47.823367+00:00,APPROVED,0,None
9efe25e2-c98a-40ba-b9d7-cc20a553cc95,10,3203.84,Dominos,Food & Dining,"Mumbai, IN",device-mobile-010,2026-08-24T00:57:42.823367+00:00,APPROVED,0,None
2790289d-8774-473f-8998-e5075c79cc7a,30,489.09,Apple Store,Electronics,"Bengaluru, IN",device-laptop-030,2026-08-24T01:00:18.823367+00:00,APPROVED,0,None
d42dbbe1-f3c3-41fd-bbe8-25533b3c5729,26,3418.97,Adani Gas,Utilities,"Ahmedabad, IN",device-mobile-026,2026-08-24T01:11:51.823367+00:00,APPROVED,0,None
eb92a184-eb4a-4cd7-aa7d-f631771b87c7,43,454.43,Dominos,Food & Dining,"Pune, IN",device-laptop-043,2026-08-24T01:22:16.823367+00:00,APPROVED,0,None
ea8c5bdc-e947-4a8a-a905-94ad2fb55607,39,4532.96,DMart,Groceries,"Chennai, IN",device-mobile-039,2026-08-24T02:35:32.823367+00:00,APPROVED,0,None
b9207566-a416-4f4f-a758-8b59d47d0135,50,7649.41,Amazon India,Shopping,"Kolkata, IN",device-mobile-050,2026-08-24T02:43:09.823367+00:00,SUSPICIOUS,1,RAPID_BURST
1c2720b5-357e-40b8-806b-4160b33b511e,35,5805.62,Vijay Sales,Electronics,"Mumbai, IN",device-mobile-035,2026-08-24T03:03:12.823367+00:00,APPROVED,0,None
f5a5eacc-85d8-45c5-9340-05642cc332dd,14,2024.57,Netflix,Entertainment,"Chennai, IN",device-mobile-014,2026-08-24T03:05:16.823367+00:00,APPROVED,0,None
8352728c-9bc1-46e5-ba8c-3616616e2a7d,9,2249.43,Zara,Shopping,"Pune, IN",device-laptop-009,2026-08-24T03:10:20.823367+00:00,APPROVED,0,None
0b22efd3-7cb8-464e-8480-095f265e0c1d,3,652.47,MakeMyTrip,Travel,"Hyderabad, IN",device-mobile-003,2026-08-24T03:12:15.823367+00:00,APPROVED,0,None
c4cd628b-80e3-418f-99c5-64df8171804d,35,3242.65,Dominos,Food & Dining,"Mumbai, IN",device-mobile-035,2026-08-24T03:25:58.823367+00:00,APPROVED,0,None
8873f2bd-be5e-4724-86f0-211ab36b0ea2,3,3559.14,Zepto,Groceries,"Delhi, IN",device-mobile-003,2026-08-24T03:38:00.823367+00:00,APPROVED,0,None
334a64fb-6466-4118-be70-10b8525aef1e,12,11813.32,Booking.com,Travel,"Chennai, IN",device-mobile-012,2026-08-24T03:47:05.823367+00:00,APPROVED,0,None
ee2234ef-0cd8-47c1-a049-d695912a3090,14,1231.39,Samsung Store,Electronics,"Chennai, IN",device-mobile-014,2026-08-24T04:08:23.823367+00:00,APPROVED,0,None
906a0a9f-df09-48da-a03b-9d0729b7e141,12,4354.98,Apple Store,Electronics,"Chennai, IN",device-mobile-012,2026-08-24T04:10:37.823367+00:00,APPROVED,0,None
ed4a858e-5bb5-4d7e-ae8a-2e3c6099db56,29,3184.22,BookMyShow,Entertainment,"Pune, IN",device-mobile-029,2026-08-24T04:38:47.823367+00:00,APPROVED,0,None
ca210e03-18d2-420a-a8a7-a3e31dcfc1c5,21,1620.01,Barbeque Nation,Food & Dining,"Chennai, IN",device-mobile-021,2026-08-24T04:44:36.823367+00:00,APPROVED,0,None
e8564389-0e60-4496-8944-5d2d059f2691,43,807.19,Blinkit,Groceries,"Pune, IN",device-mobile-043,2026-08-24T04:49:34.823367+00:00,APPROVED,0,None
021f5ca7-4a61-4fb4-9898-a15133827572,11,202.76,H&M,Shopping,"Delhi, IN",device-mobile-011,2026-08-24T04:52:13.823367+00:00,APPROVED,0,None
9a663cd0-86c4-4817-b2e5-4ddc460847ac,13,3033.85,Ajio,Shopping,"Hyderabad, IN",device-mobile-013,2026-08-24T04:59:33.823367+00:00,APPROVED,0,None
f9af01db-2387-4dd3-afa5-36cba0a10d96,1,3074.5,Blinkit,Groceries,"Bengaluru, IN",device-mobile-001,2026-08-24T05:09:57.823367+00:00,APPROVED,0,None
c5fac8f5-a0c1-4824-9aaa-aa35a5165b06,28,7912.57,Amazon India,Shopping,"Chennai, IN",device-mobile-028,2026-08-24T05:14:16.823367+00:00,SUSPICIOUS,1,RAPID_BURST
5fa600f9-50e4-4880-934b-686ea24259e3,35,4635.05,Ajio,Shopping,"Mumbai, IN",device-mobile-035,2026-08-24T05:23:02.823367+00:00,APPROVED,0,None
8283a9d5-4c72-49ea-a959-f13ba69bd496,25,1710.02,Starbucks,Food & Dining,"Bengaluru, IN",device-mobile-025,2026-08-24T05:23:56.823367+00:00,APPROVED,0,None
52842875-5853-4b2a-9180-b110db722457,13,2246.71,Blinkit,Groceries,"Hyderabad, IN",device-mobile-013,2026-08-24T06:00:31.823367+00:00,APPROVED,0,None
95308307-be65-45e9-afbc-e087a21b74f6,35,4216.45,Starbucks,Food & Dining,"Mumbai, IN",device-mobile-035,2026-08-24T06:35:47.823367+00:00,APPROVED,0,None
970858f8-29f4-400c-9964-857956ac244b,43,592.46,Myntra,Shopping,"Pune, IN",device-mobile-043,2026-08-24T06:36:44.823367+00:00,APPROVED,0,None
69eb6e97-d63b-41fb-95fa-615b1b9cb73f,20,674.75,Ola,Travel,"Chennai, IN",device-mobile-020,2026-08-24T06:41:21.823367+00:00,APPROVED,0,None
c2a1152e-7e6b-4473-b6de-ed0f2030f3b1,33,567.15,MakeMyTrip,Travel,"Kolkata, IN",device-mobile-033,2026-08-24T06:44:00.823367+00:00,APPROVED,0,None
a31c5ef3-7d8c-4a05-841f-399e8575ab2b,32,1267.2,Blinkit,Groceries,"Hyderabad, IN",device-mobile-032,2026-08-24T07:01:38.823367+00:00,APPROVED,0,None
9155de72-d810-4d9d-be61-b88fa717fcfd,26,2439.08,Myntra,Shopping,"Ahmedabad, IN",device-mobile-026,2026-08-24T08:15:57.823367+00:00,APPROVED,0,None
c5c2fdf4-21a9-448e-8ded-b77d896d5354,11,343.75,Spotify,Entertainment,"Delhi, IN",device-mobile-011,2026-08-24T08:17:27.823367+00:00,APPROVED,0,None
30b9e815-6efb-44b6-a377-b5bcc5b68034,49,1723.9,Amazon India,Shopping,"Delhi, IN",device-mobile-049,2026-08-24T08:17:37.823367+00:00,APPROVED,0,None
448aa671-ee0f-4282-8e93-2fca28a7c094,41,1088.88,Amazon India,Shopping,"Ahmedabad, IN",device-mobile-041,2026-08-24T08:39:34.823367+00:00,APPROVED,0,None
8356c5e4-a938-4c62-a8ab-39f98d256dd9,8,2002.6,Apple Store,Electronics,"Kolkata, IN",device-mobile-008,2026-08-24T08:53:12.823367+00:00,APPROVED,0,None
e8255ace-77eb-4b86-bd6d-4863dc5c6003,13,2905.56,Adani Gas,Utilities,"Hyderabad, IN",device-laptop-013,2026-08-24T09:00:55.823367+00:00,APPROVED,0,None
ca4eee53-6962-4750-9b6b-fc63fe4fd0ce,50,1398.54,Ajio,Shopping,"Kolkata, IN",device-laptop-050,2026-08-24T09:05:01.823367+00:00,APPROVED,0,None
be95be55-27d7-4053-85fc-ea4cd50ba183,32,2362.53,IndiGo,Travel,"Hyderabad, IN",device-mobile-032,2026-08-24T09:14:09.823367+00:00,APPROVED,0,None
b42d52c5-775c-4150-bb2e-2b88b417c77f,14,751.38,Blinkit,Groceries,"Chennai, IN",device-mobile-014,2026-08-24T09:19:44.823367+00:00,APPROVED,0,None
f5d56f1a-4e37-4da4-bab9-24df79ebaa30,29,1692.25,Myntra,Shopping,"Kolkata, IN",device-mobile-029,2026-08-24T09:23:07.823367+00:00,APPROVED,0,None
58dab03a-3d77-4e50-b351-ee49fe2d44b2,48,836.79,PVR Cinemas,Entertainment,"Bengaluru, IN",device-mobile-048,2026-08-24T09:29:42.823367+00:00,APPROVED,0,None
1150a5c8-8998-4fb1-83db-ee4ea893d5c2,31,3934.15,Zara,Shopping,"Delhi, IN",device-laptop-031,2026-08-24T09:31:47.823367+00:00,APPROVED,0,None
a572fa8e-30b7-401c-bc20-80aa1fe643df,47,1034.81,Zepto,Groceries,"Bengaluru, IN",device-mobile-047,2026-08-24T09:51:40.823367+00:00,APPROVED,0,None
4e1f119d-03b0-4b1c-a3e1-df7778d60ba2,25,1419.35,Reliance Digital,Electronics,"Bengaluru, IN",device-mobile-025,2026-08-24T09:53:32.823367+00:00,APPROVED,0,None
c7e264ab-df0b-4abd-a5dd-8cc7065ce3c3,35,2148.9,Booking.com,Travel,"London, UK",device-mobile-035,2026-08-24T10:15:22.823367+00:00,SUSPICIOUS,1,LOCATION_HOPPING
737f4fc9-ae6f-4d89-9a8d-04c720a18968,24,2338.38,BookMyShow,Entertainment,"Bengaluru, IN",device-laptop-024,2026-08-24T10:27:09.823367+00:00,APPROVED,0,None
6d20f9ce-af49-4c0c-a72e-74d8e3cc31a1,13,3272.29,Flipkart,Shopping,"Hyderabad, IN",device-mobile-013,2026-08-24T10:28:35.823367+00:00,APPROVED,0,None
3dc1279a-4f1c-480e-948d-1eafef8ab71e,40,620.58,Amazon India,Shopping,"Ahmedabad, IN",device-mobile-040,2026-08-24T10:32:26.823367+00:00,APPROVED,0,None
6048c201-64ad-4628-98c6-53fa000fd41c,42,1948.52,IRCTC,Travel,"Pune, IN",device-mobile-042,2026-08-24T10:33:13.823367+00:00,APPROVED,0,None
4b9e9d15-8160-4f1f-99e2-d5edc5ebcee7,25,1985.73,Zara,Shopping,"Bengaluru, IN",device-mobile-025,2026-08-24T10:41:14.823367+00:00,APPROVED,0,None
69090e46-1a84-47cc-9ddd-d15db961c981,22,1136.43,McDonald's,Food & Dining,"Bengaluru, IN",device-mobile-022,2026-08-24T10:47:49.823367+00:00,APPROVED,0,None
a1d2acbc-98d6-4403-b9d4-dcd0a013ad22,41,400.4,BigBasket,Groceries,"Ahmedabad, IN",device-mobile-041,2026-08-24T11:03:48.823367+00:00,APPROVED,0,None
e0278bd2-a75d-4750-98da-57330efd98ec,14,1744.01,CaratLane,Luxury & Jewelry,"Chennai, IN",device-mobile-014,2026-08-24T11:06:20.823367+00:00,APPROVED,0,None
a17c5658-778e-4aa6-8292-90b3820756ac,48,1135.59,Zomato,Food & Dining,"Bengaluru, IN",device-mobile-048,2026-08-24T11:09:39.823367+00:00,APPROVED,0,None
a91f229d-6e0f-4515-aed2-ac7b67641f7e,30,400.29,MakeMyTrip,Travel,"Bengaluru, IN",device-laptop-030,2026-08-24T11:13:27.823367+00:00,APPROVED,0,None
5fa304cc-068d-4d63-9e30-dbcc5ce1142c,36,5748.26,Reliance Digital,Electronics,"Mumbai, IN",device-laptop-036,2026-08-24T11:18:39.823367+00:00,APPROVED,0,None
f0c6da24-9c4e-430f-af76-109d49007e4f,1,3714.94,Steam Games,Entertainment,"Bengaluru, IN",device-mobile-001,2026-08-24T11:28:00.823367+00:00,APPROVED,0,None
f291a355-2a8d-4518-a2de-0791f7f2281d,2,7232.36,Zara,Shopping,"Pune, IN",device-mobile-002,2026-08-24T11:47:04.823367+00:00,APPROVED,0,None
1412aec3-2294-40fa-b19c-e351b6614a29,13,1310.35,Bescom,Utilities,"Hyderabad, IN",device-mobile-013,2026-08-24T11:52:54.823367+00:00,APPROVED,0,None
5ee45df1-8fbc-4760-a454-3c2123145ca7,48,965.54,Ola,Travel,"Bengaluru, IN",device-mobile-048,2026-08-24T12:02:43.823367+00:00,APPROVED,0,None
9eac5b8a-9e46-4ea4-af5a-ea52b738bb34,8,2181.26,Croma,Electronics,"Kolkata, IN",device-mobile-008,2026-08-24T12:06:59.823367+00:00,APPROVED,0,None
ae6397cb-b101-43ef-989e-be9669348632,23,2151.09,Myntra,Shopping,"Hyderabad, IN",device-mobile-023,2026-08-24T12:18:27.823367+00:00,APPROVED,0,None
8c2f2aff-ebac-464e-b47d-73101c8b6d56,8,2055.64,Booking.com,Travel,"Kolkata, IN",device-mobile-008,2026-08-24T12:18:36.823367+00:00,APPROVED,0,None
ac322d24-9a50-44d9-aec2-a7f9767dd8aa,26,1441.51,Ola,Travel,"Pune, IN",device-mobile-026,2026-08-24T12:19:36.823367+00:00,APPROVED,0,None
10a3ec28-a10c-4f5c-aa98-c314257428f8,46,2803.89,Zara,Shopping,"Delhi, IN",device-mobile-046,2026-08-24T12:27:06.823367+00:00,APPROVED,0,None
0c1c846b-8fb7-4119-955c-634dbfb83733,34,3104.93,Reliance Digital,Electronics,"Hyderabad, IN",device-laptop-034,2026-08-24T12:35:37.823367+00:00,APPROVED,0,None
63fe2730-14f4-44de-90e1-f8ce44bbe290,35,5194.85,Tiffany & Co,Luxury & Jewelry,"Mumbai, IN",device-mobile-035,2026-08-24T12:36:03.823367+00:00,APPROVED,0,None
5e4b26be-710c-4754-9073-be4d0f4ffd0b,13,15396.11,Uber,Travel,"Singapore, SG",device-mobile-013,2026-08-24T12:45:17.823367+00:00,SUSPICIOUS,1,LOCATION_HOPPING
87462e7e-94c7-479d-9180-536d0400b223,26,1979.29,Steam Games,Entertainment,"Ahmedabad, IN",device-mobile-026,2026-08-24T12:46:59.823367+00:00,APPROVED,0,None
99e199f5-8a4a-41c0-8825-afef253c0d53,19,2369.07,Zara,Shopping,"Kolkata, IN",device-mobile-019,2026-08-24T12:56:28.823367+00:00,APPROVED,0,None
2ad4b705-5df6-4933-b05e-43714a03855c,15,1161.61,Amazon India,Shopping,"Kolkata, IN",device-mobile-015,2026-08-24T13:02:28.823367+00:00,APPROVED,0,None
e9cc0a33-95da-47df-b9ba-20f629d5dca7,38,1196.89,Blinkit,Groceries,"Bengaluru, IN",device-mobile-038,2026-08-24T13:12:19.823367+00:00,APPROVED,0,None
72477390-975c-4f81-a7e7-7d319e691033,2,3936.45,Tanishq,Luxury & Jewelry,"Kolkata, IN",device-mobile-002,2026-08-24T13:14:48.823367+00:00,APPROVED,0,None
2fa5f35c-a2b2-4597-b38d-5a613a00715b,3,3098.56,Instamart,Groceries,"Delhi, IN",device-mobile-003,2026-08-24T13:26:50.823367+00:00,APPROVED,0,None
912417b5-9171-4340-a8d9-83a1d7f3f067,1,1768.87,Barbeque Nation,Food & Dining,"Bengaluru, IN",device-mobile-001,2026-08-24T13:41:58.823367+00:00,APPROVED,0,None
d337153e-b90a-48a0-a217-a60783b33370,1,1203.18,Samsung Store,Electronics,"Bengaluru, IN",device-mobile-001,2026-08-24T13:53:48.823367+00:00,APPROVED,0,None
4d60e94a-2f67-4977-9f3d-163e3b09108d,46,3215.1,Nature's Basket,Groceries,"Delhi, IN",device-mobile-046,2026-08-24T14:20:03.823367+00:00,APPROVED,0,None
6ac94dca-699e-4ebd-812d-e721f6eeeafd,36,7071.6,H&M,Shopping,"Mumbai, IN",device-laptop-036,2026-08-24T14:25:30.823367+00:00,APPROVED,0,None
6827beb4-2448-4d53-b0a7-fb436d744e93,1,2133.58,Netflix,Entertainment,"Bengaluru, IN",device-mobile-001,2026-08-24T14:36:47.823367+00:00,APPROVED,0,None
87b0c049-e5e7-4a40-8611-91d672ce35da,41,915.71,Starbucks,Food & Dining,"Ahmedabad, IN",device-mobile-041,2026-08-24T14:40:54.823367+00:00,APPROVED,0,None
811368f6-c9e5-4716-baec-0a9344b3c4b7,33,564.43,Spotify,Entertainment,"Kolkata, IN",device-mobile-033,2026-08-24T14:58:17.823367+00:00,APPROVED,0,None
67cf504f-75c1-4f00-b405-ac82b0538c4c,5,1073.94,Zara,Shopping,"Mumbai, IN",device-mobile-005,2026-08-24T15:18:12.823367+00:00,APPROVED,0,None
a12a118a-f506-47fa-a827-9913a49758ec,26,5033.63,Tata Power,Utilities,"Ahmedabad, IN",device-mobile-026,2026-08-24T15:22:46.823367+00:00,APPROVED,0,None
c4d47fbe-48f6-4f7a-a80b-36796d7829c0,49,2735.93,H&M,Shopping,"Delhi, IN",device-mobile-049,2026-08-24T15:40:16.823367+00:00,APPROVED,0,None
440df0c5-26cb-4735-b7e1-5fb1d53d0400,3,2367.81,Samsung Store,Electronics,"Delhi, IN",device-mobile-003,2026-08-24T15:43:23.823367+00:00,APPROVED,0,None
e59d4712-4623-485d-8d23-7e07dba0de40,50,817.52,Apple Store,Electronics,"Kolkata, IN",device-mobile-050,2026-08-24T15:50:49.823367+00:00,APPROVED,0,None
78fd9da4-0178-486e-8fb8-c675c7fa19e7,22,658.06,BookMyShow,Entertainment,"Bengaluru, IN",device-mobile-022,2026-08-24T15:55:04.823367+00:00,APPROVED,0,None
e5989039-74ee-4d3e-a158-0059fc45040f,34,3682.2,Reliance Digital,Electronics,"Hyderabad, IN",device-mobile-034,2026-08-24T16:01:34.823367+00:00,APPROVED,0,None
99026c24-79ab-4a1a-9af5-c7801a2d9b25,39,2132.59,Swiggy,Food & Dining,"Chennai, IN",device-mobile-039,2026-08-24T16:17:05.823367+00:00,APPROVED,0,None
6bfedc69-405c-4a29-8d38-76fd173407e0,50,1966.33,Ola,Travel,"Kolkata, IN",device-mobile-050,2026-08-24T16:19:51.823367+00:00,APPROVED,0,None
01e70ec8-3ed7-41c0-a886-20598734d93a,2,1843.49,Airtel Bill,Utilities,"Mumbai, IN",device-mobile-002,2026-08-24T16:25:10.823367+00:00,APPROVED,0,None
16aeab73-4600-4b2d-98e0-01cf0e4f67d4,25,1269.59,Amazon India,Shopping,"Bengaluru, IN",device-mobile-025,2026-08-24T16:30:23.823367+00:00,APPROVED,0,None
c8abd751-546d-44e9-8dde-5a719b7f80e3,37,1387.77,Flipkart,Shopping,"Kolkata, IN",device-mobile-037,2026-08-24T16:31:31.823367+00:00,APPROVED,0,None
d1ce028d-e396-4710-af9a-263236f37f25,11,285.64,Instamart,Groceries,"Kolkata, IN",device-laptop-011,2026-08-24T16:40:47.823367+00:00,APPROVED,0,None
08d5e25e-0c1a-4e86-9170-ef0702c81391,37,1126.27,Uber,Travel,"Kolkata, IN",device-mobile-037,2026-08-24T16:46:34.823367+00:00,APPROVED,0,None
404d0541-607f-47b4-98bb-0c60a10e28cc,35,3132.4,Vijay Sales,Electronics,"Mumbai, IN",device-mobile-035,2026-08-24T16:57:31.823367+00:00,APPROVED,0,None
e4958630-fc68-4357-a55a-5b0b55645cb8,12,23340.59,IndiGo,Travel,"London, UK",device-mobile-012,2026-08-24T17:07:49.823367+00:00,SUSPICIOUS,1,LOCATION_HOPPING
a3904542-7a41-4f6b-bb45-d2175e1f6283,25,2358.82,Airtel Bill,Utilities,"Bengaluru, IN",device-mobile-025,2026-08-24T17:23:49.823367+00:00,APPROVED,0,None
d15d9022-4590-45a3-b603-0609f6fdbdb6,28,4433.73,Nature's Basket,Groceries,"Chennai, IN",device-mobile-028,2026-08-24T17:29:40.823367+00:00,APPROVED,0,None
79ff7c44-e60d-4f4e-bb50-2c79111211cc,1,1109.58,Nature's Basket,Groceries,"Bengaluru, IN",device-mobile-001,2026-08-24T17:42:25.823367+00:00,APPROVED,0,None
726b4d76-58b7-41c7-b93e-7f74d7eebd06,25,1486.36,Tata Power,Utilities,"Bengaluru, IN",device-mobile-025,2026-08-24T17:43:44.823367+00:00,APPROVED,0,None
865d0b96-f5d4-45ab-ab75-0dd918a72443,8,4215.69,Zara,Shopping,"Kolkata, IN",device-mobile-008,2026-08-24T17:44:47.823367+00:00,APPROVED,0,None
b5dd36f0-f60c-494d-83bb-b22347bfcd4e,12,4671.11,Zara,Shopping,"Chennai, IN",device-mobile-012,2026-08-24T18:15:40.823367+00:00,APPROVED,0,None
6579ea77-0117-45c8-852b-03f0132e6047,32,1154.76,Zepto,Groceries,"Hyderabad, IN",device-mobile-032,2026-08-24T18:23:33.823367+00:00,APPROVED,0,None
6e0fd49c-a0e9-465b-90b0-5766866e4e6d,28,814.02,Steam Games,Entertainment,"Chennai, IN",device-mobile-028,2026-08-24T18:23:39.823367+00:00,APPROVED,0,None
2cfd91b3-5bad-4f69-a746-e3070d3b0dd7,26,3248.67,Flipkart,Shopping,"Ahmedabad, IN",device-mobile-026,2026-08-24T18:24:44.823367+00:00,APPROVED,0,None
193c314b-2e78-418c-88ba-a9d5ce4d3680,45,2114.68,Flipkart,Shopping,"Kolkata, IN",device-mobile-045,2026-08-24T18:30:18.823367+00:00,APPROVED,0,None
4c0e3ef6-6110-43c3-a60f-43f7ed155abd,8,4146.29,McDonald's,Food & Dining,"Kolkata, IN",device-mobile-008,2026-08-24T18:33:03.823367+00:00,APPROVED,0,None
75c0af02-84d5-4cb2-a80f-87948c451144,40,825.71,Reliance Digital,Electronics,"Ahmedabad, IN",device-mobile-040,2026-08-24T18:40:20.823367+00:00,APPROVED,0,None
2c9b2814-6d51-45e2-8f7b-d74f779ea3da,22,851.76,Starbucks,Food & Dining,"Bengaluru, IN",device-mobile-022,2026-08-24T18:51:22.823367+00:00,APPROVED,0,None
6ba2392c-f092-41d6-a3da-f9e3b1d28a7f,28,1881.57,BookMyShow,Entertainment,"Chennai, IN",device-mobile-028,2026-08-24T19:00:37.823367+00:00,APPROVED,0,None
358901a8-a443-4f5d-8507-4db1170474ff,41,1069.03,Starbucks,Food & Dining,"Ahmedabad, IN",device-mobile-041,2026-08-24T19:06:55.823367+00:00,APPROVED,0,None
7ea69038-a8a5-4b1c-a904-6ce4b3a65a57,16,5183.85,Reliance Digital,Electronics,"Hyderabad, IN",device-mobile-016,2026-08-24T19:33:59.823367+00:00,APPROVED,0,None
f93d81db-6b76-4cc1-bfe5-fb3b3cd28c56,50,694.26,Apple Store,Electronics,"Kolkata, IN",device-laptop-050,2026-08-24T19:42:08.823367+00:00,APPROVED,0,None
3dc6b78b-939f-4270-b5f3-b7e6829dbbc3,16,224955.69,CaratLane,Luxury & Jewelry,"Chennai, IN",device-mobile-016,2026-08-24T19:57:45.823367+00:00,FLAGGED,1,HIGH_AMOUNT_SPIKE
1345db91-2334-4635-8165-e19cb23bdaa7,19,2207.5,Rolex Boutique,Luxury & Jewelry,"Kolkata, IN",device-mobile-019,2026-08-24T20:00:56.823367+00:00,APPROVED,0,None
958f2c76-f62c-490a-985b-fc5c20c90c81,44,2071.15,Spotify,Entertainment,"Kolkata, IN",device-laptop-044,2026-08-24T20:54:33.823367+00:00,APPROVED,0,None
8d20e13e-bd97-4e96-972f-bd269e70644e,7,533.03,Spotify,Entertainment,"Mumbai, IN",device-mobile-007,2026-08-24T20:55:34.823367+00:00,APPROVED,0,None
a4c3e519-8dcf-4a49-ad52-0017cbbf0868,50,22354.46,Amazon India,Shopping,"Kolkata, IN",device-mobile-050,2026-08-24T21:03:35.823367+00:00,SUSPICIOUS,1,RAPID_BURST
42a57661-ba54-41a9-830c-c642a6e82fc4,38,743.18,Tata Power,Utilities,"Hyderabad, IN",device-mobile-038,2026-08-24T21:16:37.823367+00:00,APPROVED,0,None
c31d8e3d-4a06-4367-94df-ba280fc80781,39,3060.9,Reliance Digital,Electronics,"Chennai, IN",device-mobile-039,2026-08-24T21:17:16.823367+00:00,APPROVED,0,None
36776098-405c-406e-89cd-850c79908dde,43,396.53,Adani Gas,Utilities,"Pune, IN",device-mobile-043,2026-08-24T21:37:48.823367+00:00,APPROVED,0,None
922188f3-73e7-43fe-bc1f-3c98cb8556df,24,2442.79,Spotify,Entertainment,"Bengaluru, IN",device-mobile-024,2026-08-24T21:38:50.823367+00:00,APPROVED,0,None
2bcb25be-5ab1-4bf9-87e4-dbb0e7985527,7,851.34,Tata Power,Utilities,"Mumbai, IN",device-mobile-007,2026-08-24T21:47:53.823367+00:00,APPROVED,0,None
cc35b86d-de36-402f-ab5c-a86345044b19,27,971.25,Samsung Store,Electronics,"Chennai, IN",device-mobile-027,2026-08-24T21:49:17.823367+00:00,APPROVED,0,None
718bca73-9f37-4240-a7b1-9bf402baa379,38,1576.04,Zepto,Groceries,"Hyderabad, IN",device-mobile-038,2026-08-24T21:53:51.823367+00:00,APPROVED,0,None
077f71f6-7a9d-4522-a0cb-2b30b43e7bde,49,1303.65,H&M,Shopping,"Delhi, IN",device-mobile-049,2026-08-24T21:56:05.823367+00:00,APPROVED,0,None
6300d296-555c-4b3e-9ad7-a1806377e3fe,21,1336.41,Ola,Travel,"Chennai, IN",device-mobile-021,2026-08-24T22:00:57.823367+00:00,APPROVED,0,None
b9f84e42-76ae-4104-aab3-696e9004483e,4,2131.17,Samsung Store,Electronics,"Bengaluru, IN",device-laptop-004,2026-08-24T22:01:33.823367+00:00,APPROVED,0,None
53e86ec5-0697-4a5f-9ce5-a057ada3f482,4,2421.47,Uber,Travel,"Hyderabad, IN",device-mobile-004,2026-08-24T22:01:57.823367+00:00,APPROVED,0,None
6ba7bd75-a06c-4402-9f69-6e554451c128,20,1481.98,PVR Cinemas,Entertainment,"Pune, IN",device-mobile-020,2026-08-24T22:07:00.823367+00:00,APPROVED,0,None
ab03672d-ca9e-41ec-8fef-0d43308317ae,47,3527.61,Airtel Bill,Utilities,"Bengaluru, IN",device-laptop-047,2026-08-24T22:08:23.823367+00:00,APPROVED,0,None
3c79ac9b-8195-4689-bbec-10914d6de3c4,3,3079.3,Samsung Store,Electronics,"Pune, IN",device-mobile-003,2026-08-24T22:15:41.823367+00:00,APPROVED,0,None
48891ed6-5e8b-48cb-ab41-9145da6cdffd,50,979.45,Reliance Digital,Electronics,"Kolkata, IN",device-mobile-050,2026-08-24T22:22:24.823367+00:00,APPROVED,0,None
b6e89384-baa7-43c2-8ba0-a4b9479bb930,9,1737.14,Vijay Sales,Electronics,"Pune, IN",device-laptop-009,2026-08-24T22:26:27.823367+00:00,APPROVED,0,None
f1350aab-c7ce-4d92-8194-8b21680aa0ec,13,11244.65,Uber,Travel,"Hyderabad, IN",device-laptop-013,2026-08-24T22:32:34.823367+00:00,APPROVED,0,None
0fa15798-585e-4e6b-b1bc-0ee7bfe7a572,2,7521.38,Amazon India,Shopping,"Pune, IN",device-mobile-002,2026-08-24T22:35:18.823367+00:00,APPROVED,0,None
baeaa69b-ad13-4611-aa70-ba1c1f39ea86,13,3485.52,Netflix,Entertainment,"Hyderabad, IN",device-mobile-013,2026-08-24T22:36:00.823367+00:00,APPROVED,0,None
7dd58e4b-5a15-46a0-8535-fca856530d24,14,673.91,Blinkit,Groceries,"Chennai, IN",device-mobile-014,2026-08-24T22:58:49.823367+00:00,APPROVED,0,None
42a14dfd-13ec-4a64-bbc9-4dcb9316b697,33,751.91,Blinkit,Groceries,"Kolkata, IN",device-mobile-033,2026-08-24T23:14:49.823367+00:00,APPROVED,0,None
9a3afd1d-653c-4085-974a-90f05aa7e40a,46,839.89,H&M,Shopping,"Delhi, IN",device-laptop-046,2026-08-24T23:20:19.823367+00:00,APPROVED,0,None
2a6488ef-8b1c-4604-9c12-0dfb5be638f9,50,1215.03,McDonald's,Food & Dining,"Kolkata, IN",device-laptop-050,2026-08-24T23:28:32.823367+00:00,APPROVED,0,None
b6ef9561-7808-4798-90f1-a7104f37c34e,8,3589.59,Zepto,Groceries,"Kolkata, IN",device-mobile-008,2026-08-24T23:46:19.823367+00:00,APPROVED,0,None
bdec3a78-74ca-4163-ac7c-f812d7cfb7f0,17,1588.24,Vijay Sales,Electronics,"Mumbai, IN",device-mobile-017,2026-08-24T23:52:37.823367+00:00,APPROVED,0,None
e43d1529-5cd2-411a-81fc-167cb543bb67,34,1332.44,Steam Games,Entertainment,"Hyderabad, IN",device-mobile-034,2026-08-24T23:56:05.823367+00:00,APPROVED,0,None
a5e8a349-5215-49be-818d-82db70ab5ca3,12,4933.45,Zara,Shopping,"Chennai, IN",device-mobile-012,2026-08-25T00:10:58.823367+00:00,APPROVED,0,None
52bf8cfb-46d4-46ec-b29a-76cd56c66d4c,42,1443.42,Flipkart,Shopping,"Delhi, IN",device-mobile-042,2026-08-25T00:18:56.823367+00:00,APPROVED,0,None
31a01c41-2d41-49ed-8ac3-4591cf30eeaf,18,1576.91,Tata Power,Utilities,"Bengaluru, IN",device-mobile-018,2026-08-25T00:26:34.823367+00:00,APPROVED,0,None
090f1a22-5678-44d7-b579-47a56c2d0217,12,2335.56,Zomato,Food & Dining,"Chennai, IN",device-mobile-012,2026-08-25T00:36:12.823367+00:00,APPROVED,0,None
f6f0a1ac-137d-4153-9767-4015fa1f2b95,6,930.2,Apple Store,Electronics,"Hyderabad, IN",device-mobile-006,2026-08-25T01:16:37.823367+00:00,APPROVED,0,None
61c3e8e0-e902-478c-89c4-3e5440c391f7,3,2955.56,Netflix,Entertainment,"Delhi, IN",device-mobile-003,2026-08-25T01:26:32.823367+00:00,APPROVED,0,None
2a2fe498-e347-487c-94bc-1af9d2b0a4e2,19,1320.89,Nature's Basket,Groceries,"Kolkata, IN",device-mobile-019,2026-08-25T01:28:44.823367+00:00,APPROVED,0,None
76917587-df28-49df-9ae9-a2e147d4ecb1,35,2505.7,Uber,Travel,"Mumbai, IN",device-mobile-035,2026-08-25T01:38:57.823367+00:00,APPROVED,0,None
bf65a439-bbea-42db-979a-3219a5a13663,45,286996.25,Samsung Store,Electronics,"Kolkata, IN",device-mobile-045,2026-08-25T01:39:30.823367+00:00,FLAGGED,1,HIGH_AMOUNT_SPIKE
dceade8d-4d90-465e-9f8e-47d11e9f70b6,11,388.93,BookMyShow,Entertainment,"Delhi, IN",device-mobile-011,2026-08-25T01:46:07.823367+00:00,APPROVED,0,None
0e12a88b-950c-4a90-8fe6-b73074adeab2,45,643.45,Uber,Travel,"Kolkata, IN",device-mobile-045,2026-08-25T01:48:25.823367+00:00,APPROVED,0,None
f2072390-c713-400b-ad06-c60bb7cdec40,12,4110.98,BookMyShow,Entertainment,"Chennai, IN",device-mobile-012,2026-08-25T01:59:30.823367+00:00,APPROVED,0,None
3872ab67-047f-461d-8d74-a315fc72f402,17,1406.18,Croma,Electronics,"Mumbai, IN",device-mobile-017,2026-08-25T02:04:14.823367+00:00,APPROVED,0,None
49d51ed0-0341-4bc2-b55d-7985ef21e834,45,434.88,H&M,Shopping,"Kolkata, IN",device-mobile-045,2026-08-25T02:06:34.823367+00:00,APPROVED,0,None
6a950683-baec-4464-ab99-215aca09b622,4,1919.35,Amazon India,Shopping,"Bengaluru, IN",device-mobile-004,2026-08-25T02:06:40.823367+00:00,APPROVED,0,None
ef42bcaf-2840-44a3-8850-66b7067f4117,40,625.78,IRCTC,Travel,"Ahmedabad, IN",device-mobile-040,2026-08-25T02:31:51.823367+00:00,APPROVED,0,None
f282a74c-7385-4a80-abbf-41aea8cbd4a0,32,237.73,Zomato,Food & Dining,"Hyderabad, IN",device-mobile-032,2026-08-25T02:32:35.823367+00:00,APPROVED,0,None
b314d56d-dd54-4ba5-83e8-2ae12b849dea,42,1417.85,IndiGo,Travel,"Delhi, IN",device-mobile-042,2026-08-25T02:38:04.823367+00:00,APPROVED,0,None
2ba5309b-c346-44a7-86d8-b6dc00f80979,30,1792.21,Amazon India,Shopping,"Bengaluru, IN",device-laptop-030,2026-08-25T02:38:28.823367+00:00,APPROVED,0,None
f49c5c3c-ce8e-4bf5-9f4e-da3a8320f713,3,1849.46,BigBasket,Groceries,"Delhi, IN",device-mobile-003,2026-08-25T02:54:06.823367+00:00,APPROVED,0,None
9b0e5266-92f9-4145-a6cf-7767b619cf0d,25,814.01,Tanishq,Luxury & Jewelry,"Bengaluru, IN",device-mobile-025,2026-08-25T02:58:56.823367+00:00,APPROVED,0,None
054179a2-67b5-4d8f-aa9a-287970a216aa,37,834.23,Apple Store,Electronics,"Kolkata, IN",device-mobile-037,2026-08-25T03:01:08.823367+00:00,APPROVED,0,None
9d706c14-d476-4aad-8f4b-41eec46b1e9e,29,1225.58,Adani Gas,Utilities,"Pune, IN",device-mobile-029,2026-08-25T03:14:50.823367+00:00,APPROVED,0,None
f86db635-fefe-4fc0-86ed-2838c7b1be8e,25,2546.09,IRCTC,Travel,"Bengaluru, IN",device-mobile-025,2026-08-25T03:15:08.823367+00:00,APPROVED,0,None
1c41c6d8-36e9-4f50-bc8f-6bd3e05d9656,4,20517.3,Amazon India,Shopping,"Bengaluru, IN",device-mobile-004,2026-08-25T03:29:09.823367+00:00,SUSPICIOUS,1,RAPID_BURST
550ab29d-c95b-4b6d-b2a3-4667161daf45,16,1344.94,Steam Games,Entertainment,"Chennai, IN",device-mobile-016,2026-08-25T03:32:10.823367+00:00,APPROVED,0,None
78103422-fb7d-433b-8f80-146545b7823a,30,817.43,Airtel Bill,Utilities,"Bengaluru, IN",device-mobile-030,2026-08-25T03:49:24.823367+00:00,APPROVED,0,None
bc1f3ab1-466e-4559-b6d0-ddba9cc2c5ff,38,1754.88,IRCTC,Travel,"Hyderabad, IN",device-mobile-038,2026-08-25T03:55:03.823367+00:00,APPROVED,0,None
200d09ed-3202-4dcb-95b0-76b072f5f6c6,18,3786.91,Jio Recharge,Utilities,"Bengaluru, IN",device-laptop-018,2026-08-25T03:59:31.823367+00:00,APPROVED,0,None
97befeba-c36d-4871-85df-598de8c2603a,5,1130.36,Bescom,Utilities,"Mumbai, IN",device-mobile-005,2026-08-25T04:10:20.823367+00:00,APPROVED,0,None
cb86ad09-abe2-4f1a-a4b2-040a3f42cf0e,2,2819.01,Reliance Digital,Electronics,"Pune, IN",device-mobile-002,2026-08-25T04:15:58.823367+00:00,APPROVED,0,None
6fbf347a-857d-4536-9da0-91816b72d5b1,18,1787.59,Netflix,Entertainment,"Bengaluru, IN",device-mobile-018,2026-08-25T04:18:14.823367+00:00,APPROVED,0,None
667158de-12bf-4af8-99d2-11d9af8bdd60,47,1917.6,Blinkit,Groceries,"Bengaluru, IN",device-mobile-047,2026-08-25T04:25:44.823367+00:00,APPROVED,0,None
7d4d9546-c272-46ce-92ef-296886e284fa,33,289.52,Adani Gas,Utilities,"Kolkata, IN",device-mobile-033,2026-08-25T04:30:40.823367+00:00,APPROVED,0,None
3cd1f06f-1c7e-4b55-bdce-481857de54ca,27,762.58,Spotify,Entertainment,"Chennai, IN",device-mobile-027,2026-08-25T04:37:04.823367+00:00,APPROVED,0,None
dde709ec-80f6-466f-be26-991a183237cf,41,417.9,Myntra,Shopping,"Ahmedabad, IN",device-mobile-041,2026-08-25T04:41:17.823367+00:00,APPROVED,0,None
b4f828aa-6e12-47bf-9cd8-e65ceddd4497,26,1693.59,Reliance Digital,Electronics,"Ahmedabad, IN",device-laptop-026,2026-08-25T04:47:38.823367+00:00,APPROVED,0,None
c391e1af-0739-43ce-af1c-9dca94fb0321,43,481.36,McDonald's,Food & Dining,"Pune, IN",device-mobile-043,2026-08-25T04:48:07.823367+00:00,APPROVED,0,None
1ac89e2d-29d8-4c97-8f9e-fddc645824e9,29,858.49,Airtel Bill,Utilities,"Pune, IN",device-mobile-029,2026-08-25T04:49:00.823367+00:00,APPROVED,0,None
43a06ab9-9911-4b0b-ade3-58ae0315b29d,44,2035.55,Airtel Bill,Utilities,"Pune, IN",device-mobile-044,2026-08-25T04:52:48.823367+00:00,APPROVED,0,None
4cc39944-f4e1-4d34-8cdc-e9a0819bf31b,13,2784.09,Croma,Electronics,"Hyderabad, IN",device-mobile-013,2026-08-25T05:08:05.823367+00:00,APPROVED,0,None
5358efa2-8c23-49e8-b16b-e9d8e4c4d99c,40,1821.66,IndiGo,Travel,"Ahmedabad, IN",device-mobile-040,2026-08-25T05:13:55.823367+00:00,APPROVED,0,None
e1200c2e-9016-4437-a03f-551dd01d2867,48,1491.11,Flipkart,Shopping,"Bengaluru, IN",device-mobile-048,2026-08-25T05:23:57.823367+00:00,APPROVED,0,None
4564c6a3-ff63-4696-8e4d-4415c145275c,4,2381.56,Zepto,Groceries,"Bengaluru, IN",device-laptop-004,2026-08-25T05:26:06.823367+00:00,APPROVED,0,None
34500222-1054-4f73-bff6-373b0c8c3099,30,13019.41,Amazon India,Shopping,"Bengaluru, IN",device-mobile-030,2026-08-25T05:28:25.823367+00:00,SUSPICIOUS,1,RAPID_BURST
35488a33-22fd-4e4a-b4b9-ee18cffe74ec,31,1636.96,Apple Store,Electronics,"Delhi, IN",device-laptop-031,2026-08-25T05:29:02.823367+00:00,APPROVED,0,None
1825deb7-b1ba-4a7d-b753-6a644ac47819,12,8479.55,Amazon India,Shopping,"Chennai, IN",device-mobile-012,2026-08-25T05:30:43.823367+00:00,SUSPICIOUS,1,RAPID_BURST
e9a1c14f-42b7-4e3c-a264-ecfd95feafc6,3,4756.79,Apple Store,Electronics,"Delhi, IN",device-laptop-003,2026-08-25T05:31:41.823367+00:00,APPROVED,0,None
d71e5028-6421-4658-a9b5-f01753b329fa,12,2676.67,PVR Cinemas,Entertainment,"Chennai, IN",device-mobile-012,2026-08-25T05:57:00.823367+00:00,APPROVED,0,None
868090ff-6847-4a02-a8c2-0674539e543a,16,11394.42,Amazon India,Shopping,"Chennai, IN",device-mobile-016,2026-08-25T06:00:06.823367+00:00,SUSPICIOUS,1,RAPID_BURST
dc96e2a7-a7ff-4ed8-b876-d8c11502cf8f,18,1113.25,Blinkit,Groceries,"Bengaluru, IN",device-mobile-018,2026-08-25T06:08:10.823367+00:00,APPROVED,0,None
b99c8de6-3c5e-4e2d-b625-c12957fd3a5e,10,1461.88,Apple Store,Electronics,"Ahmedabad, IN",device-mobile-010,2026-08-25T06:12:55.823367+00:00,APPROVED,0,None
73e7ea12-c8c1-46af-b983-16946093fb9b,34,4635.4,Ajio,Shopping,"Hyderabad, IN",device-laptop-034,2026-08-25T06:44:16.823367+00:00,APPROVED,0,None
0ee38dc2-e1c7-4ad9-b1d3-9750ff3d5453,21,52752.2,Apple Store,Electronics,"Ahmedabad, IN",device-emulator-root-2802,2026-08-25T07:11:03.823367+00:00,SUSPICIOUS,1,UNRECOGNIZED_DEVICE
1a321a9f-c0f3-4423-832c-b253b7515293,40,1432.39,Dominos,Food & Dining,"Ahmedabad, IN",device-mobile-040,2026-08-25T07:15:35.823367+00:00,APPROVED,0,None
e2500ad2-cd70-4792-b62e-eb71959426df,39,2419.4,Dominos,Food & Dining,"Chennai, IN",device-mobile-039,2026-08-25T07:33:05.823367+00:00,APPROVED,0,None
fd1953dc-e2f7-45bb-9d8b-35b384d55cd7,28,528.7,Zara,Shopping,"Chennai, IN",device-mobile-028,2026-08-25T07:38:23.823367+00:00,APPROVED,0,None
87c52eac-31bf-4389-9ea0-77e3a5df4151,23,2945.13,Adani Gas,Utilities,"Hyderabad, IN",device-mobile-023,2026-08-25T07:48:13.823367+00:00,APPROVED,0,None
9e04be73-bf77-430c-8ae4-43f8c145abdf,45,2110.57,BookMyShow,Entertainment,"Kolkata, IN",device-mobile-045,2026-08-25T07:56:39.823367+00:00,APPROVED,0,None
cb61b3b8-3834-463d-977f-0cac99470958,37,923.68,Bescom,Utilities,"Kolkata, IN",device-mobile-037,2026-08-25T08:02:02.823367+00:00,APPROVED,0,None
b3590f68-2bf1-4c37-8d39-e7546ea366a0,19,2661.83,Flipkart,Shopping,"Kolkata, IN",device-mobile-019,2026-08-25T08:12:59.823367+00:00,APPROVED,0,None
82907cdd-18e0-4d87-8951-d280800635a5,41,1486.3,Jio Recharge,Utilities,"Bengaluru, IN",device-mobile-041,2026-08-25T08:13:25.823367+00:00,APPROVED,0,None
dd548615-3c88-4136-82e4-68d634a69986,50,768.55,PVR Cinemas,Entertainment,"Kolkata, IN",device-laptop-050,2026-08-25T08:17:53.823367+00:00,APPROVED,0,None
32eae792-e22d-4ccd-adef-dad840b48ebe,25,1410.22,McDonald's,Food & Dining,"Bengaluru, IN",device-mobile-025,2026-08-25T08:20:43.823367+00:00,APPROVED,0,None
0edb137e-d761-4669-a50f-81a0801d869e,40,1926.77,Instamart,Groceries,"Ahmedabad, IN",device-mobile-040,2026-08-25T08:25:14.823367+00:00,APPROVED,0,None
755a2abe-6a59-461b-b2ef-b4e96f1b7bb0,26,6103.72,Instamart,Groceries,"Ahmedabad, IN",device-mobile-026,2026-08-25T08:26:19.823367+00:00,APPROVED,0,None
424d17a3-2a3e-46b7-b3c1-ef10ed7d3be8,35,2629.19,Swiggy,Food & Dining,"Mumbai, IN",device-mobile-035,2026-08-25T08:27:29.823367+00:00,APPROVED,0,None
9611ebf2-da90-4923-863c-bf3eb7b52b72,19,3254.14,Zara,Shopping,"Kolkata, IN",device-mobile-019,2026-08-25T08:33:53.823367+00:00,APPROVED,0,None
3f28820f-35e0-4368-9ae3-eb42a0ea42a9,16,1021.45,IRCTC,Travel,"Chennai, IN",device-laptop-016,2026-08-25T08:36:49.823367+00:00,APPROVED,0,None
7a79bacd-149e-4fb0-a4b0-656ebe1e17f0,13,2766.01,Tata Power,Utilities,"Pune, IN",device-mobile-013,2026-08-25T08:40:40.823367+00:00,APPROVED,0,None
565a5bc4-6a8b-48c8-ae2c-59142afce36d,43,719.04,Amazon India,Shopping,"Pune, IN",device-mobile-043,2026-08-25T08:51:14.823367+00:00,APPROVED,0,None
e9a5aa13-7c8d-427f-b367-b0927a07778f,7,745.57,Barbeque Nation,Food & Dining,"Mumbai, IN",device-mobile-007,2026-08-25T08:53:26.823367+00:00,APPROVED,0,None
f8674c94-555d-4d75-b4c3-25d0b73d7410,16,1608.38,Reliance Digital,Electronics,"Chennai, IN",device-laptop-016,2026-08-25T08:54:13.823367+00:00,APPROVED,0,None
fd073b31-3e30-4c6c-8b58-05ea436a8349,37,1091.62,Ajio,Shopping,"Kolkata, IN",device-mobile-037,2026-08-25T09:04:27.823367+00:00,APPROVED,0,None
660e7b74-8fbf-4cb3-a7f1-e1edfcbe2d74,38,608.83,Tata Power,Utilities,"Hyderabad, IN",device-laptop-038,2026-08-25T09:06:23.823367+00:00,APPROVED,0,None
cac51cd7-e372-483e-9346-aa6d80d2994d,27,36203.78,Apple Store,Electronics,"Hyderabad, IN",device-emulator-root-3552,2026-08-25T09:16:48.823367+00:00,SUSPICIOUS,1,UNRECOGNIZED_DEVICE
6b76db2d-f586-4070-8732-563642a57cb2,22,945.97,Zara,Shopping,"Bengaluru, IN",device-mobile-022,2026-08-25T09:18:03.823367+00:00,APPROVED,0,None
a4792fee-d77d-48b6-bad9-ec88bbc97de2,12,1014.62,Uber,Travel,"Kolkata, IN",device-mobile-012,2026-08-25T09:29:50.823367+00:00,APPROVED,0,None
02e8dc80-ff5b-4709-ab7c-2b22467cb8b7,37,666.82,Adani Gas,Utilities,"Mumbai, IN",device-mobile-037,2026-08-25T09:34:44.823367+00:00,APPROVED,0,None
437f96b4-843a-47e6-afc0-ea6c50d0b942,1,1471.71,Starbucks,Food & Dining,"Pune, IN",device-mobile-001,2026-08-25T09:55:44.823367+00:00,APPROVED,0,None
593fca2c-d974-41f8-a4e4-ec4cdbe9b0c6,38,1279.46,Bescom,Utilities,"Hyderabad, IN",device-mobile-038,2026-08-25T10:13:10.823367+00:00,APPROVED,0,None
cdc46e7f-dade-4a93-bea0-feb253378527,18,1829.13,H&M,Shopping,"Bengaluru, IN",device-mobile-018,2026-08-25T10:46:22.823367+00:00,APPROVED,0,None
5c5ef648-f3b5-4d61-98e1-a2a9b7be2066,38,573.03,PVR Cinemas,Entertainment,"Hyderabad, IN",device-mobile-038,2026-08-25T10:55:18.823367+00:00,APPROVED,0,None
0c04a69a-eeaf-4336-b3f9-5b372fa6cbb9,36,3411.01,Barbeque Nation,Food & Dining,"Mumbai, IN",device-laptop-036,2026-08-25T10:56:53.823367+00:00,APPROVED,0,None
ca759d83-448e-4166-87cf-de3a86eea64e,3,3907.22,Amazon India,Shopping,"Delhi, IN",device-mobile-003,2026-08-25T11:14:39.823367+00:00,APPROVED,0,None
529b2230-3243-42ec-9a18-94d60d243961,41,1356.35,Vijay Sales,Electronics,"Ahmedabad, IN",device-mobile-041,2026-08-25T11:20:40.823367+00:00,APPROVED,0,None
ae91b2ed-2404-4d68-92fb-c84b9035f3d8,41,892.59,MakeMyTrip,Travel,"Ahmedabad, IN",device-mobile-041,2026-08-25T11:43:23.823367+00:00,APPROVED,0,None
cc0c797d-ee52-478f-8a03-fe1985158362,47,2470.08,Uber,Travel,"Bengaluru, IN",device-mobile-047,2026-08-25T11:51:58.823367+00:00,APPROVED,0,None
583be0db-393f-4a9d-bb50-f6853c9c4243,13,4249.63,Samsung Store,Electronics,"Hyderabad, IN",device-mobile-013,2026-08-25T11:56:25.823367+00:00,APPROVED,0,None
341c9b55-fba4-41c5-935e-6a90e4d12e5e,38,2871.31,Swiggy,Food & Dining,"Hyderabad, IN",device-mobile-038,2026-08-25T12:08:53.823367+00:00,APPROVED,0,None
e67ccd12-edf7-4546-bfb8-77df0a8ce896,8,1431.12,Tata Power,Utilities,"Kolkata, IN",device-mobile-008,2026-08-25T12:21:08.823367+00:00,APPROVED,0,None
df9f68b9-846c-477d-95ee-530238ca0a91,48,1105.11,Samsung Store,Electronics,"Bengaluru, IN",device-mobile-048,2026-08-25T12:33:05.823367+00:00,APPROVED,0,None
4eaa8509-19d5-473b-8c07-f93f730c59cb,19,1059.64,Reliance Digital,Electronics,"Kolkata, IN",device-mobile-019,2026-08-25T12:45:07.823367+00:00,APPROVED,0,None
6aef144c-62c6-4536-ba6e-cc313c64a50b,38,1306.16,DMart,Groceries,"Mumbai, IN",device-mobile-038,2026-08-25T12:59:25.823367+00:00,APPROVED,0,None
c3337804-5536-410a-8570-b5ed1708111a,41,552.68,IRCTC,Travel,"Ahmedabad, IN",device-mobile-041,2026-08-25T13:15:25.823367+00:00,APPROVED,0,None
f47886e8-b368-424a-9d14-895317ddcf77,48,3059.09,Instamart,Groceries,"Bengaluru, IN",device-mobile-048,2026-08-25T13:17:39.823367+00:00,APPROVED,0,None
197a8e49-a55c-4cbd-906c-d49bd48b7889,47,860.59,McDonald's,Food & Dining,"Bengaluru, IN",device-mobile-047,2026-08-25T13:25:23.823367+00:00,APPROVED,0,None
0ae526d0-9f59-4aa3-988d-a6c56569b92e,21,2806.65,Myntra,Shopping,"Chennai, IN",device-mobile-021,2026-08-25T13:25:51.823367+00:00,APPROVED,0,None
94a61e94-651a-4187-abbe-39eae7d4c2ff,49,880.51,Amazon India,Shopping,"Delhi, IN",device-laptop-049,2026-08-25T13:26:27.823367+00:00,APPROVED,0,None
c4fea87a-b52b-4ae0-abf2-94c1015bcad4,48,907.61,Flipkart,Shopping,"Bengaluru, IN",device-mobile-048,2026-08-25T13:26:58.823367+00:00,APPROVED,0,None
9a5fa100-b0fc-4c57-9d47-c7de1c77b09f,19,4121.45,Zomato,Food & Dining,"Kolkata, IN",device-mobile-019,2026-08-25T13:31:16.823367+00:00,APPROVED,0,None
d656ef06-8b35-44ea-871c-630c5945da1e,36,4456.45,BookMyShow,Entertainment,"Mumbai, IN",device-mobile-036,2026-08-25T13:33:36.823367+00:00,APPROVED,0,None
9945f547-3278-4d6b-a97a-3d15f67f3441,40,1985.12,Zomato,Food & Dining,"Ahmedabad, IN",device-mobile-040,2026-08-25T13:38:47.823367+00:00,APPROVED,0,None
65011194-f5ef-4d8d-97d2-31099258ce3a,28,648.03,Amazon India,Shopping,"Chennai, IN",device-mobile-028,2026-08-25T13:41:33.823367+00:00,APPROVED,0,None
1aa55a1a-1a05-4f13-bc52-02641c9ec2a7,27,618.11,Zepto,Groceries,"Chennai, IN",device-mobile-027,2026-08-25T13:56:10.823367+00:00,APPROVED,0,None
7e54fb0c-f17a-4bec-aa23-1086253710a4,8,3303.49,Flipkart,Shopping,"Delhi, IN",device-mobile-008,2026-08-25T14:00:11.823367+00:00,APPROVED,0,None
154b2313-0e37-4894-a7b1-59c1c845e225,32,1504.77,Amazon India,Shopping,"Hyderabad, IN",device-mobile-032,2026-08-25T14:16:02.823367+00:00,APPROVED,0,None
fb1d6e73-b1ac-4b5f-a850-fff2f157af1e,30,784.68,Starbucks,Food & Dining,"Bengaluru, IN",device-mobile-030,2026-08-25T14:18:00.823367+00:00,APPROVED,0,None
066261a1-832b-4bfe-9a12-6f02f2ccf4ac,46,3757.88,BookMyShow,Entertainment,"Delhi, IN",device-laptop-046,2026-08-25T14:27:01.823367+00:00,APPROVED,0,None
9918741b-fa40-4d65-b909-533ac42d2184,7,833.31,Barbeque Nation,Food & Dining,"Mumbai, IN",device-mobile-007,2026-08-25T14:45:59.823367+00:00,APPROVED,0,None
97a714b0-2623-40d3-8a87-06b3dfa70969,19,2614.74,Myntra,Shopping,"Kolkata, IN",device-mobile-019,2026-08-25T15:09:04.823367+00:00,APPROVED,0,None
1dfd1e91-dbe0-4825-b6c0-e16284f82c5a,11,431.79,Airtel Bill,Utilities,"Delhi, IN",device-mobile-011,2026-08-25T15:16:37.823367+00:00,APPROVED,0,None
aba5c5ee-a36c-44b3-bc6c-6dda3b5d57e3,16,778.25,Vijay Sales,Electronics,"Pune, IN",device-mobile-016,2026-08-25T15:32:24.823367+00:00,APPROVED,0,None
16279df7-5298-4474-8961-9f12c7f3f11d,44,3453.95,Zepto,Groceries,"Kolkata, IN",device-mobile-044,2026-08-25T15:38:48.823367+00:00,APPROVED,0,None
7faf0e74-dca8-47ac-a7ef-1996eb92ef95,12,2623.08,Blinkit,Groceries,"Chennai, IN",device-mobile-012,2026-08-25T15:50:23.823367+00:00,APPROVED,0,None
7d40e36d-1fb2-473a-b2b4-3beafc83faa9,35,6734.06,Uber,Travel,"Mumbai, IN",device-mobile-035,2026-08-25T15:50:31.823367+00:00,APPROVED,0,None
8e9859b1-624d-4bca-a55f-48d5a10aeb0c,33,716.3,IRCTC,Travel,"Kolkata, IN",device-mobile-033,2026-08-25T16:03:30.823367+00:00,APPROVED,0,None
0b03d4fe-c61f-4c85-a89d-e27d0f35331e,27,1124.84,Uber,Travel,"Chennai, IN",device-mobile-027,2026-08-25T16:13:43.823367+00:00,APPROVED,0,None
39d2d721-a522-4df0-aac9-244a29248633,33,485.38,Spotify,Entertainment,"Kolkata, IN",device-mobile-033,2026-08-25T16:29:56.823367+00:00,APPROVED,0,None
7205d33a-0cc5-4f25-a560-5a89da77687c,4,2683.13,Instamart,Groceries,"Bengaluru, IN",device-mobile-004,2026-08-25T16:30:33.823367+00:00,APPROVED,0,None
db8b1513-b503-480c-90b0-46af3fae7f79,13,3057.03,Ajio,Shopping,"Hyderabad, IN",device-mobile-013,2026-08-25T16:34:48.823367+00:00,APPROVED,0,None
2351449d-1068-48da-aee7-a90b567eef37,43,24989.21,Amazon India,Shopping,"Pune, IN",device-mobile-043,2026-08-25T16:48:53.823367+00:00,SUSPICIOUS,1,RAPID_BURST
6fa956dd-65f7-4b17-a0cf-214bc9cc0ddf,13,6606.09,DMart,Groceries,"Hyderabad, IN",device-mobile-013,2026-08-25T16:55:07.823367+00:00,APPROVED,0,None
9f2a3107-8ca7-4301-9e68-f90a98f145e4,44,2748.78,Spotify,Entertainment,"Kolkata, IN",device-mobile-044,2026-08-25T17:07:20.823367+00:00,APPROVED,0,None
b84ce22e-682d-4c14-bb55-0e404c8868a9,28,1624.92,PVR Cinemas,Entertainment,"Chennai, IN",device-mobile-028,2026-08-25T17:08:33.823367+00:00,APPROVED,0,None
1d2b0212-e773-4da2-9bfc-e2b12570b0a8,7,577.35,Dominos,Food & Dining,"Mumbai, IN",device-mobile-007,2026-08-25T17:17:37.823367+00:00,APPROVED,0,None
9d0a67c9-ca43-4ba2-abd2-185abcffa6c2,30,1109.99,Amazon India,Shopping,"Bengaluru, IN",device-laptop-030,2026-08-25T17:21:40.823367+00:00,APPROVED,0,None
d66d15f0-b43c-45e8-8e37-60cc99edfe45,20,1011.81,Steam Games,Entertainment,"Pune, IN",device-mobile-020,2026-08-25T17:22:31.823367+00:00,APPROVED,0,None
4369780a-83db-4207-b798-2eb197651150,27,1205.34,H&M,Shopping,"Chennai, IN",device-mobile-027,2026-08-25T17:36:09.823367+00:00,APPROVED,0,None
49f68469-b0b7-4d12-8bea-acae1529ba9c,38,760.9,Zepto,Groceries,"Hyderabad, IN",device-mobile-038,2026-08-25T17:56:23.823367+00:00,APPROVED,0,None
6e060ab8-9ac1-4dc9-a782-d989af7ca6da,21,1146.97,IRCTC,Travel,"Chennai, IN",device-mobile-021,2026-08-25T18:23:15.823367+00:00,APPROVED,0,None
e5d33b15-8f69-4c14-8b8f-e6bd5872c745,6,1790.64,Dominos,Food & Dining,"Hyderabad, IN",device-mobile-006,2026-08-25T18:32:11.823367+00:00,APPROVED,0,None
2e3f0cd5-814b-4c9a-a4d3-31bb09e9c53d,42,997.08,Zara,Shopping,"Delhi, IN",device-mobile-042,2026-08-25T18:48:14.823367+00:00,APPROVED,0,None
665ed2a1-262e-4e88-b908-e6c7c011a9b1,31,1218.62,Uber,Travel,"Delhi, IN",device-mobile-031,2026-08-25T18:48:38.823367+00:00,APPROVED,0,None
f7df290a-12ea-436e-b958-8586d3c61837,43,232.18,Bescom,Utilities,"Pune, IN",device-mobile-043,2026-08-25T18:52:34.823367+00:00,APPROVED,0,None
28629849-1ea6-43d6-ab59-3da6e7da3a86,7,1102.07,Uber,Travel,"Mumbai, IN",device-mobile-007,2026-08-25T19:00:40.823367+00:00,APPROVED,0,None
a473b642-9fdb-4cd3-aa40-9c697ee4e141,16,601.68,Reliance Digital,Electronics,"Chennai, IN",device-mobile-016,2026-08-25T19:13:00.823367+00:00,APPROVED,0,None
7f1cc113-df35-48ff-9120-bc821f0cf8a6,21,4757.04,Steam Games,Entertainment,"Chennai, IN",device-mobile-021,2026-08-25T19:30:40.823367+00:00,APPROVED,0,None
01525050-1090-4bc8-9a60-ccf56d919df6,49,2441.92,Steam Games,Shopping,"Moscow, RU",device-botnet-50,2026-08-25T19:36:02.823367+00:00,FLAGGED,1,FAILED_ATTEMPT_STUFFING
a4a9003b-4023-43cf-8231-20154c8ff214,23,36630.99,Amazon India,Shopping,"Dubai, AE",device-mobile-023,2026-08-25T19:40:40.823367+00:00,SUSPICIOUS,1,LOCATION_HOPPING
d81af754-d9c0-419e-bedd-ef7e2974bdbc,44,3452.16,McDonald's,Food & Dining,"Kolkata, IN",device-mobile-044,2026-08-25T19:44:53.823367+00:00,APPROVED,0,None
08a2b7ad-9547-4b18-8dd8-0f20b1276d91,40,1762.96,Airtel Bill,Utilities,"Ahmedabad, IN",device-mobile-040,2026-08-25T19:51:12.823367+00:00,APPROVED,0,None
ddf63df4-2d76-44d6-b525-5799169462d2,10,6789.46,Amazon India,Shopping,"Mumbai, IN",device-mobile-010,2026-08-25T19:51:16.823367+00:00,SUSPICIOUS,1,RAPID_BURST
bd2246cb-990c-4696-9a25-ea612208bda3,49,2372.75,Ajio,Shopping,"Delhi, IN",device-mobile-049,2026-08-25T19:52:04.823367+00:00,APPROVED,0,None
811343fa-045e-446a-a8e3-4e82721bb785,23,1119.96,Uber,Travel,"Kolkata, IN",device-laptop-023,2026-08-25T19:56:37.823367+00:00,APPROVED,0,None
86c6c082-f5fe-4dad-ba00-7c6cd51bc18e,12,4756.89,Flipkart,Shopping,"Chennai, IN",device-mobile-012,2026-08-25T20:10:28.823367+00:00,APPROVED,0,None
39ce7f8c-7fc7-469a-9190-b68e517a3b09,33,511.36,Vijay Sales,Electronics,"Kolkata, IN",device-mobile-033,2026-08-25T20:14:13.823367+00:00,APPROVED,0,None
b7ee9d48-5136-4a36-8f86-6a37b669c230,9,3455.82,Amazon India,Shopping,"Pune, IN",device-mobile-009,2026-08-25T20:17:38.823367+00:00,APPROVED,0,None
ed171a31-c92e-451d-9800-147284ed4595,16,1050.85,Netflix,Entertainment,"Chennai, IN",device-mobile-016,2026-08-25T20:35:43.823367+00:00,APPROVED,0,None
c62bd04c-076d-4698-8361-be372388fe06,11,361.09,Apple Store,Electronics,"Delhi, IN",device-mobile-011,2026-08-25T20:37:26.823367+00:00,APPROVED,0,None
207bfd01-4ed6-40cf-a3cf-bb215ce99b46,27,1599.95,Myntra,Shopping,"Chennai, IN",device-mobile-027,2026-08-25T20:43:19.823367+00:00,APPROVED,0,None
25ac1594-8284-4fd5-859e-be516c0c5e0e,29,1750.72,Zara,Shopping,"Pune, IN",device-mobile-029,2026-08-25T20:44:34.823367+00:00,APPROVED,0,None
88c63802-5b27-47d2-a6e6-9958a15406fd,28,1762.22,Ajio,Shopping,"Kolkata, IN",device-mobile-028,2026-08-25T21:12:03.823367+00:00,APPROVED,0,None
ac8a92cd-1179-40b9-a604-8992763589fe,23,1655.1,Ajio,Shopping,"Hyderabad, IN",device-laptop-023,2026-08-25T21:18:13.823367+00:00,APPROVED,0,None
ddff6a4b-93c4-40ed-9108-ca0c4934e55d,7,890.16,Ajio,Shopping,"Hyderabad, IN",device-mobile-007,2026-08-25T21:22:03.823367+00:00,APPROVED,0,None
35adb80d-36e0-4ce7-bd17-db7ad945ddd3,9,1035.93,Adani Gas,Utilities,"Pune, IN",device-mobile-009,2026-08-25T21:37:16.823367+00:00,APPROVED,0,None
1c4665cb-aee5-4b4f-8f56-7483cc36df80,11,698.16,Amazon India,Shopping,"Delhi, IN",device-mobile-011,2026-08-25T21:59:46.823367+00:00,APPROVED,0,None
f64a8651-d14a-4fbb-991b-a12b09c01cfa,12,4692.65,Barbeque Nation,Food & Dining,"Chennai, IN",device-mobile-012,2026-08-25T22:01:23.823367+00:00,APPROVED,0,None
486240c8-fa6c-4a55-9f80-70888685aac1,11,668.37,MakeMyTrip,Travel,"Delhi, IN",device-laptop-011,2026-08-25T22:07:43.823367+00:00,APPROVED,0,None
50f3fb11-b9e9-447a-a322-bb5267042d80,29,3517.56,Blinkit,Groceries,"Pune, IN",device-mobile-029,2026-08-25T22:38:53.823367+00:00,APPROVED,0,None
09cb3b03-651c-43d4-8302-106a4bd15da2,20,9429.7,Rolex Boutique,Luxury & Jewelry,"Pune, IN",device-mobile-020,2026-08-25T22:39:15.823367+00:00,APPROVED,0,None
2840e7e8-4e2e-4d9f-9071-2c5fec9b2abf,27,1065.16,Instamart,Groceries,"Chennai, IN",device-mobile-027,2026-08-25T22:42:50.823367+00:00,APPROVED,0,None
343b2e59-d320-438a-95c2-0c1d8ce7bbb8,10,11774.66,Amazon India,Shopping,"Mumbai, IN",device-mobile-010,2026-08-25T22:45:45.823367+00:00,SUSPICIOUS,1,RAPID_BURST
18cb9de4-624e-4ad8-a291-00f5c88df385,6,1238.56,Blinkit,Groceries,"Hyderabad, IN",device-mobile-006,2026-08-25T22:47:58.823367+00:00,APPROVED,0,None
f2a32e7e-27dc-45dd-aff4-cc280e99489c,50,958.83,Instamart,Groceries,"Kolkata, IN",device-laptop-050,2026-08-25T23:01:45.823367+00:00,APPROVED,0,None
ba14ac91-a793-441f-9dd3-bfabc4f95885,26,5392.64,Netflix,Entertainment,"Ahmedabad, IN",device-mobile-026,2026-08-25T23:13:48.823367+00:00,APPROVED,0,None
c4649e38-addf-4cf5-9cd8-0aa504a0773c,6,2351.65,Rolex Boutique,Luxury & Jewelry,"Hyderabad, IN",device-mobile-006,2026-08-25T23:14:03.823367+00:00,APPROVED,0,None
e93c6275-dbb4-47f7-a207-ff0e53aedd09,23,761.46,Instamart,Groceries,"Hyderabad, IN",device-mobile-023,2026-08-25T23:27:13.823367+00:00,APPROVED,0,None
b3865158-f07b-4869-b6a5-10cde747bf19,39,5279.28,Bescom,Utilities,"Chennai, IN",device-mobile-039,2026-08-25T23:40:13.823367+00:00,APPROVED,0,None
5ee21c28-a62c-43f7-95f0-6ecc5077f811,50,876.2,Dominos,Food & Dining,"Kolkata, IN",device-mobile-050,2026-08-25T23:55:01.823367+00:00,APPROVED,0,None
48641515-9dcf-49f0-880f-3759d9445861,46,2915.47,Bescom,Utilities,"Delhi, IN",device-mobile-046,2026-08-26T00:10:13.823367+00:00,APPROVED,0,None
71c097fb-ef5d-41e9-ba07-393bc4a64bff,41,1651.86,BigBasket,Groceries,"Ahmedabad, IN",device-mobile-041,2026-08-26T00:19:02.823367+00:00,APPROVED,0,None
f4691621-d406-4639-ab26-5e472726f3b5,42,1454.8,Airtel Bill,Utilities,"Delhi, IN",device-mobile-042,2026-08-26T00:27:30.823367+00:00,APPROVED,0,None
07166a3d-8b24-473f-997b-8122307a0376,33,6450.45,Amazon India,Shopping,"Kolkata, IN",device-mobile-033,2026-08-26T00:28:32.823367+00:00,SUSPICIOUS,1,RAPID_BURST
329939a6-9fb0-41f6-ae7a-a2b308f587b0,43,403.31,Airtel Bill,Utilities,"Pune, IN",device-mobile-043,2026-08-26T00:35:16.823367+00:00,APPROVED,0,None
bbd169d7-ac41-4393-8abf-876e42f9125b,34,9829.87,MakeMyTrip,Travel,"Hyderabad, IN",device-laptop-034,2026-08-26T01:02:33.823367+00:00,APPROVED,0,None
1ce018e1-6dfc-4182-b9a8-a563c641f95b,35,3538.76,MakeMyTrip,Travel,"Mumbai, IN",device-mobile-035,2026-08-26T01:13:44.823367+00:00,APPROVED,0,None
1931bc23-71b4-4aaf-9b99-f9ebf767e43a,23,1575.74,PVR Cinemas,Entertainment,"Hyderabad, IN",device-mobile-023,2026-08-26T01:22:27.823367+00:00,APPROVED,0,None
d8a015cf-aba5-4fda-bda0-1ed6b01286b5,12,10027.06,Tata Power,Utilities,"Chennai, IN",device-mobile-012,2026-08-26T01:36:37.823367+00:00,APPROVED,0,None
0755d640-cb45-4d14-9f7e-0fd67f4afe23,19,1943.55,Airtel Bill,Utilities,"Kolkata, IN",device-mobile-019,2026-08-26T01:50:47.823367+00:00,APPROVED,0,None
c99c0518-5c03-4b26-91e7-6d4cf5f766fd,21,1764.64,IRCTC,Travel,"Chennai, IN",device-laptop-021,2026-08-26T01:55:20.823367+00:00,APPROVED,0,None
05449cc0-ded4-4925-8285-b8626e643fcd,37,1407.28,Zomato,Food & Dining,"Kolkata, IN",device-mobile-037,2026-08-26T02:17:07.823367+00:00,APPROVED,0,None
7d69b5a6-d31e-42dd-b3d0-d2497b9c1d4a,27,829.98,Uber,Travel,"Chennai, IN",device-mobile-027,2026-08-26T02:22:09.823367+00:00,APPROVED,0,None
b0ac8fe3-1a31-4295-ac4b-0b3aa977e369,3,2023.67,Blinkit,Groceries,"Delhi, IN",device-mobile-003,2026-08-26T02:32:07.823367+00:00,APPROVED,0,None
82539d29-4604-4a8e-bfe5-3873f79e3579,25,1936.96,MakeMyTrip,Travel,"Bengaluru, IN",device-mobile-025,2026-08-26T02:33:46.823367+00:00,APPROVED,0,None
fbcbd200-aa00-4dbf-8a00-e98e51e7b29f,22,1169.06,Apple Store,Electronics,"Bengaluru, IN",device-mobile-022,2026-08-26T02:40:06.823367+00:00,APPROVED,0,None
e43d8d6e-b2e0-497c-b51c-a33f5b4ebdd0,45,1710.26,Zara,Shopping,"Kolkata, IN",device-mobile-045,2026-08-26T02:52:49.823367+00:00,APPROVED,0,None
a79bdfeb-b2d1-4203-89b3-78537e169f5a,18,4981.57,Spotify,Entertainment,"Bengaluru, IN",device-mobile-018,2026-08-26T02:56:33.823367+00:00,APPROVED,0,None
b592f2ed-dd99-47ad-a47b-464da8fe81a1,46,24495.2,Amazon India,Shopping,"Delhi, IN",device-mobile-046,2026-08-26T03:21:58.823367+00:00,SUSPICIOUS,1,RAPID_BURST
f8b4b2f0-3ed3-4647-a760-550fc46960e6,6,649.87,Swiggy,Food & Dining,"Hyderabad, IN",device-mobile-006,2026-08-26T03:29:00.823367+00:00,APPROVED,0,None
d2ae7e75-a3cd-49cd-aa70-c40e1c4890bc,13,4396.29,Nature's Basket,Groceries,"Mumbai, IN",device-mobile-013,2026-08-26T03:44:18.823367+00:00,APPROVED,0,None
8356dc11-f7ac-4917-9252-295e7fdd7d91,10,1521.33,BigBasket,Groceries,"Mumbai, IN",device-mobile-010,2026-08-26T03:46:39.823367+00:00,APPROVED,0,None
6d0b50a3-e821-40a4-a5a1-db101bd8a30d,21,2117.23,MakeMyTrip,Travel,"Chennai, IN",device-mobile-021,2026-08-26T03:54:01.823367+00:00,APPROVED,0,None
3c8a23c6-9cbe-4211-909f-5e6926710f49,9,103909.03,Apple Store,Electronics,"Pune, IN",device-mobile-009,2026-08-26T04:13:53.823367+00:00,FLAGGED,1,HIGH_AMOUNT_SPIKE
95cfc47f-7b8b-4747-abcc-1080a103be57,6,942.61,BookMyShow,Entertainment,"Hyderabad, IN",device-mobile-006,2026-08-26T04:28:22.823367+00:00,APPROVED,0,None
9c539904-10a0-446f-b216-504a9badfd67,31,3619.93,Tata Power,Utilities,"Delhi, IN",device-mobile-031,2026-08-26T04:28:36.823367+00:00,APPROVED,0,None
d16b6ae1-916b-438a-b0df-45bcb1424ae7,32,3054.96,Amazon India,Shopping,"Hyderabad, IN",device-mobile-032,2026-08-26T04:32:54.823367+00:00,APPROVED,0,None
501249f3-2ee3-4d44-81fb-5bddfc97ccca,3,1985.9,Tata Power,Utilities,"Delhi, IN",device-mobile-003,2026-08-26T04:35:09.823367+00:00,APPROVED,0,None
eaa72129-8382-4557-9954-8f3133c16268,2,2708.57,Adani Gas,Utilities,"Pune, IN",device-mobile-002,2026-08-26T04:37:15.823367+00:00,APPROVED,0,None
f80ed494-caa6-4eb8-a463-28aa608877f4,34,2293.52,MakeMyTrip,Travel,"Hyderabad, IN",device-mobile-034,2026-08-26T04:40:20.823367+00:00,APPROVED,0,None
0be772eb-18b6-4f3b-9ae0-2188db2a7d91,22,629.26,Ajio,Shopping,"Delhi, IN",device-mobile-022,2026-08-26T04:51:29.823367+00:00,APPROVED,0,None
fd30fd46-d857-4465-8e93-622cf28cdadb,2,3049.69,DMart,Groceries,"Pune, IN",device-mobile-002,2026-08-26T05:01:48.823367+00:00,APPROVED,0,None
a4ea800e-b035-4fe8-bc03-29c827f28ed2,23,3177.9,Spotify,Entertainment,"Hyderabad, IN",device-laptop-023,2026-08-26T05:09:36.823367+00:00,APPROVED,0,None
72763a56-8f80-4fd3-b4d5-30989d5028d5,44,2303.11,MakeMyTrip,Travel,"Kolkata, IN",device-mobile-044,2026-08-26T05:35:19.823367+00:00,APPROVED,0,None
7face571-d936-4221-acd7-08f8a81d74f9,21,6757.39,Flipkart,Shopping,"Chennai, IN",device-mobile-021,2026-08-26T05:39:38.823367+00:00,APPROVED,0,None
eea10c8d-c714-4e42-b37b-b4d172d26d30,34,5857.65,Nature's Basket,Groceries,"Hyderabad, IN",device-mobile-034,2026-08-26T05:40:09.823367+00:00,APPROVED,0,None
3c00105e-cdee-4f72-930a-3539ee9bab78,40,1621.83,Bescom,Utilities,"Ahmedabad, IN",device-mobile-040,2026-08-26T05:44:25.823367+00:00,APPROVED,0,None
9e0f0b51-52c8-4c1e-8792-9261f6276c1e,19,800.54,Zomato,Food & Dining,"Kolkata, IN",device-mobile-019,2026-08-26T06:00:52.823367+00:00,APPROVED,0,None
198b4a71-07b5-411e-a8fe-c12b3afcb823,35,3331.27,Ajio,Shopping,"Mumbai, IN",device-mobile-035,2026-08-26T06:03:29.823367+00:00,APPROVED,0,None
b0706373-150d-43ed-be76-dd0b3740c036,46,2645.63,Amazon India,Shopping,"Delhi, IN",device-laptop-046,2026-08-26T06:04:16.823367+00:00,APPROVED,0,None
fe04df90-e7b0-4f62-b2e4-82edaba2d00c,22,1184.51,Nature's Basket,Groceries,"Bengaluru, IN",device-mobile-022,2026-08-26T06:10:23.823367+00:00,APPROVED,0,None
a3b989b2-a3ce-4eea-8d36-e23cb8ad438a,31,2008.85,Airtel Bill,Utilities,"Delhi, IN",device-mobile-031,2026-08-26T06:30:11.823367+00:00,APPROVED,0,None
11fde43e-3525-463e-84db-b2dd8393476f,7,801.8,Tata Power,Utilities,"Mumbai, IN",device-mobile-007,2026-08-26T06:49:08.823367+00:00,APPROVED,0,None
6c6566fd-b50b-4cf4-a5a9-133be7f2f1d1,38,1362.9,Samsung Store,Electronics,"Hyderabad, IN",device-mobile-038,2026-08-26T06:49:23.823367+00:00,APPROVED,0,None
f4f47294-6a0f-4910-aae7-7ca252e36d15,36,3254.4,Zara,Shopping,"Mumbai, IN",device-mobile-036,2026-08-26T07:08:08.823367+00:00,APPROVED,0,None
fcb946f8-5ac6-4c13-a766-5c3b9f5cc69a,40,4211.32,Flipkart,Shopping,"Ahmedabad, IN",device-mobile-040,2026-08-26T07:19:32.823367+00:00,APPROVED,0,None
cc3ea222-c963-491f-8f20-60c2514691bb,41,1290.7,BookMyShow,Entertainment,"Ahmedabad, IN",device-mobile-041,2026-08-26T07:28:38.823367+00:00,APPROVED,0,None
50178da0-0e83-4183-b5a9-3f11ecd4d3d1,22,718.31,Flipkart,Shopping,"Bengaluru, IN",device-mobile-022,2026-08-26T07:45:53.823367+00:00,APPROVED,0,None
27e99ba5-5255-4a07-a65a-790953f8ce0e,29,1951.13,Malabar Gold,Luxury & Jewelry,"Pune, IN",device-mobile-029,2026-08-26T07:53:54.823367+00:00,APPROVED,0,None
6bb43752-9397-4838-8379-ba9ad8722ff4,4,2535.02,Myntra,Shopping,"Bengaluru, IN",device-mobile-004,2026-08-26T07:54:37.823367+00:00,APPROVED,0,None
d8c9685e-2358-4ab0-9ae7-a4ccd63121cc,49,2176.83,Steam Games,Shopping,"Bucharest, RO",device-botnet-68,2026-08-26T07:57:45.823367+00:00,FLAGGED,1,FAILED_ATTEMPT_STUFFING
204d49ce-8c8a-42f4-b206-0e1fb279c37c,6,1359.25,Jio Recharge,Utilities,"Hyderabad, IN",device-mobile-006,2026-08-26T08:04:32.823367+00:00,APPROVED,0,None
06e46978-4b9f-4b34-8048-e85462b4ec83,7,262.97,Jio Recharge,Utilities,"Mumbai, IN",device-mobile-007,2026-08-26T08:04:39.823367+00:00,APPROVED,0,None
65a927c7-e778-43b7-9696-8eb3662451ed,8,2456.47,IndiGo,Travel,"Kolkata, IN",device-mobile-008,2026-08-26T08:04:51.823367+00:00,APPROVED,0,None
2dd7f3d3-53be-4701-984b-0658ce599e0f,8,6739.65,Vijay Sales,Electronics,"Kolkata, IN",device-mobile-008,2026-08-26T08:14:50.823367+00:00,APPROVED,0,None
6098075f-a71f-4883-9acb-0d916fe89b41,18,2163.06,Netflix,Entertainment,"Bengaluru, IN",device-mobile-018,2026-08-26T08:27:17.823367+00:00,APPROVED,0,None
6eda5261-0956-46e6-92fd-464de6a31164,6,1041.66,Zara,Shopping,"Hyderabad, IN",device-mobile-006,2026-08-26T08:30:50.823367+00:00,APPROVED,0,None
cab22fa1-a1d9-4760-8a20-cbca83fa90ab,15,685.16,MakeMyTrip,Travel,"Kolkata, IN",device-mobile-015,2026-08-26T08:45:52.823367+00:00,APPROVED,0,None
1727edf2-3142-4de2-b879-071ac503eafe,32,1637.95,Myntra,Shopping,"Hyderabad, IN",device-mobile-032,2026-08-26T08:54:42.823367+00:00,APPROVED,0,None
e9a31bc6-6e65-4616-a83f-1678dfebd7eb,14,1107.22,MakeMyTrip,Travel,"Chennai, IN",device-mobile-014,2026-08-26T09:03:52.823367+00:00,APPROVED,0,None
62ffc6d3-5e5c-4e04-8e38-0b486b0060c2,28,2294.0,Amazon India,Shopping,"Chennai, IN",device-mobile-028,2026-08-26T09:09:23.823367+00:00,APPROVED,0,None
ac360d2b-3b5b-451a-9232-a93f03f47b2e,40,815.35,IRCTC,Travel,"Ahmedabad, IN",device-mobile-040,2026-08-26T09:46:41.823367+00:00,APPROVED,0,None
7c98774e-ab01-4d4f-9fb4-1cb56deab42a,26,4288.17,Booking.com,Travel,"Ahmedabad, IN",device-mobile-026,2026-08-26T09:46:54.823367+00:00,APPROVED,0,None
705a3757-e8a1-4b10-be10-c6c4ac971d9d,46,3522.16,Reliance Digital,Electronics,"Delhi, IN",device-laptop-046,2026-08-26T09:52:30.823367+00:00,APPROVED,0,None
f20c0876-7f46-4f07-a766-ea77ffe274b2,13,7375.7,Spotify,Entertainment,"Hyderabad, IN",device-mobile-013,2026-08-26T09:57:55.823367+00:00,APPROVED,0,None
1703bb1d-874b-44b0-9bd9-f9615c36e6f9,24,1952.82,Apple Store,Electronics,"Bengaluru, IN",device-mobile-024,2026-08-26T10:05:19.823367+00:00,APPROVED,0,None
d703282e-1363-4690-bdeb-93e608e73456,36,3426.5,Booking.com,Travel,"Mumbai, IN",device-laptop-036,2026-08-26T10:19:04.823367+00:00,APPROVED,0,None
cbefe24a-ec2e-48ca-92a9-8a98d614de79,31,1795.55,Nature's Basket,Groceries,"Delhi, IN",device-mobile-031,2026-08-26T10:20:37.823367+00:00,APPROVED,0,None
30c70f7f-7f92-4522-8974-3e4872db150c,7,935.94,DMart,Groceries,"Mumbai, IN",device-laptop-007,2026-08-26T10:33:15.823367+00:00,APPROVED,0,None
f49fb1d0-49ff-46d4-abcc-16455aa0f25e,50,601.32,Reliance Digital,Electronics,"Kolkata, IN",device-mobile-050,2026-08-26T10:42:51.823367+00:00,APPROVED,0,None
207423a5-e9e7-43e7-9522-19e6e39d818c,24,687.81,Apple Store,Electronics,"Pune, IN",device-mobile-024,2026-08-26T10:45:45.823367+00:00,APPROVED,0,None
91782060-17ba-4cb9-8a69-08c320f7eba8,44,5828.71,Starbucks,Food & Dining,"Kolkata, IN",device-mobile-044,2026-08-26T11:01:35.823367+00:00,APPROVED,0,None
053bd076-afa3-453c-935a-c994540101e2,35,1109.32,Tata Power,Utilities,"Mumbai, IN",device-mobile-035,2026-08-26T11:34:46.823367+00:00,APPROVED,0,None
7995d5ea-3e26-48eb-826b-ebf21e845032,11,492.62,McDonald's,Food & Dining,"Delhi, IN",device-laptop-011,2026-08-26T11:47:59.823367+00:00,APPROVED,0,None
bf8f337f-67bf-4334-b4ef-abdcc769af96,32,1327.31,H&M,Shopping,"Hyderabad, IN",device-mobile-032,2026-08-26T11:55:06.823367+00:00,APPROVED,0,None
568fa1fa-780f-4e98-8fc3-8c05e3ee080b,17,1446.3,Netflix,Entertainment,"Mumbai, IN",device-mobile-017,2026-08-26T12:16:52.823367+00:00,APPROVED,0,None
3137b612-9ecf-49de-8914-5a8ba3a64252,44,2157.43,Myntra,Shopping,"Kolkata, IN",device-laptop-044,2026-08-26T12:27:59.823367+00:00,APPROVED,0,None
1ffb2051-892e-421a-bb9f-f90da961192e,1,1781.58,Croma,Electronics,"Bengaluru, IN",device-mobile-001,2026-08-26T12:55:07.823367+00:00,APPROVED,0,None
cec080f7-951e-424a-a657-690a7f628146,21,1855.09,Rolex Boutique,Luxury & Jewelry,"Chennai, IN",device-laptop-021,2026-08-26T13:06:20.823367+00:00,APPROVED,0,None
2bfa82bd-9425-4db7-bbb3-4b23642782ee,18,1234.09,Amazon India,Shopping,"Bengaluru, IN",device-laptop-018,2026-08-26T13:10:59.823367+00:00,APPROVED,0,None
340ebc85-4476-4bb9-9910-1433d02532e9,45,574.19,Zepto,Groceries,"Kolkata, IN",device-mobile-045,2026-08-26T13:20:24.823367+00:00,APPROVED,0,None
2ef7f2a7-da3c-4556-9730-0efefe891f95,50,708.26,Myntra,Shopping,"Kolkata, IN",device-mobile-050,2026-08-26T13:27:19.823367+00:00,APPROVED,0,None
140f8bc1-1d6e-4aa7-91ff-5ca07adc57be,14,1611.81,Adani Gas,Utilities,"Chennai, IN",device-mobile-014,2026-08-26T13:40:50.823367+00:00,APPROVED,0,None
3cdf10c6-4650-491d-90d3-2f113aa26c2a,42,208462.2,Apple Store,Electronics,"Delhi, IN",device-mobile-042,2026-08-26T14:06:09.823367+00:00,FLAGGED,1,HIGH_AMOUNT_SPIKE
c4ab9782-9a75-42bf-adec-ead9cb367e30,27,1127.78,Starbucks,Food & Dining,"Chennai, IN",device-mobile-027,2026-08-26T14:46:27.823367+00:00,APPROVED,0,None
ac3dd24c-d34a-4d76-9352-e74c9ac87c17,2,4104.53,Instamart,Groceries,"Pune, IN",device-mobile-002,2026-08-26T14:49:08.823367+00:00,APPROVED,0,None
3a3ef732-df2d-4a4a-b1a6-6f2efdc5def3,45,1313.01,MakeMyTrip,Travel,"Kolkata, IN",device-mobile-045,2026-08-26T15:08:59.823367+00:00,APPROVED,0,None
8444965a-90a4-41dd-ada8-84b774bb697f,50,1064.53,BookMyShow,Entertainment,"Kolkata, IN",device-mobile-050,2026-08-26T15:23:18.823367+00:00,APPROVED,0,None
112cb97a-966b-41cf-9393-2f0d669ec88e,47,89676.33,Malabar Gold,Luxury & Jewelry,"Bengaluru, IN",device-mobile-047,2026-08-26T15:40:43.823367+00:00,FLAGGED,1,HIGH_AMOUNT_SPIKE
56157bd0-3f64-4a7d-ba2a-af068273e3ea,25,1931.85,Ola,Travel,"Bengaluru, IN",device-mobile-025,2026-08-26T15:43:08.823367+00:00,APPROVED,0,None
e6bd9c8b-bc62-4dc4-bba4-26c93b34b485,44,2465.24,Steam Games,Entertainment,"Kolkata, IN",device-mobile-044,2026-08-26T15:43:51.823367+00:00,APPROVED,0,None
cd92b783-c510-42e0-88e8-0a848b0a351c,18,1349.07,MakeMyTrip,Travel,"Bengaluru, IN",device-mobile-018,2026-08-26T16:08:57.823367+00:00,APPROVED,0,None
58735900-b7da-4dab-83a3-f1b5a9b5003c,16,513.72,Bescom,Utilities,"Chennai, IN",device-mobile-016,2026-08-26T16:19:18.823367+00:00,APPROVED,0,None
1c984627-66fd-4401-a357-6d7f6ffff0ad,23,1675.97,Tiffany & Co,Luxury & Jewelry,"Hyderabad, IN",device-mobile-023,2026-08-26T16:24:00.823367+00:00,APPROVED,0,None
72eca1c3-2488-4da9-b6a7-eeb088914716,26,2842.54,Uber,Travel,"Ahmedabad, IN",device-mobile-026,2026-08-26T16:37:54.823367+00:00,APPROVED,0,None
1e26c748-e69a-4715-81b8-046b1c737fd6,21,5734.1,Jio Recharge,Utilities,"Chennai, IN",device-mobile-021,2026-08-26T16:51:59.823367+00:00,APPROVED,0,None
176d945f-8389-4589-b0ed-1d115513acdb,41,799.78,Jio Recharge,Utilities,"Kolkata, IN",device-mobile-041,2026-08-26T16:55:30.823367+00:00,APPROVED,0,None
89701b44-9ba5-4061-ae57-b37836a48ebd,5,1301.87,Ola,Travel,"Mumbai, IN",device-mobile-005,2026-08-26T16:56:27.823367+00:00,APPROVED,0,None
b7680468-cfd3-426c-b39d-892f09372434,9,1567.98,Booking.com,Travel,"Pune, IN",device-mobile-009,2026-08-26T17:02:23.823367+00:00,APPROVED,0,None
de73ef3d-7665-4bb2-ae8d-acbd1717e4b4,11,448.55,Bescom,Utilities,"Delhi, IN",device-laptop-011,2026-08-26T17:08:29.823367+00:00,APPROVED,0,None
ab34e768-fb89-4490-abcd-38f8f72e8835,9,905.83,Vijay Sales,Electronics,"Chennai, IN",device-mobile-009,2026-08-26T17:23:11.823367+00:00,APPROVED,0,None
c97ca37d-d33e-47bc-97cf-997e9e50b1b0,34,3058.01,Uber,Travel,"Hyderabad, IN",device-mobile-034,2026-08-26T17:41:49.823367+00:00,APPROVED,0,None
efbd0eb0-a666-4739-a19c-b35bf222c8c9,9,1327.41,Myntra,Shopping,"Pune, IN",device-mobile-009,2026-08-26T17:50:05.823367+00:00,APPROVED,0,None
51441b39-f6d0-4871-bc86-07b679e2fdee,8,2239.58,Blinkit,Groceries,"Kolkata, IN",device-mobile-008,2026-08-26T17:50:06.823367+00:00,APPROVED,0,None
6a8dcdc9-91bc-4889-8752-237b33dba3ae,8,1955.39,Jio Recharge,Utilities,"Kolkata, IN",device-mobile-008,2026-08-26T18:20:24.823367+00:00,APPROVED,0,None
68f7b2aa-0558-4993-ac16-62692ebe2e42,40,2146.51,Ajio,Shopping,"Ahmedabad, IN",device-mobile-040,2026-08-26T18:23:59.823367+00:00,APPROVED,0,None
a7ce4fa6-ed9d-4a06-be6d-31220f6ebaa5,30,728.36,Amazon India,Shopping,"Bengaluru, IN",device-mobile-030,2026-08-26T18:53:32.823367+00:00,APPROVED,0,None
3a3b91ac-2f6a-40c9-bcf3-5d821dc20ee0,43,320.52,Croma,Electronics,"Pune, IN",device-mobile-043,2026-08-26T19:03:49.823367+00:00,APPROVED,0,None
46f2885b-0949-467a-876e-fb3e8ca17efc,23,16390.73,Booking.com,Travel,"London, UK",device-mobile-023,2026-08-26T19:06:22.823367+00:00,SUSPICIOUS,1,LOCATION_HOPPING
d96eb0f3-f52a-4af8-b6f3-4afdd7b2b67f,26,4533.86,H&M,Shopping,"Ahmedabad, IN",device-mobile-026,2026-08-26T19:22:40.823367+00:00,APPROVED,0,None
a058ffc4-216f-492b-9e8a-ca5c25e1db19,38,759.09,Amazon India,Shopping,"Hyderabad, IN",device-mobile-038,2026-08-26T19:29:01.823367+00:00,APPROVED,0,None
10935046-4211-4453-9ab9-64f4ee68a0a6,2,1849.46,Dominos,Food & Dining,"Pune, IN",device-mobile-002,2026-08-26T19:37:13.823367+00:00,APPROVED,0,None
c69eadb6-c121-4d89-9013-2865677f70ed,41,1305.3,Zara,Shopping,"Ahmedabad, IN",device-mobile-041,2026-08-26T19:39:45.823367+00:00,APPROVED,0,None
feffd674-7f70-47e3-9223-93394b5adad7,20,5551.79,Steam Games,Shopping,"Moscow, RU",device-botnet-29,2026-08-26T19:43:06.823367+00:00,FLAGGED,1,FAILED_ATTEMPT_STUFFING
bb20eb66-52c5-4949-b268-d97789f63a6b,37,500.28,Flipkart,Shopping,"Kolkata, IN",device-mobile-037,2026-08-26T19:44:18.823367+00:00,APPROVED,0,None
d4247237-078f-4ca2-b26d-4550bd70aaf9,44,1111.32,Bescom,Utilities,"Kolkata, IN",device-mobile-044,2026-08-26T19:45:20.823367+00:00,APPROVED,0,None
734ab36f-896c-4c1f-a5fe-80d3c9ce1a2d,33,794.59,Samsung Store,Electronics,"Kolkata, IN",device-mobile-033,2026-08-26T19:54:30.823367+00:00,APPROVED,0,None
893f0eb0-f27b-47d9-b863-0ebe6f8ae5a8,6,973.01,IndiGo,Travel,"Hyderabad, IN",device-mobile-006,2026-08-26T19:58:31.823367+00:00,APPROVED,0,None
e08b99a3-4dda-4121-b66d-c96c6038a76c,3,2288.58,Dominos,Food & Dining,"Delhi, IN",device-mobile-003,2026-08-26T20:17:11.823367+00:00,APPROVED,0,None
68a23301-71e2-4eac-a35c-c32744101f4e,45,869.64,Zomato,Food & Dining,"Kolkata, IN",device-mobile-045,2026-08-26T20:18:14.823367+00:00,APPROVED,0,None
51dc420e-3942-4005-8090-71e213777fef,1,2191.58,Airtel Bill,Utilities,"Bengaluru, IN",device-mobile-001,2026-08-26T20:20:17.823367+00:00,APPROVED,0,None
547b12b2-cb80-4fb5-87c4-1afa57ee7548,35,5254.16,Amazon India,Shopping,"Mumbai, IN",device-mobile-035,2026-08-26T20:25:14.823367+00:00,APPROVED,0,None
fdc40169-7867-41d8-88aa-10de25725453,44,4429.63,BookMyShow,Entertainment,"Kolkata, IN",device-mobile-044,2026-08-26T20:30:50.823367+00:00,APPROVED,0,None
db5d6012-ea77-4cc5-83f8-9f2e40b109a1,44,3743.09,MakeMyTrip,Travel,"Chennai, IN",device-mobile-044,2026-08-26T20:33:50.823367+00:00,APPROVED,0,None
da74d7db-8e1d-46c0-929c-5b52f4607eda,40,2110.45,Ajio,Shopping,"Ahmedabad, IN",device-mobile-040,2026-08-26T20:36:44.823367+00:00,APPROVED,0,None
29eefeee-3468-48f8-ab63-1e00bcad840b,9,1501.28,Zomato,Food & Dining,"Pune, IN",device-mobile-009,2026-08-26T20:42:04.823367+00:00,APPROVED,0,None
ae9279e8-c6de-4e88-91ab-78d8669e045c,29,1892.15,Bescom,Utilities,"Pune, IN",device-mobile-029,2026-08-26T20:45:49.823367+00:00,APPROVED,0,None
78d634c3-93c2-4f6f-b961-6a7765d985fc,23,3401.27,Myntra,Shopping,"Hyderabad, IN",device-laptop-023,2026-08-26T20:51:30.823367+00:00,APPROVED,0,None
5f2121b2-1537-45dd-83da-ccd83c79404c,31,2529.79,Tiffany & Co,Luxury & Jewelry,"Delhi, IN",device-mobile-031,2026-08-26T20:56:22.823367+00:00,APPROVED,0,None
db898139-e0ef-4346-8109-cf1587355782,15,1382.14,Tata Power,Utilities,"Kolkata, IN",device-mobile-015,2026-08-26T20:59:20.823367+00:00,APPROVED,0,None
9471dc1b-0ea2-43f2-81bf-f5204ab713c1,39,1818.99,Blinkit,Groceries,"Chennai, IN",device-mobile-039,2026-08-26T21:00:26.823367+00:00,APPROVED,0,None
a7950444-1c93-42aa-9751-ef0d69b8c9a2,46,2813.27,Zomato,Food & Dining,"Delhi, IN",device-mobile-046,2026-08-26T21:09:00.823367+00:00,APPROVED,0,None
318e4634-4a47-4d15-891d-9b303ab9f1bb,39,3970.85,Starbucks,Food & Dining,"Chennai, IN",device-mobile-039,2026-08-26T21:14:39.823367+00:00,APPROVED,0,None
b0e9d5a4-994e-4cc5-9d3f-ead6f86a786b,38,881.95,Nature's Basket,Groceries,"Hyderabad, IN",device-mobile-038,2026-08-26T21:14:50.823367+00:00,APPROVED,0,None
784340f1-b453-45d3-b881-c859c6622bb9,10,6622.19,Steam Games,Shopping,"Dubai, AE",device-botnet-91,2026-08-26T21:30:55.823367+00:00,FLAGGED,1,FAILED_ATTEMPT_STUFFING
b8d89b82-ce00-4fd8-9bc3-1ac43b535eaf,17,1614.35,BookMyShow,Entertainment,"Mumbai, IN",device-mobile-017,2026-08-26T21:31:06.823367+00:00,APPROVED,0,None
1b1553cf-60ad-4a27-b99b-4fa546b6d88a,41,21073.87,Amazon India,Shopping,"Ahmedabad, IN",device-mobile-041,2026-08-26T21:42:45.823367+00:00,SUSPICIOUS,1,RAPID_BURST
cb787c76-ffd1-4449-a778-35ee54e23300,9,2601.35,Apple Store,Electronics,"Pune, IN",device-mobile-009,2026-08-26T21:42:58.823367+00:00,APPROVED,0,None
01f2817e-4a8f-4776-94b5-587b5b739a12,33,531.19,Amazon India,Shopping,"Kolkata, IN",device-mobile-033,2026-08-26T21:43:32.823367+00:00,APPROVED,0,None
05f9dedb-61e7-4447-a6aa-55cd062cb6c4,39,1644.62,Tata Power,Utilities,"Chennai, IN",device-mobile-039,2026-08-26T21:49:13.823367+00:00,APPROVED,0,None
0f4d5e91-1a06-485f-99d0-ed743e2841ec,28,1335.56,Zepto,Groceries,"Chennai, IN",device-mobile-028,2026-08-26T21:50:16.823367+00:00,APPROVED,0,None
b78e16c0-1e46-4698-b83e-e4b379aba26e,39,1240.29,Starbucks,Food & Dining,"Chennai, IN",device-mobile-039,2026-08-26T22:12:23.823367+00:00,APPROVED,0,None
e1042d24-d35e-4211-befb-c9a73f0f9d0c,10,4577.38,Reliance Digital,Electronics,"Mumbai, IN",device-mobile-010,2026-08-26T22:13:52.823367+00:00,APPROVED,0,None
d7730cc5-51cd-4144-8f97-d1b0cfb7b213,15,473.56,Bescom,Utilities,"Bengaluru, IN",device-mobile-015,2026-08-26T22:21:31.823367+00:00,APPROVED,0,None
b6957f6b-a957-437b-b7d4-a48e738e9ec5,48,1637.81,H&M,Shopping,"Bengaluru, IN",device-mobile-048,2026-08-26T22:24:47.823367+00:00,APPROVED,0,None
efc15e0c-1d47-425b-bdb1-83174c3a9e53,1,2508.52,Samsung Store,Electronics,"Bengaluru, IN",device-mobile-001,2026-08-26T22:37:47.823367+00:00,APPROVED,0,None
ca3a0afb-ea0d-40b1-a47b-28378a63e54d,15,1415.2,Barbeque Nation,Food & Dining,"Kolkata, IN",device-mobile-015,2026-08-26T22:41:58.823367+00:00,APPROVED,0,None
c3be6fca-1309-426a-b8c0-0f9d9cfd8721,34,2279.74,Dominos,Food & Dining,"Hyderabad, IN",device-mobile-034,2026-08-26T22:52:40.823367+00:00,APPROVED,0,None
8bb398fc-668f-433e-8409-a8aed401ff35,31,2963.83,Myntra,Shopping,"Delhi, IN",device-laptop-031,2026-08-26T22:57:25.823367+00:00,APPROVED,0,None
e4fab866-777b-4b4a-8c9e-3fe59c80a205,30,1143.71,H&M,Shopping,"Chennai, IN",device-mobile-030,2026-08-26T23:09:15.823367+00:00,APPROVED,0,None
ca1879cd-e4ea-402e-a31e-3484d745150d,17,3048.17,Airtel Bill,Utilities,"Mumbai, IN",device-mobile-017,2026-08-26T23:11:56.823367+00:00,APPROVED,0,None
d982285b-f571-4e93-af52-c9cc70117da2,49,2844.42,Dominos,Food & Dining,"Delhi, IN",device-mobile-049,2026-08-26T23:14:15.823367+00:00,APPROVED,0,None
600415b4-38b0-4604-9573-95f78dfefd5d,17,1926.79,Adani Gas,Utilities,"Mumbai, IN",device-mobile-017,2026-08-26T23:27:48.823367+00:00,APPROVED,0,None
040dea30-3bfd-454b-8ffc-3dfeb02f35f9,1,3126.18,BigBasket,Groceries,"Ahmedabad, IN",device-mobile-001,2026-08-26T23:28:03.823367+00:00,APPROVED,0,None
a02dae28-b676-4039-afb5-70a926153194,13,2168.31,Myntra,Shopping,"Hyderabad, IN",device-laptop-013,2026-08-26T23:33:07.823367+00:00,APPROVED,0,None
9b1d1d2e-baf7-4933-b95d-582c9ebd8762,5,1429.56,Instamart,Groceries,"Mumbai, IN",device-mobile-005,2026-08-26T23:35:34.823367+00:00,APPROVED,0,None
fb57a241-7abe-4c98-bbe6-8e7452be1f84,6,1361.25,Instamart,Groceries,"Hyderabad, IN",device-mobile-006,2026-08-27T00:00:56.823367+00:00,APPROVED,0,None
5a23bd2a-dcd4-41c0-a522-b110a5ff6601,46,2811.7,Zara,Shopping,"Delhi, IN",device-laptop-046,2026-08-27T00:11:23.823367+00:00,APPROVED,0,None
1b6b8fa8-ced0-4461-a3d2-40459f521c6c,6,380.67,Nature's Basket,Groceries,"Hyderabad, IN",device-mobile-006,2026-08-27T00:44:29.823367+00:00,APPROVED,0,None
0b0c189d-410d-4157-90c9-739c25f717a3,28,2227.64,Barbeque Nation,Food & Dining,"Chennai, IN",device-mobile-028,2026-08-27T00:46:18.823367+00:00,APPROVED,0,None
cf7ae5df-64b4-464c-96e2-edfa07d86f2e,15,1397.1,Airtel Bill,Utilities,"Kolkata, IN",device-mobile-015,2026-08-27T01:02:18.823367+00:00,APPROVED,0,None
69fd6905-a2a4-452a-8172-16dd3737b9b4,25,947.92,Vijay Sales,Electronics,"Bengaluru, IN",device-mobile-025,2026-08-27T01:03:30.823367+00:00,APPROVED,0,None
fc09d560-0a9a-4557-9acb-af4889fbc626,18,5626.25,Spotify,Entertainment,"Bengaluru, IN",device-mobile-018,2026-08-27T01:03:38.823367+00:00,APPROVED,0,None
6122e29c-7f2b-40e3-bb7c-2c2eb13cd67c,44,2945.87,Instamart,Groceries,"Kolkata, IN",device-mobile-044,2026-08-27T01:17:03.823367+00:00,APPROVED,0,None
939481d2-a775-4aac-b2a6-9ee0942e2d33,32,2151.3,Apple Store,Electronics,"Hyderabad, IN",device-mobile-032,2026-08-27T01:18:29.823367+00:00,APPROVED,0,None
a47cc65a-dd5b-434b-9d3b-4c63ada2346a,25,1082.39,Rolex Boutique,Luxury & Jewelry,"Bengaluru, IN",device-mobile-025,2026-08-27T01:36:29.823367+00:00,APPROVED,0,None
6b2a37fd-48bb-468c-a79d-da8d80986e53,7,505.04,Spotify,Entertainment,"Mumbai, IN",device-mobile-007,2026-08-27T01:39:45.823367+00:00,APPROVED,0,None
85d9c1ff-5def-4a22-8593-e0509b78064c,9,2840.92,Samsung Store,Electronics,"Pune, IN",device-mobile-009,2026-08-27T01:40:36.823367+00:00,APPROVED,0,None
11cdd9c1-ad83-4fa7-95f3-9d3643fa94ab,34,6274.77,Starbucks,Food & Dining,"Chennai, IN",device-mobile-034,2026-08-27T01:41:09.823367+00:00,APPROVED,0,None
0a0717b9-9990-417a-9dc2-c5a5c2420f68,16,911.58,Dominos,Food & Dining,"Chennai, IN",device-mobile-016,2026-08-27T01:50:14.823367+00:00,APPROVED,0,None
22499b3a-92eb-4d55-99f7-65bb18ee3bf3,13,1549.76,Vijay Sales,Electronics,"Hyderabad, IN",device-laptop-013,2026-08-27T01:59:02.823367+00:00,APPROVED,0,None
977d8801-152b-4602-90af-f92b3b0312fe,37,2021.83,Jio Recharge,Utilities,"Kolkata, IN",device-mobile-037,2026-08-27T01:59:47.823367+00:00,APPROVED,0,None
14dc4bfa-362b-4b57-8015-a4627ef4e9af,14,15896.49,Amazon India,Shopping,"Chennai, IN",device-mobile-014,2026-08-27T02:04:24.823367+00:00,SUSPICIOUS,1,RAPID_BURST
7753333e-029c-4f0f-ab83-859564f1a57c,25,1411.83,Starbucks,Food & Dining,"Bengaluru, IN",device-mobile-025,2026-08-27T02:07:14.823367+00:00,APPROVED,0,None
17159f4a-f6cc-4882-82ac-735e200ad1be,17,624.91,Booking.com,Travel,"Mumbai, IN",device-mobile-017,2026-08-27T02:24:49.823367+00:00,APPROVED,0,None
7ebffba6-5d0e-46cb-bbcc-d581c053732f,23,566.37,Reliance Digital,Electronics,"Hyderabad, IN",device-mobile-023,2026-08-27T02:26:30.823367+00:00,APPROVED,0,None
1ffef362-bc96-42e3-b1c3-a9a686145731,45,1721.84,Dominos,Food & Dining,"Kolkata, IN",device-mobile-045,2026-08-27T02:33:44.823367+00:00,APPROVED,0,None
bf673293-ee35-4359-af62-43739e9a1966,49,3946.52,MakeMyTrip,Travel,"Cayman Islands, KY",device-mobile-049,2026-08-27T02:38:09.823367+00:00,SUSPICIOUS,1,LOCATION_HOPPING
7590ad99-8661-4399-a806-df121d7aeac6,14,1126.26,Steam Games,Entertainment,"Chennai, IN",device-mobile-014,2026-08-27T02:51:23.823367+00:00,APPROVED,0,None
38c82e54-6689-49f5-9e4d-a294bc623b72,46,4575.36,DMart,Groceries,"Delhi, IN",device-mobile-046,2026-08-27T02:57:10.823367+00:00,APPROVED,0,None
32bb2eeb-b8c5-4c45-9aff-2e381929cdb5,48,4569.48,Zomato,Food & Dining,"Bengaluru, IN",device-mobile-048,2026-08-27T03:05:31.823367+00:00,APPROVED,0,None
c790e36a-3d61-40fb-91a7-83d9640e69f2,24,1069.93,Myntra,Shopping,"Bengaluru, IN",device-mobile-024,2026-08-27T03:16:52.823367+00:00,APPROVED,0,None
cb5e698f-a6f5-4e99-9286-62fdf310f017,20,46535.24,Apple Store,Electronics,"Chennai, IN",device-emulator-root-9285,2026-08-27T03:19:30.823367+00:00,SUSPICIOUS,1,UNRECOGNIZED_DEVICE
ef0b5b30-b05e-4f8a-b492-13233e6f00fd,15,1582.77,Netflix,Entertainment,"Kolkata, IN",device-mobile-015,2026-08-27T03:34:38.823367+00:00,APPROVED,0,None
7316cc3d-8881-4d30-a25f-8a71b5abf891,37,1340.89,Adani Gas,Utilities,"Kolkata, IN",device-mobile-037,2026-08-27T03:47:39.823367+00:00,APPROVED,0,None
24d850c7-5be0-4384-81ba-5e304a5be4a8,28,3139.51,Spotify,Entertainment,"Hyderabad, IN",device-mobile-028,2026-08-27T03:49:59.823367+00:00,APPROVED,0,None
4ad2514f-6990-4fe0-9687-c970ba511a4d,33,683.88,Ajio,Shopping,"Kolkata, IN",device-mobile-033,2026-08-27T03:55:28.823367+00:00,APPROVED,0,None
15ae6d6a-017a-4c47-b9c6-3409d6113f22,14,1540.08,McDonald's,Food & Dining,"Hyderabad, IN",device-mobile-014,2026-08-27T04:00:52.823367+00:00,APPROVED,0,None
185dd35a-2336-49b2-ba80-93b83d594a4f,33,843.72,Starbucks,Food & Dining,"Kolkata, IN",device-mobile-033,2026-08-27T04:07:31.823367+00:00,APPROVED,0,None
06cae328-971c-4b4f-a970-cd06d062c9ec,7,468.47,Ajio,Shopping,"Mumbai, IN",device-mobile-007,2026-08-27T04:14:01.823367+00:00,APPROVED,0,None
3debb51e-6ebe-4ec4-b64a-f09e18fa5fc7,10,5159.73,Blinkit,Groceries,"Mumbai, IN",device-mobile-010,2026-08-27T04:14:18.823367+00:00,APPROVED,0,None
af5f1a26-5af8-4578-af8e-b0987c80a3fc,43,351.96,Nature's Basket,Groceries,"Pune, IN",device-mobile-043,2026-08-27T04:18:25.823367+00:00,APPROVED,0,None
e4495fb6-f131-4ea7-9294-11336e0a81d6,32,685.47,Blinkit,Groceries,"Hyderabad, IN",device-mobile-032,2026-08-27T04:23:28.823367+00:00,APPROVED,0,None
7bb410aa-4649-4316-a8d1-f67c4d1aa2d8,15,645.33,Steam Games,Entertainment,"Kolkata, IN",device-mobile-015,2026-08-27T04:25:39.823367+00:00,APPROVED,0,None
2f88290d-26a4-4acc-88f3-ef03d5913a4a,8,344612.21,Tiffany & Co,Luxury & Jewelry,"Kolkata, IN",device-mobile-008,2026-08-27T04:27:37.823367+00:00,FLAGGED,1,HIGH_AMOUNT_SPIKE
8a3266c8-3e4a-4184-a22f-8d83c79df0dd,44,5951.45,Airtel Bill,Utilities,"Hyderabad, IN",device-mobile-044,2026-08-27T04:28:00.823367+00:00,APPROVED,0,None
988a9ae0-c6ab-467a-9cd0-d922d9b9cd0b,40,2593.38,Uber,Travel,"Ahmedabad, IN",device-mobile-040,2026-08-27T04:44:40.823367+00:00,APPROVED,0,None
e2f3b473-6e3a-4ee9-a5ce-441e7eaa5570,1,3356.48,Starbucks,Food & Dining,"Bengaluru, IN",device-mobile-001,2026-08-27T04:48:20.823367+00:00,APPROVED,0,None
56f53089-8fde-4203-bf65-ac998f4c60d5,33,1085.49,Booking.com,Travel,"Kolkata, IN",device-mobile-033,2026-08-27T05:12:34.823367+00:00,APPROVED,0,None
a94883bc-4a4e-4bfa-98ae-3a1e82bbc051,6,940.98,Vijay Sales,Electronics,"Hyderabad, IN",device-mobile-006,2026-08-27T05:16:32.823367+00:00,APPROVED,0,None
c1be574a-6bf0-4625-89c1-81f0349fd73e,35,2799.1,BookMyShow,Entertainment,"Delhi, IN",device-mobile-035,2026-08-27T05:35:23.823367+00:00,APPROVED,0,None
0a3413dc-85ed-4ea7-bc35-3f770da51078,21,2172.33,Myntra,Shopping,"Chennai, IN",device-mobile-021,2026-08-27T05:35:50.823367+00:00,APPROVED,0,None
a43a849c-d1ca-4950-b813-a7c417d230fa,5,910.45,Bescom,Utilities,"Mumbai, IN",device-mobile-005,2026-08-27T05:47:57.823367+00:00,APPROVED,0,None
a8e74a68-f870-4648-ad9d-1058fec8860c,45,812.08,Zepto,Groceries,"Kolkata, IN",device-mobile-045,2026-08-27T06:05:44.823367+00:00,APPROVED,0,None
b715c25a-07b6-4657-8eb4-de40df117ef9,33,766.11,Airtel Bill,Utilities,"Kolkata, IN",device-mobile-033,2026-08-27T06:11:48.823367+00:00,APPROVED,0,None
1419cf82-0b17-4a6e-b944-9117533e99d3,3,3626.66,Booking.com,Travel,"Delhi, IN",device-mobile-003,2026-08-27T06:13:52.823367+00:00,APPROVED,0,None
f180a1d2-61df-485d-8149-98d76e0c04df,20,676.93,Croma,Electronics,"Pune, IN",device-mobile-020,2026-08-27T06:16:24.823367+00:00,APPROVED,0,None
97751c97-0652-412b-a78f-29c9afa23ddf,37,231351.22,Croma,Electronics,"Kolkata, IN",device-mobile-037,2026-08-27T06:17:22.823367+00:00,FLAGGED,1,HIGH_AMOUNT_SPIKE
72c7339d-a11a-4c96-87b2-3fe5e29ea15f,40,1230.55,Ajio,Shopping,"Ahmedabad, IN",device-mobile-040,2026-08-27T06:20:16.823367+00:00,APPROVED,0,None
09e602ac-b25d-42f1-8317-35429ffb7b4a,30,680.09,Jio Recharge,Utilities,"Mumbai, IN",device-mobile-030,2026-08-27T06:59:58.823367+00:00,APPROVED,0,None
05511af5-aec9-4c6b-bb72-f3753362688b,30,1382.31,Zara,Shopping,"Mumbai, IN",device-mobile-030,2026-08-27T07:08:50.823367+00:00,APPROVED,0,None
bb9dc4fb-e45d-46e1-83c6-605fdc6ff607,38,1809.1,Ajio,Shopping,"Hyderabad, IN",device-laptop-038,2026-08-27T07:10:28.823367+00:00,APPROVED,0,None
9fe59708-0c18-4126-b5f5-646aefbe08cf,37,3165.85,Jio Recharge,Utilities,"Kolkata, IN",device-mobile-037,2026-08-27T07:12:37.823367+00:00,APPROVED,0,None
1d77912b-70b7-4e97-8614-03048ad51d85,30,961.22,Steam Games,Entertainment,"Ahmedabad, IN",device-mobile-030,2026-08-27T07:28:17.823367+00:00,APPROVED,0,None
c2e2e608-ab06-4e4e-8376-853a29a68410,8,950.72,Ola,Travel,"Kolkata, IN",device-mobile-008,2026-08-27T07:34:35.823367+00:00,APPROVED,0,None
fa9a0d08-b146-4112-859a-cf3a6bc014d3,30,361.03,Barbeque Nation,Food & Dining,"Kolkata, IN",device-mobile-030,2026-08-27T07:37:08.823367+00:00,APPROVED,0,None
5251ab60-57ae-4d28-b4d3-ad288118d59d,13,6158.17,Ola,Travel,"Hyderabad, IN",device-mobile-013,2026-08-27T07:37:39.823367+00:00,APPROVED,0,None
de112226-729d-4e88-b408-4873d5287a18,26,3031.47,Steam Games,Entertainment,"Ahmedabad, IN",device-laptop-026,2026-08-27T07:46:31.823367+00:00,APPROVED,0,None
3e6ea771-f1ea-4023-9473-9407ebc2404c,4,1017.54,Steam Games,Entertainment,"Bengaluru, IN",device-mobile-004,2026-08-27T07:54:34.823367+00:00,APPROVED,0,None
144ad75c-4db0-4895-bdec-08b45dd80f48,45,965.16,Flipkart,Shopping,"Kolkata, IN",device-mobile-045,2026-08-27T07:56:28.823367+00:00,APPROVED,0,None
95383834-eff1-4c7c-bc8b-beec937539fd,10,1666.8,PVR Cinemas,Entertainment,"Mumbai, IN",device-mobile-010,2026-08-27T08:10:41.823367+00:00,APPROVED,0,None
412a3827-c814-4777-a317-dab9f057b737,13,6652.37,Jio Recharge,Utilities,"Kolkata, IN",device-laptop-013,2026-08-27T08:35:12.823367+00:00,APPROVED,0,None
dbc83ce0-fa4d-46bb-b083-e54cb893f53c,39,2910.09,Samsung Store,Electronics,"Chennai, IN",device-mobile-039,2026-08-27T08:58:26.823367+00:00,APPROVED,0,None
725d13ec-0674-45ad-ae5f-b9aa572db7f3,26,1494.69,Nature's Basket,Groceries,"Ahmedabad, IN",device-laptop-026,2026-08-27T09:11:59.823367+00:00,APPROVED,0,None
97316770-917c-4920-a961-cf9d05d14da8,3,2210.38,Steam Games,Entertainment,"Delhi, IN",device-laptop-003,2026-08-27T09:12:02.823367+00:00,APPROVED,0,None
1c5f3228-baa0-4509-a666-ac5d96886715,37,2123.51,Jio Recharge,Utilities,"Kolkata, IN",device-mobile-037,2026-08-27T09:29:41.823367+00:00,APPROVED,0,None
76d8e752-44e4-4364-95b4-e0d452fd3cfa,9,4133.03,Blinkit,Groceries,"Pune, IN",device-mobile-009,2026-08-27T09:42:46.823367+00:00,APPROVED,0,None
6aff4fd4-663f-4c47-991f-fc22916c5216,10,2363.8,Samsung Store,Electronics,"Mumbai, IN",device-mobile-010,2026-08-27T09:49:01.823367+00:00,APPROVED,0,None
b5904917-b09e-41bc-815e-9424b5301f18,38,1584.43,PVR Cinemas,Entertainment,"Hyderabad, IN",device-mobile-038,2026-08-27T10:16:34.823367+00:00,APPROVED,0,None
a0181f56-7e5b-41f0-92fe-a409714e171b,29,1057.01,IndiGo,Travel,"Mumbai, IN",device-mobile-029,2026-08-27T10:26:12.823367+00:00,APPROVED,0,None
e810d06c-1fc4-4786-b91b-52edfb0cb2b5,5,1733.09,Dominos,Food & Dining,"Mumbai, IN",device-mobile-005,2026-08-27T10:39:31.823367+00:00,APPROVED,0,None
f6f3dbd7-fc50-4ed0-a899-54fef4631dad,42,2110.73,PVR Cinemas,Entertainment,"Delhi, IN",device-mobile-042,2026-08-27T11:00:01.823367+00:00,APPROVED,0,None
75f86d60-60cf-4f2a-8819-91ff61a48739,2,5115.01,H&M,Shopping,"Pune, IN",device-mobile-002,2026-08-27T11:16:40.823367+00:00,APPROVED,0,None
bfb0aa92-2c94-4e17-ba98-55f03c421451,6,428.19,Spotify,Entertainment,"Hyderabad, IN",device-mobile-006,2026-08-27T11:32:16.823367+00:00,APPROVED,0,None
19fc0e31-37d7-47bf-a9fb-2a3bad0efc41,32,1532.04,Zomato,Food & Dining,"Hyderabad, IN",device-mobile-032,2026-08-27T11:39:53.823367+00:00,APPROVED,0,None
ae344a66-6035-4a3b-8d58-cb71210a7f2e,32,1855.32,Flipkart,Shopping,"Hyderabad, IN",device-mobile-032,2026-08-27T11:45:25.823367+00:00,APPROVED,0,None
ddd41681-8b93-420e-893a-5d084a73ce21,47,1785.21,Blinkit,Groceries,"Bengaluru, IN",device-mobile-047,2026-08-27T11:58:23.823367+00:00,APPROVED,0,None
5869a4a1-2fcb-4df8-8b76-9cc3ed098324,50,1286.71,Zara,Shopping,"Kolkata, IN",device-mobile-050,2026-08-27T12:03:29.823367+00:00,APPROVED,0,None
ebd2cf08-d96b-4798-84c7-c286d2a9d0d8,9,1420.58,H&M,Shopping,"Pune, IN",device-mobile-009,2026-08-27T12:04:14.823367+00:00,APPROVED,0,None
7c78bb9c-f116-40e2-8a59-77e87b910048,17,2564.82,Steam Games,Entertainment,"Mumbai, IN",device-mobile-017,2026-08-27T12:06:24.823367+00:00,APPROVED,0,None
5d3f3086-40ba-4ec1-b419-87f33bfa9866,22,554.71,IRCTC,Travel,"Kolkata, IN",device-mobile-022,2026-08-27T12:13:35.823367+00:00,APPROVED,0,None
0b2b9cf3-6ab6-4335-9e82-949358445a1d,29,2046.73,Flipkart,Shopping,"Pune, IN",device-mobile-029,2026-08-27T12:29:04.823367+00:00,APPROVED,0,None
796e8f85-5721-42fe-8f83-4540f68673d6,44,4101.45,Vijay Sales,Electronics,"Kolkata, IN",device-mobile-044,2026-08-27T12:43:59.823367+00:00,APPROVED,0,None
16a30ff9-2d99-458e-aaed-97849408bcc0,12,9706.8,Reliance Digital,Electronics,"Chennai, IN",device-mobile-012,2026-08-27T12:52:48.823367+00:00,APPROVED,0,None
dd3b6ec8-a3e8-4907-a7d1-07ac7b4670e3,29,1816.52,Steam Games,Entertainment,"Pune, IN",device-mobile-029,2026-08-27T13:29:58.823367+00:00,APPROVED,0,None
a260e188-71cd-4ce6-a692-7514792bf7b1,40,1067.36,Tanishq,Luxury & Jewelry,"Ahmedabad, IN",device-mobile-040,2026-08-27T13:36:59.823367+00:00,APPROVED,0,None
d17681fc-44a7-421f-af3d-79cf89d91365,21,2508.73,BookMyShow,Entertainment,"Chennai, IN",device-laptop-021,2026-08-27T13:43:56.823367+00:00,APPROVED,0,None
b04c8d5c-c8db-4b7f-b8b2-e5067424e290,1,1750.34,Nature's Basket,Groceries,"Bengaluru, IN",device-mobile-001,2026-08-27T13:44:36.823367+00:00,APPROVED,0,None
a9fa9ffc-b2bc-4e81-b879-b843098593f6,14,1208.94,Flipkart,Shopping,"Ahmedabad, IN",device-mobile-014,2026-08-27T13:46:38.823367+00:00,APPROVED,0,None
6d4b607b-46dd-4d41-962e-277fc3299e32,8,116834.25,Tanishq,Luxury & Jewelry,"Kolkata, IN",device-mobile-008,2026-08-27T13:51:03.823367+00:00,FLAGGED,1,HIGH_AMOUNT_SPIKE
1c352a0a-8de3-48f7-8b4a-703f4adf761b,50,2218.32,Reliance Digital,Electronics,"Kolkata, IN",device-laptop-050,2026-08-27T13:56:24.823367+00:00,APPROVED,0,None
a22d7eba-385c-43f7-9e71-238f0f4dfc94,5,845.33,Airtel Bill,Utilities,"Mumbai, IN",device-mobile-005,2026-08-27T13:57:13.823367+00:00,APPROVED,0,None
9fbe7312-68d6-4bd7-9f72-c4821cbd7a2f,43,324.85,Flipkart,Shopping,"Pune, IN",device-mobile-043,2026-08-27T14:05:40.823367+00:00,APPROVED,0,None
f656e86e-47ba-46b0-90b7-053d31eea1ef,3,2241.08,Swiggy,Food & Dining,"Delhi, IN",device-laptop-003,2026-08-27T14:31:18.823367+00:00,APPROVED,0,None
4f286a7a-8c61-4443-8547-ab05afd26271,28,1330.89,Netflix,Entertainment,"Chennai, IN",device-mobile-028,2026-08-27T14:42:35.823367+00:00,APPROVED,0,None
eeef4190-9e48-456b-a6dd-eaad4322bbd9,44,15270.36,Amazon India,Shopping,"Kolkata, IN",device-mobile-044,2026-08-27T15:30:17.823367+00:00,SUSPICIOUS,1,RAPID_BURST
0d3d3a08-8217-470c-8cd4-39ee7cfb8e25,15,44337.75,Apple Store,Electronics,"Hyderabad, IN",device-emulator-root-2288,2026-08-27T16:00:59.823367+00:00,SUSPICIOUS,1,UNRECOGNIZED_DEVICE
96bced2a-6dda-4fe9-9ab8-5bd6a5336e12,30,893.21,Myntra,Shopping,"Bengaluru, IN",device-mobile-030,2026-08-27T16:04:26.823367+00:00,APPROVED,0,None
940d0b21-672a-46c7-820d-68ed43ba5eba,19,2275.7,Flipkart,Shopping,"Kolkata, IN",device-mobile-019,2026-08-27T16:10:41.823367+00:00,APPROVED,0,None
be9aa420-0c50-4409-9cfc-77a33cce175f,36,2066.92,PVR Cinemas,Entertainment,"Mumbai, IN",device-mobile-036,2026-08-27T16:20:39.823367+00:00,APPROVED,0,None
11b1a5c5-2aca-4c3b-8927-ab95acf16fc6,7,572.3,McDonald's,Food & Dining,"Mumbai, IN",device-mobile-007,2026-08-27T16:22:31.823367+00:00,APPROVED,0,None
992e6bc8-5a93-4851-8f2f-875f4437e88d,20,1699.68,Ola,Travel,"Pune, IN",device-mobile-020,2026-08-27T16:30:34.823367+00:00,APPROVED,0,None
3d786e44-d90f-456b-bc68-eeca47b86ca3,21,4576.62,Booking.com,Travel,"Delhi, IN",device-mobile-021,2026-08-27T16:39:54.823367+00:00,APPROVED,0,None
146efd54-a726-41f2-bb11-b93084b49386,29,3272.37,Instamart,Groceries,"Pune, IN",device-laptop-029,2026-08-27T16:41:48.823367+00:00,APPROVED,0,None
ecbd9237-facc-4c35-ab7b-fd6e6e28a494,27,1291.7,Apple Store,Electronics,"Chennai, IN",device-mobile-027,2026-08-27T16:47:01.823367+00:00,APPROVED,0,None
6b4e95a1-b0d4-4c38-8db2-ff0df485209b,22,1467.78,Starbucks,Food & Dining,"Bengaluru, IN",device-mobile-022,2026-08-27T16:49:37.823367+00:00,APPROVED,0,None
eb158bdb-4935-49f1-b7d5-a3e8e48a5ddb,23,1965.99,Booking.com,Travel,"Hyderabad, IN",device-laptop-023,2026-08-27T16:50:17.823367+00:00,APPROVED,0,None
7d772538-a631-4472-a9f0-1fc4ef1fcc9a,22,1221.22,Adani Gas,Utilities,"Bengaluru, IN",device-mobile-022,2026-08-27T16:56:36.823367+00:00,APPROVED,0,None
304a70f4-fc17-473b-bbb8-85f88012d0ae,5,1174.36,Uber,Travel,"Hyderabad, IN",device-mobile-005,2026-08-27T17:02:49.823367+00:00,APPROVED,0,None
dc0ecba5-8a66-4fdf-a4e2-277afe5ba117,46,2438.85,Jio Recharge,Utilities,"Delhi, IN",device-laptop-046,2026-08-27T17:07:28.823367+00:00,APPROVED,0,None
8a3c75ed-fc82-4ad0-841c-4fde7be5743c,40,1038.54,BookMyShow,Entertainment,"Ahmedabad, IN",device-mobile-040,2026-08-27T17:08:48.823367+00:00,APPROVED,0,None
6dc0302e-cecd-42fb-9b47-40eb673daab8,6,2346.35,Netflix,Entertainment,"Hyderabad, IN",device-mobile-006,2026-08-27T17:29:53.823367+00:00,APPROVED,0,None
5abd02e5-96b0-4e13-b5fb-815f5c1899de,29,4121.98,Zomato,Food & Dining,"Pune, IN",device-mobile-029,2026-08-27T17:47:46.823367+00:00,APPROVED,0,None
4a3c046b-5e13-49b9-b67e-1853ec2e56e8,27,1736.93,Flipkart,Shopping,"Chennai, IN",device-mobile-027,2026-08-27T17:50:59.823367+00:00,APPROVED,0,None
4b11a8c3-31b9-4c90-8c94-136a660f8b76,8,1931.03,Barbeque Nation,Food & Dining,"Kolkata, IN",device-mobile-008,2026-08-27T17:58:38.823367+00:00,APPROVED,0,None
0574008f-96fe-46d1-a257-591c0dc39fa4,29,2285.0,PVR Cinemas,Entertainment,"Pune, IN",device-mobile-029,2026-08-27T18:08:28.823367+00:00,APPROVED,0,None
e9f51d42-a0b4-450f-aa40-974c93007c6c,29,1746.05,Zepto,Groceries,"Pune, IN",device-mobile-029,2026-08-27T18:28:56.823367+00:00,APPROVED,0,None
a97937ef-513b-419e-850d-54326a05eb85,43,208.78,DMart,Groceries,"Pune, IN",device-mobile-043,2026-08-27T18:34:02.823367+00:00,APPROVED,0,None
fc42fe53-f7d2-4656-84c5-6ecd3bd862e5,46,3981.63,Ajio,Shopping,"Delhi, IN",device-mobile-046,2026-08-27T18:41:22.823367+00:00,APPROVED,0,None
0b942df5-65f1-4173-b42a-4c62633358fa,13,3016.26,Bescom,Utilities,"Hyderabad, IN",device-mobile-013,2026-08-27T18:50:46.823367+00:00,APPROVED,0,None
6345342c-b731-4095-9901-977e3a20408f,8,3966.73,Myntra,Shopping,"Bengaluru, IN",device-mobile-008,2026-08-27T19:08:11.823367+00:00,APPROVED,0,None
5bd4e749-8008-44fd-8563-39d6fc2260a5,12,2824.93,H&M,Shopping,"Chennai, IN",device-mobile-012,2026-08-27T19:09:21.823367+00:00,APPROVED,0,None
33805a19-2aad-4267-8096-af0ea120ae6e,45,1115.98,Bescom,Utilities,"Kolkata, IN",device-mobile-045,2026-08-27T19:20:27.823367+00:00,APPROVED,0,None
69cbe047-f689-486a-b3af-132baa05e5ed,43,1039.68,Booking.com,Travel,"Mumbai, IN",device-mobile-043,2026-08-27T19:23:31.823367+00:00,APPROVED,0,None
c15fe0e6-19a1-4661-9277-bbe73c445315,28,955.82,Apple Store,Electronics,"Chennai, IN",device-mobile-028,2026-08-27T19:25:55.823367+00:00,APPROVED,0,None
576d7714-891f-4d3b-8e0f-3fc48fc439e2,41,320.61,Jio Recharge,Utilities,"Ahmedabad, IN",device-mobile-041,2026-08-27T19:26:50.823367+00:00,APPROVED,0,None
5692be7f-d8a5-4299-b245-b8a11c2eb8cb,36,4333.0,Amazon India,Shopping,"Mumbai, IN",device-mobile-036,2026-08-27T19:27:45.823367+00:00,APPROVED,0,None
a93520f2-9f85-47c8-a974-eb8e2139e5ec,40,4790.64,Myntra,Shopping,"Ahmedabad, IN",device-mobile-040,2026-08-27T20:33:36.823367+00:00,APPROVED,0,None
2e44bde0-8dab-4746-b9ee-e6f65d35eb0b,49,83762.15,Vijay Sales,Electronics,"Delhi, IN",device-mobile-049,2026-08-27T20:38:01.823367+00:00,FLAGGED,1,HIGH_AMOUNT_SPIKE
adc8c761-537a-45e8-b076-dcf7ad1b6eb2,32,1608.7,Zomato,Food & Dining,"Hyderabad, IN",device-mobile-032,2026-08-27T20:40:18.823367+00:00,APPROVED,0,None
887deb60-37aa-421f-9afd-d058d1ec8c47,34,4454.72,Bescom,Utilities,"Hyderabad, IN",device-mobile-034,2026-08-27T20:40:24.823367+00:00,APPROVED,0,None
eca6f94f-308f-4158-9bc3-57c7847d742d,17,2356.97,Nature's Basket,Groceries,"Mumbai, IN",device-mobile-017,2026-08-27T21:00:44.823367+00:00,APPROVED,0,None
b67cbe0d-8352-4d95-8110-d73e8472a5e1,2,2135.23,Steam Games,Entertainment,"Pune, IN",device-mobile-002,2026-08-27T21:06:45.823367+00:00,APPROVED,0,None
39c7db4f-5c85-480e-9701-1a6029c7fe1d,37,1128.04,MakeMyTrip,Travel,"Hyderabad, IN",device-mobile-037,2026-08-27T21:07:38.823367+00:00,APPROVED,0,None
43935a71-caee-487c-a33c-4ab7f62c4098,1,2928.17,Vijay Sales,Electronics,"Bengaluru, IN",device-mobile-001,2026-08-27T21:10:41.823367+00:00,APPROVED,0,None
fe8c6e12-7e05-4dc0-a2c0-dc74866d9b8d,27,12331.02,Amazon India,Shopping,"Chennai, IN",device-mobile-027,2026-08-27T21:13:30.823367+00:00,SUSPICIOUS,1,RAPID_BURST
4e77bc40-46b3-4816-ab76-700061c73692,50,28508.74,Apple Store,Electronics,"Mumbai, IN",device-emulator-root-2090,2026-08-27T21:18:18.823367+00:00,SUSPICIOUS,1,UNRECOGNIZED_DEVICE
b8b25b14-6c40-4a99-9a8d-74d86bff6072,43,508.18,Starbucks,Food & Dining,"Pune, IN",device-mobile-043,2026-08-27T21:20:54.823367+00:00,APPROVED,0,None
00c4e8d6-856b-4bce-b7fe-f36b44092e5b,25,5273.06,Tata Power,Utilities,"Bengaluru, IN",device-mobile-025,2026-08-27T21:21:14.823367+00:00,APPROVED,0,None
5512d770-b8fe-459c-a63e-99fb4f873ee0,4,2206.62,Zepto,Groceries,"Kolkata, IN",device-mobile-004,2026-08-27T21:24:34.823367+00:00,APPROVED,0,None
dd7518e5-da8c-42e0-b8c6-dc7f5f2a0f9f,29,6356.33,Apple Store,Electronics,"Pune, IN",device-mobile-029,2026-08-27T21:47:08.823367+00:00,APPROVED,0,None
ea4498de-e18f-4d0d-8297-a8ab281f2874,25,96772.52,Vijay Sales,Electronics,"Bengaluru, IN",device-mobile-025,2026-08-27T21:47:27.823367+00:00,FLAGGED,1,HIGH_AMOUNT_SPIKE
9b49b001-3b6e-4702-a425-2083686f0afa,39,1529.68,Steam Games,Entertainment,"Chennai, IN",device-mobile-039,2026-08-27T21:53:55.823367+00:00,APPROVED,0,None
cec62d69-fb71-434a-9d95-b553eccb19aa,49,2623.2,Blinkit,Groceries,"Delhi, IN",device-mobile-049,2026-08-27T21:55:05.823367+00:00,APPROVED,0,None
54fdcf5d-53e5-402e-b727-63bd4bdd0558,35,3036.01,Booking.com,Travel,"Mumbai, IN",device-mobile-035,2026-08-27T21:56:18.823367+00:00,APPROVED,0,None
9218b82c-e5ff-47f4-9ddc-452dc111537d,11,435.05,Barbeque Nation,Food & Dining,"Delhi, IN",device-mobile-011,2026-08-27T22:00:08.823367+00:00,APPROVED,0,None
b5c10259-7e6b-40d2-9695-08ea605b99fc,34,13209.97,Amazon India,Shopping,"Hyderabad, IN",device-mobile-034,2026-08-27T22:12:13.823367+00:00,SUSPICIOUS,1,RAPID_BURST
db7e3344-7abf-4143-b691-1a290ddc30d0,21,8123.42,McDonald's,Food & Dining,"Chennai, IN",device-mobile-021,2026-08-27T22:15:22.823367+00:00,APPROVED,0,None
1a305df1-4e7b-41eb-8445-8eb02e5d2f04,40,1503.32,McDonald's,Food & Dining,"Ahmedabad, IN",device-mobile-040,2026-08-27T22:16:49.823367+00:00,APPROVED,0,None
4a4bc52d-5cf7-4529-8b8d-28dcf03c5d3e,49,2890.62,BookMyShow,Entertainment,"Delhi, IN",device-laptop-049,2026-08-27T22:32:54.823367+00:00,APPROVED,0,None
606bf87c-e6cb-41de-99ac-406988d42ab4,36,1678.79,Reliance Digital,Electronics,"Mumbai, IN",device-mobile-036,2026-08-27T22:37:28.823367+00:00,APPROVED,0,None
2d657727-adc4-43fc-8934-219c80e36f7b,40,1046.56,Amazon India,Shopping,"Ahmedabad, IN",device-mobile-040,2026-08-27T22:56:45.823367+00:00,APPROVED,0,None
ad7f42a7-30bc-4247-bee4-0b21e3f3129e,16,1554.72,Apple Store,Electronics,"Chennai, IN",device-mobile-016,2026-08-27T23:02:25.823367+00:00,APPROVED,0,None
5e2a7947-2aab-4121-ba38-e58434969b20,8,2992.66,Tata Power,Utilities,"Kolkata, IN",device-mobile-008,2026-08-27T23:04:29.823367+00:00,APPROVED,0,None
b16662f2-64c6-47f5-8efd-fb091a276c7e,28,1894.87,Jio Recharge,Utilities,"Chennai, IN",device-mobile-028,2026-08-27T23:11:45.823367+00:00,APPROVED,0,None
ed96462e-d9c4-4991-8c23-a866f392824d,39,2324.67,Samsung Store,Electronics,"Chennai, IN",device-mobile-039,2026-08-27T23:29:39.823367+00:00,APPROVED,0,None
4cb77297-6e21-4fae-ab9a-1eceeeb2d57d,42,3907.21,Croma,Electronics,"Delhi, IN",device-mobile-042,2026-08-27T23:35:23.823367+00:00,APPROVED,0,None
978f1f9a-530a-4f9c-98dd-ad0f82aa9148,27,894.5,Amazon India,Shopping,"Chennai, IN",device-mobile-027,2026-08-27T23:45:46.823367+00:00,APPROVED,0,None
c6708255-4adc-44d0-ad57-4fe8a21f8df7,20,1130.36,Zepto,Groceries,"Pune, IN",device-mobile-020,2026-08-27T23:47:30.823367+00:00,APPROVED,0,None
1812637c-097b-4447-89f5-15eaee332af7,1,2056.43,Airtel Bill,Utilities,"Bengaluru, IN",device-mobile-001,2026-08-27T23:52:56.823367+00:00,APPROVED,0,None
1c385e78-53e7-4146-98e0-f3a3c10613b0,8,4230.34,Croma,Electronics,"Kolkata, IN",device-mobile-008,2026-08-27T23:53:34.823367+00:00,APPROVED,0,None
f86e6a77-7716-439d-a698-a5407be37eb7,37,1976.14,IRCTC,Travel,"Kolkata, IN",device-mobile-037,2026-08-28T00:07:00.823367+00:00,APPROVED,0,None
135a939c-bff6-4dd0-b035-cba7140e7de5,1,1934.49,Zara,Shopping,"Bengaluru, IN",device-mobile-001,2026-08-28T00:07:59.823367+00:00,APPROVED,0,None
b848b7e3-4ad6-4fb9-b047-afc640eb548f,4,1068.15,Dominos,Food & Dining,"Bengaluru, IN",device-laptop-004,2026-08-28T00:12:37.823367+00:00,APPROVED,0,None
be899286-764c-48d7-a59f-834425f8bbb1,42,3838.33,Instamart,Groceries,"Delhi, IN",device-mobile-042,2026-08-28T00:17:57.823367+00:00,APPROVED,0,None
4780ecdc-6999-4bb6-801c-02cb49a75ace,20,2180.41,Samsung Store,Electronics,"Pune, IN",device-mobile-020,2026-08-28T00:25:56.823367+00:00,APPROVED,0,None
f3de6121-83a4-4604-a49e-37cfa1fdc484,6,1224.44,Netflix,Entertainment,"Hyderabad, IN",device-mobile-006,2026-08-28T00:29:37.823367+00:00,APPROVED,0,None
f6e3ce20-40c6-462a-b5c0-c65980d4eeb7,26,1137.48,IRCTC,Travel,"Ahmedabad, IN",device-laptop-026,2026-08-28T00:32:49.823367+00:00,APPROVED,0,None
4f99173d-be69-440c-8d10-a8904a35e379,24,1805.75,Malabar Gold,Luxury & Jewelry,"Bengaluru, IN",device-mobile-024,2026-08-28T00:33:03.823367+00:00,APPROVED,0,None
e1779bad-fd00-41a0-86fd-9799801b9171,20,1792.3,Blinkit,Groceries,"Pune, IN",device-mobile-020,2026-08-28T00:38:42.823367+00:00,APPROVED,0,None
6e7916b0-55b1-44d9-a40d-052c391d6c3b,29,2503.35,Airtel Bill,Utilities,"Hyderabad, IN",device-mobile-029,2026-08-28T00:55:26.823367+00:00,APPROVED,0,None
20435f82-6f9e-466e-9c16-8f1688e20ebf,42,809.73,Spotify,Entertainment,"Delhi, IN",device-mobile-042,2026-08-28T01:15:09.823367+00:00,APPROVED,0,None
f1fe1847-3121-4808-bcfa-8f24c4b2be7f,24,917.09,Steam Games,Entertainment,"Bengaluru, IN",device-laptop-024,2026-08-28T01:20:51.823367+00:00,APPROVED,0,None
274734fd-f10d-484a-884c-0b4062523300,5,949.6,Instamart,Groceries,"Mumbai, IN",device-mobile-005,2026-08-28T01:58:01.823367+00:00,APPROVED,0,None
eace2404-7fa6-4ca8-bcbb-6d79cd4aad17,40,2333.86,Ajio,Shopping,"Ahmedabad, IN",device-mobile-040,2026-08-28T02:32:16.823367+00:00,APPROVED,0,None
96e07934-7bad-4eb2-91a7-c5fd02a3a160,38,963.36,BigBasket,Groceries,"Chennai, IN",device-laptop-038,2026-08-28T02:41:39.823367+00:00,APPROVED,0,None
6ca337f9-a702-4104-917d-36b188d38c34,49,4943.7,Barbeque Nation,Food & Dining,"Delhi, IN",device-mobile-049,2026-08-28T02:45:42.823367+00:00,APPROVED,0,None
d59578b5-3e54-45bd-b34d-3a0fbb017bdc,28,2381.58,McDonald's,Food & Dining,"Chennai, IN",device-mobile-028,2026-08-28T03:09:55.823367+00:00,APPROVED,0,None
cd4c9103-e4bf-410d-b9f4-f4136f0297b3,8,2733.3,IRCTC,Travel,"Kolkata, IN",device-mobile-008,2026-08-28T03:19:56.823367+00:00,APPROVED,0,None
1e14e02f-151b-4b1a-9b4c-9360558a77dd,38,602.0,Spotify,Entertainment,"Hyderabad, IN",device-mobile-038,2026-08-28T03:53:20.823367+00:00,APPROVED,0,None
0d8dea91-34e9-4bc0-8a92-e8878688522c,27,1071.95,Steam Games,Entertainment,"Chennai, IN",device-mobile-027,2026-08-28T03:55:05.823367+00:00,APPROVED,0,None
ee0b58c9-bd59-4c52-bdb9-ef12662141be,6,2796.97,IRCTC,Travel,"Hyderabad, IN",device-mobile-006,2026-08-28T03:59:54.823367+00:00,APPROVED,0,None
f0e65973-4409-46de-9236-333078387aca,10,3262.02,Steam Games,Shopping,"Moscow, RU",device-botnet-30,2026-08-28T04:05:14.823367+00:00,FLAGGED,1,FAILED_ATTEMPT_STUFFING
780e4309-5acb-45a8-a1c6-0d4a1f62ae6e,5,1763.98,Ajio,Shopping,"Mumbai, IN",device-mobile-005,2026-08-28T04:16:36.823367+00:00,APPROVED,0,None
51686acf-5c1d-4113-a4fc-84b9b945c4bf,30,452.68,Blinkit,Groceries,"Bengaluru, IN",device-laptop-030,2026-08-28T04:33:32.823367+00:00,APPROVED,0,None
34bceee9-7d4a-43d4-a7a2-7127b3027483,50,2536.7,Myntra,Shopping,"Kolkata, IN",device-mobile-050,2026-08-28T04:40:54.823367+00:00,APPROVED,0,None
9640b6ec-6459-478d-8169-87d1a0cbdfd9,41,1108.59,Flipkart,Shopping,"Ahmedabad, IN",device-mobile-041,2026-08-28T04:57:26.823367+00:00,APPROVED,0,None
37ad3e3f-5836-45d4-b523-13b85450cad4,33,1146.72,Ajio,Shopping,"Kolkata, IN",device-mobile-033,2026-08-28T05:26:56.823367+00:00,APPROVED,0,None
76193a39-c8c2-4fbd-b7c9-d9f08791439b,47,2867.74,Amazon India,Shopping,"Bengaluru, IN",device-mobile-047,2026-08-28T05:29:02.823367+00:00,APPROVED,0,None
de98b347-9169-4b50-832b-fa29d804fe96,5,885.14,Dominos,Food & Dining,"Mumbai, IN",device-mobile-005,2026-08-28T05:32:31.823367+00:00,APPROVED,0,None
ae2e9bf0-660a-4058-bde6-6860f451699f,24,2015.11,Blinkit,Groceries,"Bengaluru, IN",device-mobile-024,2026-08-28T05:39:32.823367+00:00,APPROVED,0,None
7c7a30af-df74-4b21-9129-fe376fc17834,50,879.6,DMart,Groceries,"Kolkata, IN",device-mobile-050,2026-08-28T06:04:00.823367+00:00,APPROVED,0,None
c35cbe38-2f48-4a2b-ab1e-a914e373d589,7,434.01,DMart,Groceries,"Mumbai, IN",device-mobile-007,2026-08-28T06:07:20.823367+00:00,APPROVED,0,None
26f2fd4d-6a17-4952-b3b0-90be798af358,23,1147.62,Myntra,Shopping,"Hyderabad, IN",device-laptop-023,2026-08-28T06:07:36.823367+00:00,APPROVED,0,None
f8394f5e-ca09-4339-95e8-9ae625dc067b,8,1951.69,Barbeque Nation,Food & Dining,"Kolkata, IN",device-mobile-008,2026-08-28T06:08:36.823367+00:00,APPROVED,0,None
f88b303d-ae2f-41ed-8031-adebec1951a5,27,1206.6,MakeMyTrip,Travel,"Chennai, IN",device-mobile-027,2026-08-28T06:17:07.823367+00:00,APPROVED,0,None
f1f67b6f-aff7-45e9-8de2-5fc20c79c64e,27,2031.78,Amazon India,Shopping,"Chennai, IN",device-mobile-027,2026-08-28T06:24:24.823367+00:00,APPROVED,0,None
4f1b8565-16e4-4b71-bcdb-44452d352b73,39,4178.77,Jio Recharge,Utilities,"Chennai, IN",device-mobile-039,2026-08-28T06:32:24.823367+00:00,APPROVED,0,None
29b4c4ac-a998-4085-8374-d20faf0571e8,11,747.77,Jio Recharge,Utilities,"Delhi, IN",device-mobile-011,2026-08-28T07:30:01.823367+00:00,APPROVED,0,None
10f69236-3e2f-4d67-9ffe-3cba2f4f901b,3,5877.65,Instamart,Groceries,"Delhi, IN",device-laptop-003,2026-08-28T07:40:33.823367+00:00,APPROVED,0,None
e2d8465a-8f6d-41a0-a641-036948580abc,9,2532.36,Swiggy,Food & Dining,"Pune, IN",device-mobile-009,2026-08-28T07:45:19.823367+00:00,APPROVED,0,None
d0eb5ea8-f4f3-4c45-b213-a41851b5e31d,20,1126.57,Steam Games,Shopping,"Bucharest, RO",device-botnet-21,2026-08-28T07:47:49.823367+00:00,FLAGGED,1,FAILED_ATTEMPT_STUFFING
43603471-f7f9-4739-9faa-5537add9f741,3,3832.34,Dominos,Food & Dining,"Delhi, IN",device-mobile-003,2026-08-28T07:58:47.823367+00:00,APPROVED,0,None
c0e176b3-e3b6-44c3-b475-17b65f294586,5,689.3,Bescom,Utilities,"Mumbai, IN",device-mobile-005,2026-08-28T08:04:26.823367+00:00,APPROVED,0,None
9152d33b-8d45-4bb9-b18a-0777299622ff,41,359.48,Bescom,Utilities,"Ahmedabad, IN",device-mobile-041,2026-08-28T08:05:53.823367+00:00,APPROVED,0,None
d5598780-5115-4175-a93a-d4a6e7bb1229,42,7790.82,Steam Games,Shopping,"Moscow, RU",device-botnet-33,2026-08-28T08:20:54.823367+00:00,FLAGGED,1,FAILED_ATTEMPT_STUFFING
adcd4642-5674-45e8-8270-e84adfa81352,29,4369.31,BookMyShow,Entertainment,"Pune, IN",device-mobile-029,2026-08-28T08:40:44.823367+00:00,APPROVED,0,None
a924c472-41ee-4c13-89fb-078c75dddf0d,46,1373.7,Jio Recharge,Utilities,"Delhi, IN",device-mobile-046,2026-08-28T08:41:13.823367+00:00,APPROVED,0,None
68e96d07-fe30-42f3-ad73-3e6c76a7a4fc,23,707.43,Ajio,Shopping,"Hyderabad, IN",device-mobile-023,2026-08-28T08:56:47.823367+00:00,APPROVED,0,None
46b2a5fc-dc96-4829-b076-f20edb44a59b,29,4290.58,Jio Recharge,Utilities,"Pune, IN",device-mobile-029,2026-08-28T08:58:52.823367+00:00,APPROVED,0,None
a03e651d-aa9b-4213-b624-4292b9f70c0f,31,1391.93,Vijay Sales,Electronics,"Delhi, IN",device-laptop-031,2026-08-28T09:10:35.823367+00:00,APPROVED,0,None
3a3c6696-0fc7-4810-86e8-4e3553994da1,24,2581.45,Zomato,Food & Dining,"Chennai, IN",device-mobile-024,2026-08-28T09:16:35.823367+00:00,APPROVED,0,None
48f5f3a1-aaec-4900-ae17-3c6d04cb4c30,19,2377.06,Blinkit,Groceries,"Kolkata, IN",device-mobile-019,2026-08-28T09:26:20.823367+00:00,APPROVED,0,None
7e10bef7-206c-4a0d-bb49-67336434cf62,34,3377.65,McDonald's,Food & Dining,"Hyderabad, IN",device-mobile-034,2026-08-28T09:39:11.823367+00:00,APPROVED,0,None
dfbad184-087c-4ac1-96ec-b0208b9a8a23,27,1154.2,Reliance Digital,Electronics,"Chennai, IN",device-mobile-027,2026-08-28T09:44:25.823367+00:00,APPROVED,0,None
1369f82c-30de-432b-8a8a-be5d64064ffa,28,2102.83,Jio Recharge,Utilities,"Chennai, IN",device-mobile-028,2026-08-28T10:13:25.823367+00:00,APPROVED,0,None
6a0bd3d5-f0c7-40da-b59b-88b242129bfb,42,34059.86,MakeMyTrip,Travel,"Bucharest, RO",device-mobile-042,2026-08-28T10:14:40.823367+00:00,SUSPICIOUS,1,LOCATION_HOPPING
ff20ad0d-1a02-48e4-95c4-2caae1fc831b,8,2771.99,Amazon India,Shopping,"Kolkata, IN",device-mobile-008,2026-08-28T10:42:32.823367+00:00,APPROVED,0,None
9d75a15d-dc89-4465-9a01-9858a50aa99b,48,2136.45,Barbeque Nation,Food & Dining,"Bengaluru, IN",device-mobile-048,2026-08-28T10:51:11.823367+00:00,APPROVED,0,None
696efd5d-d41d-4bd4-8a4e-9600c65a8e38,35,4014.02,Instamart,Groceries,"Mumbai, IN",device-mobile-035,2026-08-28T10:51:46.823367+00:00,APPROVED,0,None
2f6c43d7-ea5e-4f25-a318-f03848da32e7,38,308.23,Airtel Bill,Utilities,"Hyderabad, IN",device-mobile-038,2026-08-28T10:53:59.823367+00:00,APPROVED,0,None
8944680c-0c67-46fc-952d-754a432b379a,34,4167.01,Vijay Sales,Electronics,"Hyderabad, IN",device-laptop-034,2026-08-28T11:30:46.823367+00:00,APPROVED,0,None
04b86f9d-3caa-4487-aa86-efa78e9d12b5,32,1361.09,Ola,Travel,"Hyderabad, IN",device-mobile-032,2026-08-28T11:50:51.823367+00:00,APPROVED,0,None
654c3e6b-b033-4f88-aecf-a542042610f2,46,7671.58,Amazon India,Shopping,"Delhi, IN",device-mobile-046,2026-08-28T12:06:16.823367+00:00,APPROVED,0,None
2721ed4d-cdd1-41ef-9d13-96c32e092b56,13,2432.71,Flipkart,Shopping,"Hyderabad, IN",device-mobile-013,2026-08-28T12:08:11.823367+00:00,APPROVED,0,None
a2d40d31-5c61-43f5-9254-646a53e65e02,47,1703.39,Tata Power,Utilities,"Chennai, IN",device-mobile-047,2026-08-28T12:11:38.823367+00:00,APPROVED,0,None
232e835a-00ae-44c8-84a8-685008d718df,12,2185.57,Adani Gas,Utilities,"Ahmedabad, IN",device-mobile-012,2026-08-28T12:13:47.823367+00:00,APPROVED,0,None
674d9f80-ed4b-4cf8-aeac-32cf5ec8f512,27,49569.3,Apple Store,Electronics,"Pune, IN",device-emulator-root-2127,2026-08-28T12:15:30.823367+00:00,SUSPICIOUS,1,UNRECOGNIZED_DEVICE
a091dcef-76fe-4f22-972f-aec39adb1d88,28,1626.15,Amazon India,Shopping,"Chennai, IN",device-mobile-028,2026-08-28T12:32:35.823367+00:00,APPROVED,0,None
98a3e7b9-a73c-4b70-9a2b-8a29303c255e,44,2301.72,Swiggy,Food & Dining,"Kolkata, IN",device-mobile-044,2026-08-28T12:38:02.823367+00:00,APPROVED,0,None
e30580b4-a61e-48dd-9678-ad97a2cf5bbe,15,1238.27,H&M,Shopping,"Kolkata, IN",device-mobile-015,2026-08-28T12:39:51.823367+00:00,APPROVED,0,None
a2d3af1d-9a85-4d76-92cf-c202f3322ab9,25,3107.48,Zepto,Groceries,"Bengaluru, IN",device-mobile-025,2026-08-28T13:03:05.823367+00:00,APPROVED,0,None
a4fc4f3b-96b6-484d-b105-c5d2ba979d37,40,1728.86,Bescom,Utilities,"Ahmedabad, IN",device-mobile-040,2026-08-28T13:05:42.823367+00:00,APPROVED,0,None
6b33086b-411a-4cda-9b65-3d564be732fd,17,1173.28,Reliance Digital,Electronics,"Mumbai, IN",device-mobile-017,2026-08-28T13:06:05.823367+00:00,APPROVED,0,None
666f3874-cb46-4f7e-8863-cee1fe0fae2c,46,860.15,Booking.com,Travel,"Delhi, IN",device-mobile-046,2026-08-28T13:12:39.823367+00:00,APPROVED,0,None
640f523d-b48e-4025-8120-b350c6312044,35,7427.46,IndiGo,Travel,"Mumbai, IN",device-mobile-035,2026-08-28T13:27:02.823367+00:00,APPROVED,0,None
95d38ea4-1c23-435f-9d54-5c356db0fd89,14,1476.72,Flipkart,Shopping,"Chennai, IN",device-mobile-014,2026-08-28T13:27:48.823367+00:00,APPROVED,0,None
2fe67d14-1b34-4067-919f-60a0801be5c1,28,1175.18,Spotify,Entertainment,"Chennai, IN",device-mobile-028,2026-08-28T13:45:43.823367+00:00,APPROVED,0,None
c226a3cc-eabd-4bcd-87a5-8af367c91c31,2,3061.41,Tata Power,Utilities,"Pune, IN",device-mobile-002,2026-08-28T13:46:40.823367+00:00,APPROVED,0,None
9add9ade-781d-4312-8e3e-ff08022c110f,10,1798.38,Barbeque Nation,Food & Dining,"Mumbai, IN",device-laptop-010,2026-08-28T13:47:39.823367+00:00,APPROVED,0,None
612da98d-eda3-400c-9c67-0f993c73df58,5,1033.45,Dominos,Food & Dining,"Mumbai, IN",device-mobile-005,2026-08-28T13:52:39.823367+00:00,APPROVED,0,None
8a1f93e7-6ccf-4d6e-bec4-be5129a8d947,36,28665.1,Apple Store,Electronics,"Ahmedabad, IN",device-emulator-root-1815,2026-08-28T14:07:01.823367+00:00,SUSPICIOUS,1,UNRECOGNIZED_DEVICE
bafc4aea-5020-4e12-aae3-4448c1577951,42,1601.17,Blinkit,Groceries,"Delhi, IN",device-mobile-042,2026-08-28T14:09:11.823367+00:00,APPROVED,0,None
3f8eae45-f4ef-403d-b415-ab3f25f19327,47,1091.07,Samsung Store,Electronics,"Bengaluru, IN",device-laptop-047,2026-08-28T14:16:54.823367+00:00,APPROVED,0,None
51fa9294-5b4c-4e14-8132-ad733fb05069,10,7623.99,BookMyShow,Entertainment,"Mumbai, IN",device-mobile-010,2026-08-28T14:23:47.823367+00:00,APPROVED,0,None
89d4a5ff-6149-49fc-8eaa-10dd646281f8,27,674.85,IndiGo,Travel,"Chennai, IN",device-mobile-027,2026-08-28T14:32:22.823367+00:00,APPROVED,0,None
f1e030c7-e6d2-4e6e-ab4e-61a2423483c4,17,1894.49,McDonald's,Food & Dining,"Mumbai, IN",device-mobile-017,2026-08-28T14:33:33.823367+00:00,APPROVED,0,None
2f21f212-5c83-4703-8d0b-8e9dd07f182f,2,1767.16,Booking.com,Travel,"Pune, IN",device-mobile-002,2026-08-28T14:34:35.823367+00:00,APPROVED,0,None
87d0b2e5-4536-40e6-8ad5-07a6fc902f23,18,2365.26,Amazon India,Shopping,"Bengaluru, IN",device-mobile-018,2026-08-28T14:54:20.823367+00:00,APPROVED,0,None
6e17c30b-4df2-4a8a-a5e3-ccf6273ec878,26,2770.57,DMart,Groceries,"Ahmedabad, IN",device-mobile-026,2026-08-28T15:01:42.823367+00:00,APPROVED,0,None
fefb843d-b492-4334-9346-3926d788cc2d,7,680.74,H&M,Shopping,"Mumbai, IN",device-mobile-007,2026-08-28T15:07:58.823367+00:00,APPROVED,0,None
91a217d6-c5f2-4a93-a337-a922d4a00aff,29,1388.42,Myntra,Shopping,"Pune, IN",device-mobile-029,2026-08-28T15:09:57.823367+00:00,APPROVED,0,None
7c3248a5-1d90-46e6-b047-8aeeef28e6d4,49,6978.29,Airtel Bill,Utilities,"Delhi, IN",device-mobile-049,2026-08-28T15:17:50.823367+00:00,APPROVED,0,None
b22a5ad1-a6c3-4b50-9079-15c19be6e22f,29,1554.78,Zomato,Food & Dining,"Pune, IN",device-mobile-029,2026-08-28T15:20:25.823367+00:00,APPROVED,0,None
945946b1-c946-4d55-be31-0385c6734f7e,25,2554.19,McDonald's,Food & Dining,"Bengaluru, IN",device-mobile-025,2026-08-28T15:50:04.823367+00:00,APPROVED,0,None
d9e5b427-9f93-44ad-8864-f9369e5722c7,8,1681.15,IRCTC,Travel,"Kolkata, IN",device-mobile-008,2026-08-28T15:50:43.823367+00:00,APPROVED,0,None
d2d1197a-017f-47cf-981c-fbd491ca2593,22,964.16,Apple Store,Electronics,"Pune, IN",device-mobile-022,2026-08-28T15:56:26.823367+00:00,APPROVED,0,None
d4c0853f-a3ca-4a30-8efb-33233fde8182,26,865.71,Tata Power,Utilities,"Ahmedabad, IN",device-mobile-026,2026-08-28T16:14:22.823367+00:00,APPROVED,0,None
14add7ee-40a7-47f8-b0e7-b075fb6d81cf,50,1004.18,BookMyShow,Entertainment,"Kolkata, IN",device-mobile-050,2026-08-28T16:16:26.823367+00:00,APPROVED,0,None
d7de5b24-4247-46e4-8fd9-a4aaf90ed558,2,4640.51,DMart,Groceries,"Pune, IN",device-mobile-002,2026-08-28T16:30:00.823367+00:00,APPROVED,0,None
648b7a1e-ba59-4ec2-ad8e-b25657d9088c,32,1251.36,Airtel Bill,Utilities,"Hyderabad, IN",device-mobile-032,2026-08-28T16:50:03.823367+00:00,APPROVED,0,None
1df8da58-1eda-4e65-b75a-71ab9fb7981d,29,3127.79,DMart,Groceries,"Pune, IN",device-mobile-029,2026-08-28T17:04:19.823367+00:00,APPROVED,0,None
3d2ef822-5015-488e-a08b-ce0cf1a8a47c,17,1696.93,Ajio,Shopping,"Mumbai, IN",device-mobile-017,2026-08-28T17:08:26.823367+00:00,APPROVED,0,None
0df143ac-fd6f-47f0-b5a4-e815de3b4a2b,38,1130.03,Swiggy,Food & Dining,"Hyderabad, IN",device-mobile-038,2026-08-28T17:13:59.823367+00:00,APPROVED,0,None
7c15a39b-88a5-4caa-a890-889e8060ab71,3,651.96,Bescom,Utilities,"Delhi, IN",device-mobile-003,2026-08-28T17:24:54.823367+00:00,APPROVED,0,None
c53404d5-829a-4341-a82b-dfd5fef02954,9,1381.56,Steam Games,Shopping,"Bucharest, RO",device-botnet-60,2026-08-28T17:29:39.823367+00:00,FLAGGED,1,FAILED_ATTEMPT_STUFFING
bdd30ea7-1d89-4e76-a3af-8464959aa622,45,695.52,Amazon India,Shopping,"Kolkata, IN",device-mobile-045,2026-08-28T17:35:13.823367+00:00,APPROVED,0,None
2e1b6bea-3cea-4fed-a6fc-1a194e1a892f,21,1617.96,Ola,Travel,"Chennai, IN",device-mobile-021,2026-08-28T17:58:41.823367+00:00,APPROVED,0,None
f0b4ce9e-a070-4417-9a46-f4676655c19a,31,855.22,Zara,Shopping,"Delhi, IN",device-mobile-031,2026-08-28T18:00:03.823367+00:00,APPROVED,0,None
a28c72d9-5f56-4fe8-84a1-d29897b3d005,3,1623.87,H&M,Shopping,"Delhi, IN",device-laptop-003,2026-08-28T18:01:56.823367+00:00,APPROVED,0,None
630fa18c-cf88-4af7-ada1-5f81fb17854f,36,19065.6,Amazon India,Shopping,"Mumbai, IN",device-mobile-036,2026-08-28T18:18:10.823367+00:00,SUSPICIOUS,1,RAPID_BURST
47decb32-c5a6-47a7-bed5-9170412420e8,17,910.61,Adani Gas,Utilities,"Mumbai, IN",device-mobile-017,2026-08-28T18:22:22.823367+00:00,APPROVED,0,None
f7c0570f-036a-412b-beeb-411961cd6978,36,5016.34,Flipkart,Shopping,"Mumbai, IN",device-mobile-036,2026-08-28T18:47:40.823367+00:00,APPROVED,0,None
e546753b-d465-44dd-98c7-68016cf2db0d,36,3573.7,Airtel Bill,Utilities,"Mumbai, IN",device-laptop-036,2026-08-28T18:50:05.823367+00:00,APPROVED,0,None
0fad57f8-20ff-4392-a73a-42e1d0d38a79,43,537.41,Jio Recharge,Utilities,"Pune, IN",device-mobile-043,2026-08-28T19:01:56.823367+00:00,APPROVED,0,None
123e671b-289a-44d9-83ee-6969a790f2ea,28,1796.04,Spotify,Entertainment,"Chennai, IN",device-mobile-028,2026-08-28T19:05:41.823367+00:00,APPROVED,0,None
5972b282-4414-40d0-82d8-0d8d304d2da0,35,2576.42,Airtel Bill,Utilities,"Mumbai, IN",device-mobile-035,2026-08-28T19:09:05.823367+00:00,APPROVED,0,None
c4a5c8c2-9913-4526-8352-9df33d039f74,43,31744.49,Apple Store,Electronics,"Hyderabad, IN",device-emulator-root-5385,2026-08-28T19:11:27.823367+00:00,SUSPICIOUS,1,UNRECOGNIZED_DEVICE
dd322e2b-1fe5-41b2-901f-2c660ff155dd,13,2491.68,Nature's Basket,Groceries,"Hyderabad, IN",device-mobile-013,2026-08-28T19:11:30.823367+00:00,APPROVED,0,None
5171aafa-29f5-4f82-99dc-004789b3da6a,9,2036.37,Jio Recharge,Utilities,"Pune, IN",device-mobile-009,2026-08-28T19:15:08.823367+00:00,APPROVED,0,None
e0d64628-668d-43b0-bec1-8ab7e19c4a70,31,1526.68,Airtel Bill,Utilities,"Delhi, IN",device-mobile-031,2026-08-28T19:36:44.823367+00:00,APPROVED,0,None
457c4726-3466-4d22-8580-a74a8ffd12af,29,2626.74,Spotify,Entertainment,"Pune, IN",device-mobile-029,2026-08-28T19:45:46.823367+00:00,APPROVED,0,None
035e208b-c71b-4b85-b6cf-818a27832a2f,34,2251.34,Zepto,Groceries,"Hyderabad, IN",device-mobile-034,2026-08-28T19:46:46.823367+00:00,APPROVED,0,None
a49ff440-82fb-4f94-832e-c98fc055c0d0,5,1828.47,Netflix,Entertainment,"Mumbai, IN",device-mobile-005,2026-08-28T19:59:41.823367+00:00,APPROVED,0,None
2b174a4b-9906-4fb5-8c45-8268e46d1db8,49,2968.48,IndiGo,Travel,"Delhi, IN",device-laptop-049,2026-08-28T20:12:11.823367+00:00,APPROVED,0,None
5384ab3b-434a-4769-b89b-669201863dec,38,785.42,Barbeque Nation,Food & Dining,"Hyderabad, IN",device-mobile-038,2026-08-28T20:22:53.823367+00:00,APPROVED,0,None
fdb3db54-fca8-456f-91b7-6b374f3eb7f0,14,625.82,Flipkart,Shopping,"Chennai, IN",device-mobile-014,2026-08-28T20:30:32.823367+00:00,APPROVED,0,None
dfe139b6-aeb5-43d7-96b1-3a8e4ff308a7,28,989.51,Croma,Electronics,"Hyderabad, IN",device-mobile-028,2026-08-28T20:49:56.823367+00:00,APPROVED,0,None
9ce9967c-0052-43b6-9528-8951b2f6bfa2,37,1685.96,Blinkit,Groceries,"Kolkata, IN",device-mobile-037,2026-08-28T21:11:41.823367+00:00,APPROVED,0,None
cb813ed1-841f-43f9-8974-5e3a8ae837b3,9,2984.28,Zepto,Groceries,"Pune, IN",device-mobile-009,2026-08-28T21:17:16.823367+00:00,APPROVED,0,None
55cd113c-fb7e-4ca5-9cee-de6710b8a8de,48,2646.45,Bescom,Utilities,"Bengaluru, IN",device-mobile-048,2026-08-28T21:36:48.823367+00:00,APPROVED,0,None
510cf65e-201c-4fe3-8143-0ba5b7bc0e30,14,2464.92,Ola,Travel,"Chennai, IN",device-mobile-014,2026-08-28T21:37:40.823367+00:00,APPROVED,0,None
0b3248dc-65f4-46fe-8fd7-fc5739a5e68f,31,2178.06,Amazon India,Shopping,"Mumbai, IN",device-mobile-031,2026-08-28T22:21:07.823367+00:00,APPROVED,0,None
b5da26a7-41a6-460e-8bec-5b81310153c7,25,2996.92,Uber,Travel,"Bengaluru, IN",device-mobile-025,2026-08-28T22:24:58.823367+00:00,APPROVED,0,None
55507ae4-6c6d-4fb4-9270-8c2730898f67,16,648.49,Airtel Bill,Utilities,"Chennai, IN",device-laptop-016,2026-08-28T22:33:47.823367+00:00,APPROVED,0,None
a32d02ef-2ec9-4cd2-b53e-9f6ac41d72eb,31,2933.03,Ola,Travel,"Delhi, IN",device-mobile-031,2026-08-28T22:37:18.823367+00:00,APPROVED,0,None
ea2dbd6d-7f59-4482-befb-5032a01f5b64,29,1853.77,Amazon India,Shopping,"Pune, IN",device-mobile-029,2026-08-28T22:41:18.823367+00:00,APPROVED,0,None
b84afae0-3ddb-47c0-9626-1c012e42fbd0,34,2408.6,Nature's Basket,Groceries,"Hyderabad, IN",device-mobile-034,2026-08-28T22:51:19.823367+00:00,APPROVED,0,None
44816566-0474-4beb-8a01-922449768bd4,5,783.28,Ajio,Shopping,"Mumbai, IN",device-mobile-005,2026-08-28T23:05:13.823367+00:00,APPROVED,0,None
57eb672f-ecb1-42be-8127-9ff45ac20ea6,50,2268.94,Swiggy,Food & Dining,"Kolkata, IN",device-mobile-050,2026-08-28T23:21:36.823367+00:00,APPROVED,0,None
c732bdab-a5a0-4ca4-9e06-184a6b95ce03,48,1013.72,Myntra,Shopping,"Bengaluru, IN",device-mobile-048,2026-08-28T23:43:03.823367+00:00,APPROVED,0,None
f7b1a8a8-7919-4c2e-88e2-0cf6b76d530a,15,1982.19,Zomato,Food & Dining,"Chennai, IN",device-mobile-015,2026-08-28T23:47:06.823367+00:00,APPROVED,0,None
fb9d75ff-e7a5-4726-a127-11cad9345cfb,11,24709.75,Apple Store,Electronics,"Delhi, IN",device-emulator-root-8548,2026-08-28T23:53:26.823367+00:00,SUSPICIOUS,1,UNRECOGNIZED_DEVICE
0175099d-7695-402e-b8a6-ad7981d384d0,31,6239.64,Spotify,Entertainment,"Delhi, IN",device-mobile-031,2026-08-28T23:55:52.823367+00:00,APPROVED,0,None
4fc4fcae-a8ce-4983-9465-6065e77cb15e,6,1006.06,DMart,Groceries,"Hyderabad, IN",device-mobile-006,2026-08-29T00:21:04.823367+00:00,APPROVED,0,None
4a9ee6cb-d2a3-4f75-82da-c5d11c7a62ad,49,1491.82,Uber,Travel,"Delhi, IN",device-laptop-049,2026-08-29T00:22:51.823367+00:00,APPROVED,0,None
37bf2dcd-c06b-46ad-9d7b-b25a75904562,9,2140.09,Amazon India,Shopping,"Pune, IN",device-mobile-009,2026-08-29T00:30:59.823367+00:00,APPROVED,0,None
c9732a72-2478-48a3-bb8a-4b64d78b2713,12,3316.27,Zepto,Groceries,"Chennai, IN",device-mobile-012,2026-08-29T00:50:18.823367+00:00,APPROVED,0,None
cf60238f-bddc-484c-a195-c3e919d5e2c8,21,3028.91,Vijay Sales,Electronics,"Chennai, IN",device-mobile-021,2026-08-29T00:50:57.823367+00:00,APPROVED,0,None
037978c9-42ed-4077-817c-d21f6d773173,35,1238.86,Vijay Sales,Electronics,"Mumbai, IN",device-mobile-035,2026-08-29T00:57:38.823367+00:00,APPROVED,0,None
c03be420-3566-489c-8e58-ee0f69fc113b,13,5076.5,Adani Gas,Utilities,"Hyderabad, IN",device-mobile-013,2026-08-29T01:02:36.823367+00:00,APPROVED,0,None
d8f1317d-61eb-4c31-be94-f80c00106301,50,134143.2,CaratLane,Luxury & Jewelry,"Kolkata, IN",device-mobile-050,2026-08-29T01:04:24.823367+00:00,FLAGGED,1,HIGH_AMOUNT_SPIKE
37bc7985-9a13-427f-bdf2-f7ef28263db1,8,3398.32,Instamart,Groceries,"Kolkata, IN",device-mobile-008,2026-08-29T01:06:35.823367+00:00,APPROVED,0,None
9610c7ad-6ef7-4521-b23d-812cdd128ee9,24,1361.54,Amazon India,Shopping,"Bengaluru, IN",device-mobile-024,2026-08-29T01:22:34.823367+00:00,APPROVED,0,None
34292e6f-b957-4ff9-8a4d-259f9caa3a9b,28,1862.32,Instamart,Groceries,"Ahmedabad, IN",device-mobile-028,2026-08-29T01:23:00.823367+00:00,APPROVED,0,None
3db8cb07-dd06-448a-8672-64257517542b,43,326.49,MakeMyTrip,Travel,"Pune, IN",device-mobile-043,2026-08-29T01:23:43.823367+00:00,APPROVED,0,None
b7c8134e-e0b9-47b5-8bec-2efda8f14bc9,39,2217.99,Ola,Travel,"Chennai, IN",device-mobile-039,2026-08-29T01:23:44.823367+00:00,APPROVED,0,None
0ceaf92e-9654-4834-81fb-0d5ed25f7b5c,12,2964.56,Reliance Digital,Electronics,"Chennai, IN",device-mobile-012,2026-08-29T01:37:56.823367+00:00,APPROVED,0,None
d80b7a10-0580-47c2-8f9e-2db1fc6678a5,25,2263.73,Myntra,Shopping,"Bengaluru, IN",device-mobile-025,2026-08-29T01:50:31.823367+00:00,APPROVED,0,None
30585c05-5fc0-477e-8e02-80b65544e6b7,48,3906.2,Swiggy,Food & Dining,"Bengaluru, IN",device-mobile-048,2026-08-29T02:08:29.823367+00:00,APPROVED,0,None
b4949084-3d19-4573-9c99-9c7a500a3a50,21,5316.07,BookMyShow,Entertainment,"Ahmedabad, IN",device-mobile-021,2026-08-29T02:09:36.823367+00:00,APPROVED,0,None
54f06645-af6d-4ff5-8bc9-a320273d9c18,43,747.86,BigBasket,Groceries,"Pune, IN",device-mobile-043,2026-08-29T02:35:29.823367+00:00,APPROVED,0,None
afd1bccc-0fc9-4ca1-b29c-bc30788c52ba,31,4207.63,McDonald's,Food & Dining,"Delhi, IN",device-mobile-031,2026-08-29T02:36:48.823367+00:00,APPROVED,0,None
3b6bb8b5-e7fb-44b1-ac0d-98d60fdbaac2,24,959.69,Ajio,Shopping,"Bengaluru, IN",device-mobile-024,2026-08-29T02:40:20.823367+00:00,APPROVED,0,None
cbf2246c-6ea9-4090-8609-9c35811afc89,37,1468.57,Swiggy,Food & Dining,"Hyderabad, IN",device-mobile-037,2026-08-29T03:04:21.823367+00:00,APPROVED,0,None
d20e5da1-9c85-4455-9b2f-8271775fc986,18,2692.8,Apple Store,Electronics,"Bengaluru, IN",device-laptop-018,2026-08-29T03:16:57.823367+00:00,APPROVED,0,None
fe436f4c-0165-41bf-9a8e-bbb901c9e75f,49,2863.03,Croma,Electronics,"Delhi, IN",device-laptop-049,2026-08-29T03:20:58.823367+00:00,APPROVED,0,None
d79ee574-3825-495c-bfb0-5f25766f289c,9,1924.14,Barbeque Nation,Food & Dining,"Pune, IN",device-mobile-009,2026-08-29T03:41:19.823367+00:00,APPROVED,0,None
a4699595-00b6-47f9-ae31-3f38910e2190,8,3218.55,Malabar Gold,Luxury & Jewelry,"Kolkata, IN",device-mobile-008,2026-08-29T03:42:47.823367+00:00,APPROVED,0,None
38cf33d2-83a5-4db9-97ef-a1b3ab337eb7,44,5097.43,Blinkit,Groceries,"Kolkata, IN",device-laptop-044,2026-08-29T03:47:22.823367+00:00,APPROVED,0,None
3fb7456f-0b9a-4ba3-978a-4d6f2fc19d67,48,2131.3,Ola,Travel,"Bengaluru, IN",device-mobile-048,2026-08-29T03:54:14.823367+00:00,APPROVED,0,None
d83843d9-a3a7-4809-82c0-eef9eed06324,1,1618.33,Starbucks,Food & Dining,"Bengaluru, IN",device-mobile-001,2026-08-29T03:58:49.823367+00:00,APPROVED,0,None
30b823f2-948f-4415-867b-4e896b8bd406,50,721.79,Nature's Basket,Groceries,"Kolkata, IN",device-mobile-050,2026-08-29T03:59:19.823367+00:00,APPROVED,0,None
259fcd08-4350-4ce4-9225-36d6cc632880,21,1017.15,H&M,Shopping,"Chennai, IN",device-mobile-021,2026-08-29T03:59:43.823367+00:00,APPROVED,0,None
e0cd3688-242f-456c-a4d0-f4bbe19cb746,29,4560.71,McDonald's,Food & Dining,"Pune, IN",device-mobile-029,2026-08-29T04:08:59.823367+00:00,APPROVED,0,None
cdd5d39b-3bc8-4794-a618-71210050ca9e,30,1034.27,Uber,Travel,"Bengaluru, IN",device-laptop-030,2026-08-29T04:10:58.823367+00:00,APPROVED,0,None
e193b379-631b-4797-9832-fa91d04c7b48,34,4731.88,MakeMyTrip,Travel,"Hyderabad, IN",device-mobile-034,2026-08-29T04:21:19.823367+00:00,APPROVED,0,None
61dc5732-1c2e-4a67-a54f-1f8a05f482de,17,32734.38,Myntra,Shopping,"London, UK",device-mobile-017,2026-08-29T04:21:41.823367+00:00,SUSPICIOUS,1,LOCATION_HOPPING
6bd66b69-ad81-4dd3-ac56-b71ced3cbb59,30,890.23,Instamart,Groceries,"Bengaluru, IN",device-mobile-030,2026-08-29T04:22:10.823367+00:00,APPROVED,0,None
b6e061a8-e102-400f-b8b4-a69e6e379ed2,19,2427.99,MakeMyTrip,Travel,"Kolkata, IN",device-mobile-019,2026-08-29T04:32:44.823367+00:00,APPROVED,0,None
1a69545a-dceb-4a0e-9199-4c7a0911a0f2,34,3423.79,Barbeque Nation,Food & Dining,"Hyderabad, IN",device-mobile-034,2026-08-29T04:37:54.823367+00:00,APPROVED,0,None
4ebd976c-5cc6-44d2-b215-4ba03f754023,3,3691.14,Blinkit,Groceries,"Delhi, IN",device-mobile-003,2026-08-29T04:45:42.823367+00:00,APPROVED,0,None
a79b6cbb-ed91-4e84-85f3-b8862b3bbfce,7,1425.04,Zara,Shopping,"Mumbai, IN",device-mobile-007,2026-08-29T05:15:19.823367+00:00,APPROVED,0,None
af78d7ee-3132-4796-b6d1-742985cfca2c,18,2663.6,Netflix,Entertainment,"Bengaluru, IN",device-mobile-018,2026-08-29T05:15:37.823367+00:00,APPROVED,0,None
6fe9faee-c492-4ea1-ba22-e687750bad4c,6,1299.03,Bescom,Utilities,"Hyderabad, IN",device-mobile-006,2026-08-29T05:16:57.823367+00:00,APPROVED,0,None
84765b7e-e357-44e0-9138-c7508559eafc,10,2162.43,Apple Store,Electronics,"Mumbai, IN",device-mobile-010,2026-08-29T05:25:48.823367+00:00,APPROVED,0,None
f43eab9e-965f-4116-bc19-8b19b2aadc1c,46,4806.66,Swiggy,Food & Dining,"Delhi, IN",device-mobile-046,2026-08-29T05:41:07.823367+00:00,APPROVED,0,None
146ea72a-f7e8-4ad1-b925-eb37b2445d1c,21,1722.01,Adani Gas,Utilities,"Delhi, IN",device-mobile-021,2026-08-29T05:44:57.823367+00:00,APPROVED,0,None
ed075bb4-54bb-4ed2-9f1a-507d70635bdd,48,2676.25,Apple Store,Electronics,"Bengaluru, IN",device-mobile-048,2026-08-29T06:04:57.823367+00:00,APPROVED,0,None
2fa1287b-6232-41f1-b5f5-87e30b5ba2df,32,1008.51,Netflix,Entertainment,"Hyderabad, IN",device-mobile-032,2026-08-29T06:08:27.823367+00:00,APPROVED,0,None
d459c2af-6288-4fb8-b7d0-a8ff5bdffbf7,15,597.28,DMart,Groceries,"Kolkata, IN",device-mobile-015,2026-08-29T06:16:30.823367+00:00,APPROVED,0,None
7da073e7-8c7a-4d80-aea8-3402659f7e12,28,3942.17,Myntra,Shopping,"Chennai, IN",device-mobile-028,2026-08-29T06:25:21.823367+00:00,APPROVED,0,None
85f7ffde-78bb-4dce-a9ad-ea067445d255,16,871.83,Zepto,Groceries,"Chennai, IN",device-laptop-016,2026-08-29T06:33:29.823367+00:00,APPROVED,0,None
5d19b4b6-4b04-424f-bce2-8c63d8e6bff3,25,1114.85,MakeMyTrip,Travel,"Bengaluru, IN",device-mobile-025,2026-08-29T06:39:47.823367+00:00,APPROVED,0,None
e075c650-d97a-44b9-bde5-6f4245940e6d,29,1400.93,H&M,Shopping,"Pune, IN",device-mobile-029,2026-08-29T07:15:13.823367+00:00,APPROVED,0,None
3d37b5bb-922e-4023-8537-7d8a42635388,35,2300.94,Blinkit,Groceries,"Mumbai, IN",device-mobile-035,2026-08-29T07:29:37.823367+00:00,APPROVED,0,None
500ae852-8660-455b-8ef2-0434626b357f,50,969.2,Croma,Electronics,"Kolkata, IN",device-mobile-050,2026-08-29T07:29:38.823367+00:00,APPROVED,0,None
f14cf58c-6e35-4cd2-9c6f-97c7eb2a6910,44,40538.02,Apple Store,Electronics,"Hyderabad, IN",device-emulator-root-8518,2026-08-29T07:31:59.823367+00:00,SUSPICIOUS,1,UNRECOGNIZED_DEVICE
cdeba846-1769-4389-a4c4-1f819a49bb25,38,758.85,Samsung Store,Electronics,"Hyderabad, IN",device-laptop-038,2026-08-29T07:41:01.823367+00:00,APPROVED,0,None
9d6eaa30-96e7-42e2-bbdc-798ef7a4360e,20,1628.72,Myntra,Shopping,"Pune, IN",device-mobile-020,2026-08-29T08:45:38.823367+00:00,APPROVED,0,None
36ab267d-ee09-47fb-b654-c40572b48196,9,1321.24,Samsung Store,Electronics,"Pune, IN",device-laptop-009,2026-08-29T08:49:10.823367+00:00,APPROVED,0,None
1699b24b-5b7e-450c-b245-b0613c730031,28,1093.16,Netflix,Entertainment,"Chennai, IN",device-mobile-028,2026-08-29T08:52:56.823367+00:00,APPROVED,0,None
b1c49e40-11e9-434f-aa10-fe868bf55161,13,2297.9,Ajio,Shopping,"Hyderabad, IN",device-mobile-013,2026-08-29T09:03:55.823367+00:00,APPROVED,0,None
4a30283c-c285-4025-954f-4a7c1cb19a0b,21,3107.12,Airtel Bill,Utilities,"Chennai, IN",device-mobile-021,2026-08-29T09:04:50.823367+00:00,APPROVED,0,None
bd099b9c-3ab8-4b73-8cde-f23947b1e3b2,21,3945.61,Blinkit,Groceries,"Chennai, IN",device-laptop-021,2026-08-29T09:17:38.823367+00:00,APPROVED,0,None
cd45d276-5543-4a65-8477-20542924d83b,30,610.79,Myntra,Shopping,"Bengaluru, IN",device-mobile-030,2026-08-29T09:25:48.823367+00:00,APPROVED,0,None
1a145a03-0aef-42c2-9f0a-f87da6dd6ab4,36,2476.71,CaratLane,Luxury & Jewelry,"Mumbai, IN",device-mobile-036,2026-08-29T09:27:25.823367+00:00,APPROVED,0,None
7f127aa0-9f43-4d49-afe0-d846ece77060,21,1576.58,Amazon India,Shopping,"Chennai, IN",device-mobile-021,2026-08-29T09:43:28.823367+00:00,APPROVED,0,None
3b0bfbcb-d895-43a3-b3cb-bbafb6b19518,1,2002.04,Zomato,Food & Dining,"Ahmedabad, IN",device-mobile-001,2026-08-29T09:47:10.823367+00:00,APPROVED,0,None
1f6088c1-432d-428a-a3fd-001a3668746b,20,1424.66,MakeMyTrip,Travel,"Pune, IN",device-mobile-020,2026-08-29T09:57:38.823367+00:00,APPROVED,0,None
e45c3bfb-c864-445e-93b7-5312b28a7db3,1,1198.08,Flipkart,Shopping,"Bengaluru, IN",device-mobile-001,2026-08-29T10:08:25.823367+00:00,APPROVED,0,None
88e09ce3-9301-4770-b52c-912a8801b6ef,34,7320.83,BigBasket,Groceries,"Hyderabad, IN",device-mobile-034,2026-08-29T10:32:35.823367+00:00,APPROVED,0,None
6e03dc54-7609-4632-8c53-13229a851101,17,2370.84,Barbeque Nation,Food & Dining,"Mumbai, IN",device-mobile-017,2026-08-29T10:39:51.823367+00:00,APPROVED,0,None
c780e2d3-48cc-4fff-bc48-cf32a108b9dc,22,1236.82,BigBasket,Groceries,"Bengaluru, IN",device-mobile-022,2026-08-29T10:48:57.823367+00:00,APPROVED,0,None
e90c3c45-14e6-4c31-900e-fb2c79385a19,43,7562.37,Steam Games,Shopping,"London, UK",device-botnet-96,2026-08-29T10:58:09.823367+00:00,FLAGGED,1,FAILED_ATTEMPT_STUFFING
792a0db9-1389-4179-84df-77aacb64aae6,45,1742.68,Barbeque Nation,Food & Dining,"Pune, IN",device-mobile-045,2026-08-29T11:02:43.823367+00:00,APPROVED,0,None
1c2ba1f9-451f-4a6c-ba93-3d79b388fc16,9,2187.48,McDonald's,Food & Dining,"Pune, IN",device-mobile-009,2026-08-29T11:14:14.823367+00:00,APPROVED,0,None
38159b4f-f492-42e2-8025-cf5867262fac,40,1185.2,Ajio,Shopping,"Ahmedabad, IN",device-mobile-040,2026-08-29T11:16:31.823367+00:00,APPROVED,0,None
1c6947c4-f1f1-4eb8-b890-d03575d9420c,44,5587.33,Airtel Bill,Utilities,"Bengaluru, IN",device-mobile-044,2026-08-29T11:16:38.823367+00:00,APPROVED,0,None
b4221be1-d282-4053-862f-19c2bd074797,42,1860.44,Spotify,Entertainment,"Delhi, IN",device-mobile-042,2026-08-29T11:35:57.823367+00:00,APPROVED,0,None
df40027e-be37-44f1-97fe-6b2b4a8945fa,19,2115.69,BigBasket,Groceries,"Delhi, IN",device-mobile-019,2026-08-29T11:40:04.823367+00:00,APPROVED,0,None
4ec6099d-8a25-4a95-adc7-2a31ae4904e4,17,1129.6,Steam Games,Entertainment,"Mumbai, IN",device-mobile-017,2026-08-29T11:47:14.823367+00:00,APPROVED,0,None
fa47d1f6-ecce-48bd-9940-fcd29d4473a5,7,275.08,Tata Power,Utilities,"Mumbai, IN",device-laptop-007,2026-08-29T11:51:37.823367+00:00,APPROVED,0,None
838c1f92-9ef2-4cf3-91b6-16acaa871fcd,32,1024.05,Samsung Store,Electronics,"Hyderabad, IN",device-mobile-032,2026-08-29T11:59:37.823367+00:00,APPROVED,0,None
0e441d6e-d2fe-454f-b93e-537e677ba63b,19,2366.33,Flipkart,Shopping,"Kolkata, IN",device-mobile-019,2026-08-29T12:00:36.823367+00:00,APPROVED,0,None
b5f21d7c-607b-406e-b8b6-e12b89ae9d0e,27,1581.28,BookMyShow,Entertainment,"Ahmedabad, IN",device-mobile-027,2026-08-29T12:15:03.823367+00:00,APPROVED,0,None
b2eb469d-539e-4ae5-97ac-609bfc7dd82c,32,451.1,Bescom,Utilities,"Hyderabad, IN",device-mobile-032,2026-08-29T12:25:47.823367+00:00,APPROVED,0,None
c7edda47-5875-4601-af5e-2ae1454ad21d,29,3671.56,Zepto,Groceries,"Pune, IN",device-mobile-029,2026-08-29T12:27:31.823367+00:00,APPROVED,0,None
3e550660-57bd-4a51-9dc4-b259dfb2fb53,8,4865.0,Myntra,Shopping,"Kolkata, IN",device-mobile-008,2026-08-29T12:32:04.823367+00:00,APPROVED,0,None
1b7286ee-e123-43d0-bf14-9b15bb613359,7,567.93,PVR Cinemas,Entertainment,"Mumbai, IN",device-mobile-007,2026-08-29T12:36:05.823367+00:00,APPROVED,0,None
110776f9-b94c-459f-8cb3-1cdd35a222ca,32,670.59,Myntra,Shopping,"Hyderabad, IN",device-mobile-032,2026-08-29T12:38:18.823367+00:00,APPROVED,0,None
90ccd541-e79b-4fc0-b0cb-8715a54ef49b,12,3963.73,McDonald's,Food & Dining,"Chennai, IN",device-mobile-012,2026-08-29T12:39:40.823367+00:00,APPROVED,0,None
38d84577-9225-4b1b-bb7b-c1ef03a1b72b,12,1595.14,Airtel Bill,Utilities,"Chennai, IN",device-mobile-012,2026-08-29T12:47:50.823367+00:00,APPROVED,0,None
610d46c8-9808-46e6-82ea-0c69f15d2847,7,637.96,IndiGo,Travel,"Mumbai, IN",device-mobile-007,2026-08-29T13:00:41.823367+00:00,APPROVED,0,None
a0671e5a-fa64-4673-8f2f-2ca640e5ed5f,4,5705.49,Adani Gas,Utilities,"Bengaluru, IN",device-mobile-004,2026-08-29T13:17:38.823367+00:00,APPROVED,0,None
0f39ef73-6a58-4ede-b9a0-f92481b233f6,13,1794.16,Zara,Shopping,"Hyderabad, IN",device-mobile-013,2026-08-29T13:21:32.823367+00:00,APPROVED,0,None
5425bd74-7210-4596-aec2-a3e70c94d712,32,1188.98,H&M,Shopping,"Hyderabad, IN",device-mobile-032,2026-08-29T13:26:02.823367+00:00,APPROVED,0,None
459a7e27-a2e6-4e59-8e44-3adc367526f3,33,959.82,BookMyShow,Entertainment,"Kolkata, IN",device-mobile-033,2026-08-29T13:39:05.823367+00:00,APPROVED,0,None
46093334-9674-449f-a3a4-1b929ee18c5c,38,555.44,Booking.com,Travel,"Hyderabad, IN",device-mobile-038,2026-08-29T13:58:03.823367+00:00,APPROVED,0,None
c69acdee-e9bd-41be-a639-1af838510f64,26,1901.7,Amazon India,Shopping,"Ahmedabad, IN",device-mobile-026,2026-08-29T14:10:47.823367+00:00,APPROVED,0,None
807e911b-7bca-4a7f-8ed6-5eb2ee69703e,43,559.22,Blinkit,Groceries,"Pune, IN",device-mobile-043,2026-08-29T14:22:50.823367+00:00,APPROVED,0,None
8e2b81a2-e9a1-4010-96c1-d1650a408383,40,715.66,Jio Recharge,Utilities,"Ahmedabad, IN",device-mobile-040,2026-08-29T14:31:28.823367+00:00,APPROVED,0,None
502218db-80da-48d4-9042-5410b0435953,23,1381.38,MakeMyTrip,Travel,"Hyderabad, IN",device-mobile-023,2026-08-29T14:32:27.823367+00:00,APPROVED,0,None
fff2566a-dc36-4760-81c7-5391309fdbc2,40,1378.94,Swiggy,Food & Dining,"Ahmedabad, IN",device-mobile-040,2026-08-29T14:33:46.823367+00:00,APPROVED,0,None
1ca4a029-190e-45a5-899c-0f8608320976,15,488.36,Samsung Store,Electronics,"Pune, IN",device-mobile-015,2026-08-29T14:49:43.823367+00:00,APPROVED,0,None
4acd0ded-c989-45e2-beec-13758ab23cfa,15,787.63,IRCTC,Travel,"Kolkata, IN",device-mobile-015,2026-08-29T14:55:14.823367+00:00,APPROVED,0,None
7500d30b-a9b8-48da-adfb-1f9cabdf1cef,32,1134.29,Myntra,Shopping,"Hyderabad, IN",device-mobile-032,2026-08-29T14:56:30.823367+00:00,APPROVED,0,None
2ebc5323-5f68-4fc3-a8d8-610b8506ea86,6,868.45,Zomato,Food & Dining,"Hyderabad, IN",device-mobile-006,2026-08-29T14:57:28.823367+00:00,APPROVED,0,None
1aec1c59-770b-4bd0-9fa6-ef030cacd624,15,815.47,Netflix,Entertainment,"Kolkata, IN",device-mobile-015,2026-08-29T15:01:39.823367+00:00,APPROVED,0,None
b3abb761-60fa-4a2f-8267-71811a8eb75f,21,163402.09,Malabar Gold,Luxury & Jewelry,"Chennai, IN",device-mobile-021,2026-08-29T15:02:36.823367+00:00,FLAGGED,1,HIGH_AMOUNT_SPIKE
0cfdd749-85e0-4120-b453-fafc77ba211e,31,1993.5,Swiggy,Food & Dining,"Delhi, IN",device-mobile-031,2026-08-29T15:03:45.823367+00:00,APPROVED,0,None
bf31f3d0-3b78-4411-806e-5f7097ee6ef4,40,1340.03,H&M,Shopping,"Ahmedabad, IN",device-mobile-040,2026-08-29T15:18:04.823367+00:00,APPROVED,0,None
8b3d2fbc-2844-4be3-992c-455271bc4199,13,4699.81,Instamart,Groceries,"Hyderabad, IN",device-mobile-013,2026-08-29T15:19:09.823367+00:00,APPROVED,0,None
3cc09ceb-952d-409c-ad97-068bba9ee235,18,1804.29,Amazon India,Shopping,"Bengaluru, IN",device-mobile-018,2026-08-29T15:22:57.823367+00:00,APPROVED,0,None
630b8778-8ec0-4f38-89bd-6c6aea82b897,21,4050.06,Airtel Bill,Utilities,"Chennai, IN",device-mobile-021,2026-08-29T15:50:29.823367+00:00,APPROVED,0,None
113751fc-1324-4c78-a559-a8bcee659b04,11,396.22,Myntra,Shopping,"Delhi, IN",device-mobile-011,2026-08-29T16:10:39.823367+00:00,APPROVED,0,None
54baa488-d279-4631-9088-d99fbb7e0368,23,3168.02,Booking.com,Travel,"Hyderabad, IN",device-mobile-023,2026-08-29T16:27:43.823367+00:00,APPROVED,0,None
c942a86e-5e3d-453e-9bea-344abf5ba23a,43,933.19,Ola,Travel,"Pune, IN",device-laptop-043,2026-08-29T16:34:20.823367+00:00,APPROVED,0,None
8c0a4023-5f0e-4d87-a126-d2009e5bdb8d,34,2457.48,MakeMyTrip,Travel,"Hyderabad, IN",device-mobile-034,2026-08-29T16:41:29.823367+00:00,APPROVED,0,None
26b3bcc1-fbac-4ab1-8f82-08a6d8f2faaa,29,2629.07,Uber,Travel,"Pune, IN",device-mobile-029,2026-08-29T16:51:48.823367+00:00,APPROVED,0,None
449fdf42-7546-4d06-abf7-d40eb33110da,44,4155.13,Tanishq,Luxury & Jewelry,"Kolkata, IN",device-mobile-044,2026-08-29T16:59:27.823367+00:00,APPROVED,0,None
2d72987c-7d78-498a-b033-281505ceac26,16,1151.84,Tata Power,Utilities,"Chennai, IN",device-laptop-016,2026-08-29T17:05:48.823367+00:00,APPROVED,0,None
b89b3d90-4179-472a-8f26-5a994f69fba5,40,997.49,Adani Gas,Utilities,"Ahmedabad, IN",device-mobile-040,2026-08-29T17:21:25.823367+00:00,APPROVED,0,None
59fb7545-c8c5-4bcc-8598-7e053f8c1eaf,33,1045.24,Barbeque Nation,Food & Dining,"Kolkata, IN",device-mobile-033,2026-08-29T17:22:39.823367+00:00,APPROVED,0,None
95c94cb6-9400-41d5-a623-334c09207809,19,3082.87,Instamart,Groceries,"Kolkata, IN",device-mobile-019,2026-08-29T17:33:15.823367+00:00,APPROVED,0,None
6c351252-6d00-462f-9e2c-c5a76153048f,32,1145.87,Starbucks,Food & Dining,"Hyderabad, IN",device-mobile-032,2026-08-29T17:46:39.823367+00:00,APPROVED,0,None
ea67bffa-bdb6-47b2-aa74-54fca41aba40,35,3994.44,Booking.com,Travel,"Mumbai, IN",device-mobile-035,2026-08-29T17:53:32.823367+00:00,APPROVED,0,None
263b2fb0-c358-412e-b056-22f6918a7f30,39,2407.93,Adani Gas,Utilities,"Chennai, IN",device-mobile-039,2026-08-29T18:07:43.823367+00:00,APPROVED,0,None
df81b86c-ee83-4f95-bdb0-01d1bc7bc6c4,6,2378.1,CaratLane,Luxury & Jewelry,"Hyderabad, IN",device-mobile-006,2026-08-29T18:31:12.823367+00:00,APPROVED,0,None
ee57b2e5-d667-4d21-9600-3ded50145f57,25,5269.96,Airtel Bill,Utilities,"Bengaluru, IN",device-mobile-025,2026-08-29T18:31:16.823367+00:00,APPROVED,0,None
3605f8a6-407c-4138-bd98-8ba0847aab54,38,537.5,Swiggy,Food & Dining,"Hyderabad, IN",device-mobile-038,2026-08-29T18:50:06.823367+00:00,APPROVED,0,None
ccffbd47-6ff6-42bd-8785-53f3f3b71d73,40,2293.59,Booking.com,Travel,"Ahmedabad, IN",device-mobile-040,2026-08-29T18:50:34.823367+00:00,APPROVED,0,None
b9113ccc-7c12-4186-b816-19b1c6284c27,13,4746.16,Amazon India,Shopping,"Hyderabad, IN",device-laptop-013,2026-08-29T18:52:04.823367+00:00,APPROVED,0,None
10bb7562-6c48-4f74-960f-aa8ef35c8a9d,6,962.15,Ola,Travel,"Hyderabad, IN",device-mobile-006,2026-08-29T18:52:04.823367+00:00,APPROVED,0,None
b72bae35-b505-40fe-85a4-fecad3e6b8f0,43,393.0,BigBasket,Groceries,"Pune, IN",device-mobile-043,2026-08-29T18:55:11.823367+00:00,APPROVED,0,None
9b5e1167-8b24-460f-bd54-f52af71d06f6,8,3770.23,Ajio,Shopping,"Kolkata, IN",device-mobile-008,2026-08-29T18:56:33.823367+00:00,APPROVED,0,None
3b602f88-b249-4249-8a2e-0058fb3c5fdf,24,2416.83,Booking.com,Travel,"Bengaluru, IN",device-laptop-024,2026-08-29T19:07:02.823367+00:00,APPROVED,0,None
1a2138a2-c798-4fc5-a6a0-190abc69aeac,38,1312.38,Flipkart,Shopping,"Hyderabad, IN",device-mobile-038,2026-08-29T19:11:03.823367+00:00,APPROVED,0,None
03480ca2-d1c9-4556-8310-b350d3c027e9,43,584.12,IndiGo,Travel,"Pune, IN",device-laptop-043,2026-08-29T19:41:45.823367+00:00,APPROVED,0,None
59dc859e-057f-4deb-8bf9-204f17e4b7e9,2,2114.19,BigBasket,Groceries,"Pune, IN",device-mobile-002,2026-08-29T19:51:54.823367+00:00,APPROVED,0,None
81ba9d18-2151-48fa-98f7-491694467dd2,20,1067.97,Dominos,Food & Dining,"Pune, IN",device-mobile-020,2026-08-29T20:05:24.823367+00:00,APPROVED,0,None
da973d15-9355-4afd-982f-86476fd2b3b8,11,577.63,Adani Gas,Utilities,"Delhi, IN",device-laptop-011,2026-08-29T20:08:14.823367+00:00,APPROVED,0,None
48e3724a-6b0f-4ec4-bda5-955a9997b2f6,26,3157.68,H&M,Shopping,"Ahmedabad, IN",device-laptop-026,2026-08-29T20:09:55.823367+00:00,APPROVED,0,None
ec5f9ef1-2e7f-4438-912c-e943109c0b03,16,1205.98,Spotify,Entertainment,"Chennai, IN",device-mobile-016,2026-08-29T20:10:14.823367+00:00,APPROVED,0,None
2fdfe994-fa51-476c-acce-c3db8cecad7b,32,881.6,MakeMyTrip,Travel,"Hyderabad, IN",device-mobile-032,2026-08-29T20:13:47.823367+00:00,APPROVED,0,None
40b30261-1add-45d7-80f9-a5c00a6f613e,7,504.39,Netflix,Entertainment,"Mumbai, IN",device-mobile-007,2026-08-29T20:19:49.823367+00:00,APPROVED,0,None
6f0abe8d-716b-4383-9da3-ca232e518dfd,38,511.12,Nature's Basket,Groceries,"Hyderabad, IN",device-mobile-038,2026-08-29T20:27:55.823367+00:00,APPROVED,0,None
5fa8b024-cb69-4d99-98ed-2c4bfb370722,43,747.21,Amazon India,Shopping,"Pune, IN",device-mobile-043,2026-08-29T20:30:29.823367+00:00,APPROVED,0,None
994bfa60-fb8d-4bc0-8b48-9256fc6bfcfe,4,1425.46,Instamart,Groceries,"Bengaluru, IN",device-mobile-004,2026-08-29T20:36:14.823367+00:00,APPROVED,0,None
7f34c1f8-3ad7-4096-a988-b0da7be99f8d,26,1758.03,DMart,Groceries,"Ahmedabad, IN",device-mobile-026,2026-08-29T20:58:47.823367+00:00,APPROVED,0,None
8eb1ef7d-0c0b-4475-9e2d-7b04e475cb6f,35,2759.97,BookMyShow,Entertainment,"Mumbai, IN",device-mobile-035,2026-08-29T21:13:04.823367+00:00,APPROVED,0,None
4212fdd5-267a-47e0-a630-f66f9684022a,8,3410.82,Adani Gas,Utilities,"Kolkata, IN",device-mobile-008,2026-08-29T21:17:22.823367+00:00,APPROVED,0,None
5e75bc40-e73e-4db9-9a85-ddc7a5043b05,18,1307.88,Flipkart,Shopping,"Bengaluru, IN",device-mobile-018,2026-08-29T21:43:23.823367+00:00,APPROVED,0,None
2fb3f77d-a2cc-45f4-98c0-4084137c5a23,22,530.63,DMart,Groceries,"Bengaluru, IN",device-mobile-022,2026-08-29T21:53:06.823367+00:00,APPROVED,0,None
f65b3e50-e633-42c8-846d-1125f5288b38,26,2167.91,PVR Cinemas,Entertainment,"Ahmedabad, IN",device-laptop-026,2026-08-29T21:56:21.823367+00:00,APPROVED,0,None
9cebaf9e-bd59-483d-8593-ee3e9dab289b,45,1035.94,Zara,Shopping,"Kolkata, IN",device-mobile-045,2026-08-29T22:12:58.823367+00:00,APPROVED,0,None
e562a5ae-31b0-4376-b4e5-b56dbb13ab4f,44,3013.69,H&M,Shopping,"Kolkata, IN",device-mobile-044,2026-08-29T22:19:41.823367+00:00,APPROVED,0,None
c3767bde-3404-4d2d-bfa0-045853ef16ee,36,1790.0,DMart,Groceries,"Mumbai, IN",device-mobile-036,2026-08-29T22:24:06.823367+00:00,APPROVED,0,None
f5aff845-351f-4e6e-9310-0a74798959ed,41,864.65,Amazon India,Shopping,"Mumbai, IN",device-mobile-041,2026-08-29T22:31:22.823367+00:00,APPROVED,0,None
c4e723b1-1eba-4717-8917-860b7a3b0388,39,7120.79,Steam Games,Shopping,"Singapore, SG",device-botnet-40,2026-08-29T22:47:38.823367+00:00,FLAGGED,1,FAILED_ATTEMPT_STUFFING
0b78b76c-7017-4b26-ab89-9b13d2e04782,3,3186.27,Amazon India,Shopping,"Delhi, IN",device-mobile-003,2026-08-29T23:06:22.823367+00:00,APPROVED,0,None
b9b4588b-5d31-468c-ba10-445b1134d09d,20,1231.29,Flipkart,Shopping,"Pune, IN",device-mobile-020,2026-08-29T23:11:36.823367+00:00,APPROVED,0,None
3ce5becf-1d96-44da-8128-85c4da1ac632,20,1718.34,IndiGo,Travel,"Pune, IN",device-laptop-020,2026-08-29T23:21:08.823367+00:00,APPROVED,0,None
d4cf3cbd-1aa0-4d67-aaf5-18d05902df16,30,1160.26,Flipkart,Shopping,"Bengaluru, IN",device-mobile-030,2026-08-29T23:28:22.823367+00:00,APPROVED,0,None
eb09da98-d1e6-45a5-90fc-6d931f461617,16,1065.42,Nature's Basket,Groceries,"Chennai, IN",device-mobile-016,2026-08-29T23:38:41.823367+00:00,APPROVED,0,None
33450794-0ae1-4a0e-83c6-6ce2cc4ccd6e,18,1767.31,MakeMyTrip,Travel,"Bengaluru, IN",device-mobile-018,2026-08-29T23:41:53.823367+00:00,APPROVED,0,None
29fdc32f-0d3d-4a7d-b174-54242a6982b6,24,32237.03,Apple Store,Electronics,"Ahmedabad, IN",device-emulator-root-4027,2026-08-29T23:55:22.823367+00:00,SUSPICIOUS,1,UNRECOGNIZED_DEVICE
b8f59af3-c67e-4eed-a45d-4645c35a7886,1,1242.34,McDonald's,Food & Dining,"Hyderabad, IN",device-mobile-001,2026-08-29T23:57:52.823367+00:00,APPROVED,0,None
eabf348f-bdaf-41d9-adc8-1e464110c3d2,16,1158.26,Spotify,Entertainment,"Chennai, IN",device-mobile-016,2026-08-29T23:58:14.823367+00:00,APPROVED,0,None
6af18324-9e7b-4987-85e1-431d58380677,32,1698.17,Barbeque Nation,Food & Dining,"Hyderabad, IN",device-mobile-032,2026-08-30T00:16:34.823367+00:00,APPROVED,0,None
7a26adc9-36be-412a-a117-f921cfa0ef11,6,1203.97,Reliance Digital,Electronics,"Hyderabad, IN",device-mobile-006,2026-08-30T00:19:19.823367+00:00,APPROVED,0,None
2e6270b1-29b4-4a5a-b06b-18674c3d6ae4,11,977.11,Airtel Bill,Utilities,"Delhi, IN",device-mobile-011,2026-08-30T00:19:30.823367+00:00,APPROVED,0,None
78196fdf-4cde-4559-a73b-03311ba2e755,21,2341.54,Jio Recharge,Utilities,"Chennai, IN",device-mobile-021,2026-08-30T00:33:43.823367+00:00,APPROVED,0,None
66d347e1-dc21-47fa-9132-dff5c1824d89,39,2887.54,Ajio,Shopping,"Chennai, IN",device-mobile-039,2026-08-30T00:36:43.823367+00:00,APPROVED,0,None
00fa7b7e-2d19-4d73-9a46-5b30f3ff472b,29,5486.42,Swiggy,Food & Dining,"Pune, IN",device-mobile-029,2026-08-30T00:49:25.823367+00:00,APPROVED,0,None
1f6f9dc1-3d9d-4797-98a3-fdbf377f40a9,2,5129.71,IndiGo,Travel,"Pune, IN",device-mobile-002,2026-08-30T00:50:43.823367+00:00,APPROVED,0,None
d63b0e23-6dfc-44c1-8482-3dbeeebf2cf8,11,1207.32,BookMyShow,Entertainment,"Delhi, IN",device-mobile-011,2026-08-30T00:57:19.823367+00:00,APPROVED,0,None
70f2d07a-a366-451d-b416-32b8380c0d21,36,2248.99,Reliance Digital,Electronics,"Mumbai, IN",device-mobile-036,2026-08-30T01:12:05.823367+00:00,APPROVED,0,None
e563ba7a-fd22-4463-8911-f7be0c46b14b,26,2595.85,Ajio,Shopping,"Hyderabad, IN",device-laptop-026,2026-08-30T01:19:32.823367+00:00,APPROVED,0,None
b0eadcd2-29cb-47e7-a29c-38d6688889ab,38,413.07,Jio Recharge,Utilities,"Hyderabad, IN",device-mobile-038,2026-08-30T01:22:16.823367+00:00,APPROVED,0,None
66262ab7-b880-4147-9906-11c8f3e545d4,1,1797.49,Jio Recharge,Utilities,"Bengaluru, IN",device-mobile-001,2026-08-30T01:25:46.823367+00:00,APPROVED,0,None
fa5d900d-f33b-4953-a349-575f1ca3b41a,13,4421.26,Bescom,Utilities,"Hyderabad, IN",device-mobile-013,2026-08-30T01:27:59.823367+00:00,APPROVED,0,None
a00d83e2-41d3-4997-9f17-7a5ffee405c4,28,646.17,Nature's Basket,Groceries,"Chennai, IN",device-mobile-028,2026-08-30T01:38:33.823367+00:00,APPROVED,0,None
a2b85447-930b-47a6-bf51-1650a9966198,42,2496.25,Netflix,Entertainment,"Delhi, IN",device-mobile-042,2026-08-30T01:44:26.823367+00:00,APPROVED,0,None
95eb9831-de59-40da-8caf-7ebca50004c2,29,2894.14,Nature's Basket,Groceries,"Pune, IN",device-laptop-029,2026-08-30T01:44:50.823367+00:00,APPROVED,0,None
11d43c8b-2bd9-4729-ba20-9ff835cbafb4,13,1818.61,Dominos,Food & Dining,"Hyderabad, IN",device-mobile-013,2026-08-30T01:47:06.823367+00:00,APPROVED,0,None
cfea9ddb-de5b-4929-a5b2-5cf1a859df95,45,939.67,Ajio,Shopping,"Kolkata, IN",device-mobile-045,2026-08-30T02:06:20.823367+00:00,APPROVED,0,None
e3102d2c-e5bb-40cb-a0e0-beb8f0de15f5,5,34003.36,H&M,Shopping,"Singapore, SG",device-mobile-005,2026-08-30T02:30:36.823367+00:00,SUSPICIOUS,1,LOCATION_HOPPING
e91d19ea-5188-4881-b0ec-dea3cdbe7654,28,1774.26,IRCTC,Travel,"Chennai, IN",device-mobile-028,2026-08-30T02:59:54.823367+00:00,APPROVED,0,None
256e57df-2153-477c-b5ca-6b4f605431fb,3,3007.26,MakeMyTrip,Travel,"Delhi, IN",device-mobile-003,2026-08-30T03:17:06.823367+00:00,APPROVED,0,None
0280a0ff-bba7-482b-8220-c8d26e7bc09a,23,1056.91,Adani Gas,Utilities,"Hyderabad, IN",device-mobile-023,2026-08-30T03:19:26.823367+00:00,APPROVED,0,None
b31070a4-e46a-49d1-9483-6b5ca8279a85,24,1189.1,DMart,Groceries,"Bengaluru, IN",device-mobile-024,2026-08-30T03:22:45.823367+00:00,APPROVED,0,None
72974dfe-27ef-4594-a60e-314c7bedd2d2,15,771.48,Barbeque Nation,Food & Dining,"Kolkata, IN",device-mobile-015,2026-08-30T03:28:51.823367+00:00,APPROVED,0,None
a3eba0cd-bb8f-46e1-b59b-9cb8fab315aa,4,1903.6,McDonald's,Food & Dining,"Bengaluru, IN",device-laptop-004,2026-08-30T03:30:09.823367+00:00,APPROVED,0,None
34059c6f-df0e-4243-8f38-6be874f025cb,27,874.48,PVR Cinemas,Entertainment,"Chennai, IN",device-mobile-027,2026-08-30T04:19:12.823367+00:00,APPROVED,0,None
0b410801-fea8-426a-b545-e24e59e56ab6,43,1199.46,Tanishq,Luxury & Jewelry,"Pune, IN",device-mobile-043,2026-08-30T04:19:14.823367+00:00,APPROVED,0,None
5ab0dc1e-f05a-4123-9da8-a1eb16539c1a,19,764.75,BookMyShow,Entertainment,"Kolkata, IN",device-mobile-019,2026-08-30T04:21:41.823367+00:00,APPROVED,0,None
f18d46f8-2454-4ec3-937f-b80241dc68ef,48,2739.26,Ajio,Shopping,"Bengaluru, IN",device-mobile-048,2026-08-30T04:27:19.823367+00:00,APPROVED,0,None
03b51a93-e176-4888-8992-32436888ca8f,44,3323.29,Zepto,Groceries,"Kolkata, IN",device-mobile-044,2026-08-30T04:31:20.823367+00:00,APPROVED,0,None
c4ba1c7c-900b-4098-a3fa-47aa4b833720,7,865.62,H&M,Shopping,"Mumbai, IN",device-mobile-007,2026-08-30T04:34:20.823367+00:00,APPROVED,0,None
322ab351-9957-4ce9-8750-75b01af4dc9a,40,1697.85,Adani Gas,Utilities,"Ahmedabad, IN",device-mobile-040,2026-08-30T04:34:24.823367+00:00,APPROVED,0,None
14ccff05-cd60-400d-a0ad-cc90668ed5f3,37,2064.33,Adani Gas,Utilities,"Kolkata, IN",device-mobile-037,2026-08-30T04:44:16.823367+00:00,APPROVED,0,None
fc7d74ef-f9fe-40a3-a316-26c867d5c616,28,593.6,BigBasket,Groceries,"Chennai, IN",device-mobile-028,2026-08-30T05:08:04.823367+00:00,APPROVED,0,None
ea770b23-ed2b-40c8-8559-20355b957eab,17,2257.51,Barbeque Nation,Food & Dining,"Mumbai, IN",device-mobile-017,2026-08-30T05:21:54.823367+00:00,APPROVED,0,None
87d295d4-753c-4111-9fc8-86dc26e16c86,24,1902.69,Zomato,Food & Dining,"Bengaluru, IN",device-laptop-024,2026-08-30T05:36:10.823367+00:00,APPROVED,0,None
06315bbd-abd3-4b18-962a-3accc9fdc607,28,3946.51,Flipkart,Shopping,"Chennai, IN",device-mobile-028,2026-08-30T05:37:25.823367+00:00,APPROVED,0,None
d74f7b5c-13e7-48b6-b5a7-6508b03001a7,15,1230.64,Spotify,Entertainment,"Kolkata, IN",device-mobile-015,2026-08-30T05:41:40.823367+00:00,APPROVED,0,None
848b4465-926f-4b1b-8526-c332880b6dd4,23,946.31,Tata Power,Utilities,"Hyderabad, IN",device-mobile-023,2026-08-30T05:48:30.823367+00:00,APPROVED,0,None
3b8fbd27-3af9-49a0-96dc-497cad9619b8,25,1186.73,Bescom,Utilities,"Bengaluru, IN",device-mobile-025,2026-08-30T05:52:49.823367+00:00,APPROVED,0,None
739cc8e6-b8d1-451f-a1ba-7edd976e0e6b,32,724.29,Adani Gas,Utilities,"Chennai, IN",device-mobile-032,2026-08-30T06:15:42.823367+00:00,APPROVED,0,None
1f520007-a9ab-4fdf-b2d0-626bbe4b9b05,34,2195.34,Netflix,Entertainment,"Hyderabad, IN",device-mobile-034,2026-08-30T06:16:32.823367+00:00,APPROVED,0,None
2fe60388-a326-484b-9330-3664d3defb54,49,3879.1,Croma,Electronics,"Delhi, IN",device-mobile-049,2026-08-30T06:24:32.823367+00:00,APPROVED,0,None
1ec110ff-0473-486c-bbf2-8f2c24eba042,9,1558.59,Booking.com,Travel,"Pune, IN",device-mobile-009,2026-08-30T06:26:53.823367+00:00,APPROVED,0,None
775a85ea-3cab-4348-8059-61dfc690863c,14,1574.56,Steam Games,Entertainment,"Chennai, IN",device-mobile-014,2026-08-30T06:33:24.823367+00:00,APPROVED,0,None
df2e71b1-e902-4f63-b518-abbc0bd64a8a,2,4734.31,Myntra,Shopping,"Pune, IN",device-mobile-002,2026-08-30T06:34:06.823367+00:00,APPROVED,0,None
23aa0a23-4e06-4df8-9dc2-71bc10986da0,1,1063.41,Swiggy,Food & Dining,"Bengaluru, IN",device-mobile-001,2026-08-30T06:37:24.823367+00:00,APPROVED,0,None
68ac23ca-db09-4a0a-8e16-faaf129aa4c2,6,39586.76,Booking.com,Travel,"Singapore, SG",device-mobile-006,2026-08-30T06:41:19.823367+00:00,SUSPICIOUS,1,LOCATION_HOPPING
eb7cce81-e2a9-4f3c-ae83-4fbaf4a47503,7,469.06,Bescom,Utilities,"Mumbai, IN",device-mobile-007,2026-08-30T06:59:25.823367+00:00,APPROVED,0,None
1a23c06f-9f0d-4ba5-bcac-8e65d06439eb,10,1231.12,Spotify,Entertainment,"Mumbai, IN",device-mobile-010,2026-08-30T07:05:05.823367+00:00,APPROVED,0,None
e3f5d124-9f5f-4589-bb75-39e16a71944b,23,89893.04,Apple Store,Electronics,"Chennai, IN",device-emulator-root-2242,2026-08-30T07:20:20.823367+00:00,SUSPICIOUS,1,UNRECOGNIZED_DEVICE
37f36097-a7cb-44b5-9fec-3a2ddb09ed40,1,1139.35,Uber,Travel,"Bengaluru, IN",device-mobile-001,2026-08-30T07:49:46.823367+00:00,APPROVED,0,None
7d6a5afd-aa8a-47bb-83a9-9411f444c0c6,3,2599.58,PVR Cinemas,Entertainment,"Delhi, IN",device-mobile-003,2026-08-30T08:38:24.823367+00:00,APPROVED,0,None
cdbd102e-366c-4e60-8876-7b3146164f7a,24,1021.34,Ajio,Shopping,"Bengaluru, IN",device-mobile-024,2026-08-30T08:52:24.823367+00:00,APPROVED,0,None
3f8d6ae0-4c0d-4578-a640-34eb10e58a4d,43,179.51,Reliance Digital,Electronics,"Pune, IN",device-laptop-043,2026-08-30T09:09:28.823367+00:00,APPROVED,0,None
e063a873-13db-4923-8910-1db45235f452,15,778.73,Reliance Digital,Electronics,"Kolkata, IN",device-mobile-015,2026-08-30T09:15:07.823367+00:00,APPROVED,0,None
b8702b91-c073-41ff-8ca3-c60c7ed6ff08,28,2144.21,Adani Gas,Utilities,"Chennai, IN",device-mobile-028,2026-08-30T09:17:58.823367+00:00,APPROVED,0,None
ef90f51f-3d2e-4d78-854b-253172b1baa5,43,534.56,Samsung Store,Electronics,"Pune, IN",device-mobile-043,2026-08-30T09:22:04.823367+00:00,APPROVED,0,None
de9241da-fef2-405d-97f9-54efc4be7f24,37,1847.11,Jio Recharge,Utilities,"Kolkata, IN",device-mobile-037,2026-08-30T09:26:31.823367+00:00,APPROVED,0,None
bcc825fa-dd86-4126-b78c-6ca610f69044,5,787.88,Myntra,Shopping,"Delhi, IN",device-mobile-005,2026-08-30T09:31:30.823367+00:00,APPROVED,0,None
a27ae236-e643-410a-8183-ecdc1a03395b,36,5067.0,Zara,Shopping,"Mumbai, IN",device-laptop-036,2026-08-30T09:34:30.823367+00:00,APPROVED,0,None
425f9e09-6abd-4302-9b5b-0a0fbd0c1202,7,984.25,DMart,Groceries,"Mumbai, IN",device-mobile-007,2026-08-30T09:40:28.823367+00:00,APPROVED,0,None
49293b9b-eed1-4c95-9889-c5a68b257c97,32,855.23,Apple Store,Electronics,"Hyderabad, IN",device-mobile-032,2026-08-30T10:19:39.823367+00:00,APPROVED,0,None
4aa10c7e-87b0-4123-9ac4-234266636f0b,18,9673.81,Amazon India,Shopping,"Bengaluru, IN",device-mobile-018,2026-08-30T10:31:37.823367+00:00,SUSPICIOUS,1,RAPID_BURST
007b0301-2577-4dbf-88b8-179d951eaec3,29,1811.29,Myntra,Shopping,"Pune, IN",device-mobile-029,2026-08-30T10:32:55.823367+00:00,APPROVED,0,None
fe9888b1-b24a-44da-8c5b-43ad609c7a83,43,774.43,Tata Power,Utilities,"Pune, IN",device-mobile-043,2026-08-30T10:35:03.823367+00:00,APPROVED,0,None
f0c4fb0a-4749-449c-8204-cfeaadb343a2,49,3091.57,Flipkart,Shopping,"Hyderabad, IN",device-mobile-049,2026-08-30T10:42:18.823367+00:00,APPROVED,0,None
e86173be-5fd4-426d-8488-da88e4a1726a,7,1574.14,Swiggy,Food & Dining,"Mumbai, IN",device-mobile-007,2026-08-30T10:45:44.823367+00:00,APPROVED,0,None
40199d60-a015-4f48-9fcb-100fdd6fe123,4,658.45,Steam Games,Entertainment,"Bengaluru, IN",device-laptop-004,2026-08-30T10:48:01.823367+00:00,APPROVED,0,None
0df75042-91ee-4895-9cae-d17d84351909,27,1556.6,Ajio,Shopping,"Chennai, IN",device-mobile-027,2026-08-30T10:49:28.823367+00:00,APPROVED,0,None
a01c6766-5f25-4cd9-b9f4-059e094442f0,25,1518.06,Ajio,Shopping,"Bengaluru, IN",device-mobile-025,2026-08-30T11:02:08.823367+00:00,APPROVED,0,None
37526bee-67eb-4866-9c3c-91ae73e5fea8,9,1407.89,Netflix,Entertainment,"Pune, IN",device-mobile-009,2026-08-30T11:10:42.823367+00:00,APPROVED,0,None
81ff3588-946d-4fef-8a55-6da6c1cd4e55,32,687.02,Steam Games,Entertainment,"Hyderabad, IN",device-mobile-032,2026-08-30T11:19:22.823367+00:00,APPROVED,0,None
33d774d5-4f0a-40e4-a782-e3e933a192b3,16,841.43,Tata Power,Utilities,"Chennai, IN",device-mobile-016,2026-08-30T11:27:52.823367+00:00,APPROVED,0,None
497c30d0-3418-4685-93de-c7de357051fc,34,4731.99,Tata Power,Utilities,"Hyderabad, IN",device-mobile-034,2026-08-30T11:28:10.823367+00:00,APPROVED,0,None
472cb4c0-26d1-44a7-b867-aac2d8528cd4,4,3490.48,Bescom,Utilities,"Delhi, IN",device-mobile-004,2026-08-30T11:30:11.823367+00:00,APPROVED,0,None
d668a398-355f-4dbc-9c6d-2e741aeae30c,46,1728.59,Instamart,Groceries,"Delhi, IN",device-laptop-046,2026-08-30T11:32:14.823367+00:00,APPROVED,0,None
d9fc2968-d4d4-42a1-9989-29594e816731,17,3197.08,Blinkit,Groceries,"Mumbai, IN",device-mobile-017,2026-08-30T11:33:59.823367+00:00,APPROVED,0,None
fc0dc7a9-66b7-4579-84c4-7b272b9d7187,13,3734.93,McDonald's,Food & Dining,"Hyderabad, IN",device-mobile-013,2026-08-30T11:34:34.823367+00:00,APPROVED,0,None
a2a5ac88-e2eb-4a18-858f-a31a19af1dee,18,1654.43,Zara,Shopping,"Bengaluru, IN",device-mobile-018,2026-08-30T11:37:48.823367+00:00,APPROVED,0,None
601cf3ed-bd06-4036-90e2-333aeefd5cd4,23,901.51,Jio Recharge,Utilities,"Hyderabad, IN",device-mobile-023,2026-08-30T11:43:07.823367+00:00,APPROVED,0,None
e8520492-28f9-4293-af50-8c73c436a9fc,21,3000.56,Bescom,Utilities,"Chennai, IN",device-mobile-021,2026-08-30T11:52:01.823367+00:00,APPROVED,0,None
9aa008f2-0115-42b0-b16b-fa64b5bceb3e,36,3536.24,Spotify,Entertainment,"Mumbai, IN",device-mobile-036,2026-08-30T12:06:53.823367+00:00,APPROVED,0,None
59017d5e-75a6-487c-8769-bc23302046b0,46,2659.33,BigBasket,Groceries,"Delhi, IN",device-mobile-046,2026-08-30T12:08:14.823367+00:00,APPROVED,0,None
848c1073-ee85-47e3-8bab-bd30569d01d7,46,1952.71,McDonald's,Food & Dining,"Bengaluru, IN",device-mobile-046,2026-08-30T12:08:52.823367+00:00,APPROVED,0,None
9766bf30-51e8-4151-a6bf-619a7c3a243c,20,1230.0,DMart,Groceries,"Pune, IN",device-mobile-020,2026-08-30T12:13:34.823367+00:00,APPROVED,0,None
cfb3fcdc-e03f-496d-bb60-0870c08fadc3,24,3333.1,Steam Games,Shopping,"London, UK",device-botnet-76,2026-08-30T12:20:57.823367+00:00,FLAGGED,1,FAILED_ATTEMPT_STUFFING
62a38481-36df-4fbf-9fe3-1f99328ab9ad,11,630.24,Myntra,Shopping,"Delhi, IN",device-mobile-011,2026-08-30T12:26:20.823367+00:00,APPROVED,0,None
64b1b701-a350-40be-b3e0-99a7fa8b17cb,18,4108.45,BigBasket,Groceries,"Bengaluru, IN",device-mobile-018,2026-08-30T12:46:06.823367+00:00,APPROVED,0,None
7359fcc4-f884-4f9d-944a-0750fbb361da,15,2043.58,Barbeque Nation,Food & Dining,"Kolkata, IN",device-mobile-015,2026-08-30T12:50:35.823367+00:00,APPROVED,0,None
ecd3bf7e-f4d1-43ac-9d7d-91c58cd3787b,39,11061.32,Amazon India,Shopping,"Chennai, IN",device-mobile-039,2026-08-30T13:00:25.823367+00:00,SUSPICIOUS,1,RAPID_BURST
d7f8b217-5c9e-4b7f-a661-080179f8b93e,7,868.91,Vijay Sales,Electronics,"Mumbai, IN",device-mobile-007,2026-08-30T13:01:46.823367+00:00,APPROVED,0,None
d882e2af-0c51-410f-b526-a423e3befb81,6,723.0,Zara,Shopping,"Hyderabad, IN",device-mobile-006,2026-08-30T13:04:11.823367+00:00,APPROVED,0,None
bdeb1caf-0bdc-4cfb-9f7a-32024592b8f5,2,3696.33,Zara,Shopping,"Pune, IN",device-mobile-002,2026-08-30T13:07:54.823367+00:00,APPROVED,0,None
4c420725-4719-44f9-bc1b-d6657972ba58,12,2228.6,Ajio,Shopping,"Chennai, IN",device-mobile-012,2026-08-30T13:08:18.823367+00:00,APPROVED,0,None
d575f1e8-bc42-4efa-9ebe-8ffdf95e469d,2,5231.51,Bescom,Utilities,"Pune, IN",device-mobile-002,2026-08-30T13:08:51.823367+00:00,APPROVED,0,None
c04d4c6f-b26b-4701-a3ee-ab44d466a50f,49,1193.07,Adani Gas,Utilities,"Delhi, IN",device-mobile-049,2026-08-30T13:11:35.823367+00:00,APPROVED,0,None
657bd102-602f-493c-9329-51afe907ab25,10,1732.49,Zara,Shopping,"Mumbai, IN",device-mobile-010,2026-08-30T13:16:48.823367+00:00,APPROVED,0,None
6439b15e-0d24-4540-89cc-7da7f966fa00,45,1550.05,Myntra,Shopping,"Kolkata, IN",device-mobile-045,2026-08-30T13:33:33.823367+00:00,APPROVED,0,None
92135be2-89e8-449e-8302-d4c7c99439d8,2,3622.61,MakeMyTrip,Travel,"Pune, IN",device-mobile-002,2026-08-30T13:42:20.823367+00:00,APPROVED,0,None
502942cd-5d7b-47a6-8c48-fe27b7b9231e,12,3260.94,IndiGo,Travel,"Chennai, IN",device-mobile-012,2026-08-30T13:47:12.823367+00:00,APPROVED,0,None
28ad809c-4daf-4d44-b48e-4967128b0e7d,3,2278.77,Uber,Travel,"Delhi, IN",device-mobile-003,2026-08-30T13:53:45.823367+00:00,APPROVED,0,None
a9a3c763-75ca-4bdc-a38d-b2da6d84bbc7,29,1803.48,Booking.com,Travel,"Pune, IN",device-laptop-029,2026-08-30T13:54:06.823367+00:00,APPROVED,0,None
ebb1d564-ab8a-4661-98e6-acfb5bbf6e54,37,2982.18,Adani Gas,Utilities,"Kolkata, IN",device-mobile-037,2026-08-30T13:56:59.823367+00:00,APPROVED,0,None
2bd2535a-1d3a-4f4d-82f6-b21108d85e36,49,835.22,Samsung Store,Electronics,"Delhi, IN",device-mobile-049,2026-08-30T13:57:21.823367+00:00,APPROVED,0,None
136928e0-b76d-457f-9bf1-28deebe54c4e,15,884.18,Ola,Travel,"Kolkata, IN",device-mobile-015,2026-08-30T14:02:08.823367+00:00,APPROVED,0,None
bb9fc623-8ffa-4f93-bd12-675be7681863,33,1962.23,Ola,Travel,"Kolkata, IN",device-mobile-033,2026-08-30T14:03:39.823367+00:00,APPROVED,0,None
f7eb78f4-a26a-4084-a1ba-e2d65b1129be,18,2228.67,Zara,Shopping,"Bengaluru, IN",device-mobile-018,2026-08-30T14:04:06.823367+00:00,APPROVED,0,None
4ad119d0-7497-4dbd-a472-f1994cd5f1db,35,4490.8,Adani Gas,Utilities,"Mumbai, IN",device-mobile-035,2026-08-30T14:05:14.823367+00:00,APPROVED,0,None
ebe1f5f0-b76a-439f-9a06-3e7a351c15c7,12,4225.09,Apple Store,Electronics,"Chennai, IN",device-mobile-012,2026-08-30T14:11:54.823367+00:00,APPROVED,0,None
26086c64-9287-44d4-a6a9-4bd674dd7cbd,40,2761.45,Flipkart,Shopping,"Ahmedabad, IN",device-mobile-040,2026-08-30T14:12:56.823367+00:00,APPROVED,0,None
e17a4783-a5e2-40de-b599-1c06a7a58cfa,42,1060.5,Ajio,Shopping,"Delhi, IN",device-mobile-042,2026-08-30T14:28:44.823367+00:00,APPROVED,0,None
903eee4e-8663-4083-bf4c-0c64d0cf8a61,43,692.9,Dominos,Food & Dining,"Pune, IN",device-mobile-043,2026-08-30T14:35:39.823367+00:00,APPROVED,0,None
a2897dbb-3310-4a77-833f-2d635dc05963,45,1086.36,Flipkart,Shopping,"Kolkata, IN",device-mobile-045,2026-08-30T15:18:54.823367+00:00,APPROVED,0,None
cadcef56-ec28-4e19-b6b1-d2fbbc97b287,48,5215.61,Apple Store,Electronics,"Bengaluru, IN",device-mobile-048,2026-08-30T15:24:05.823367+00:00,APPROVED,0,None
b9c9d530-865b-462b-a976-10843d683cf3,43,259.2,BigBasket,Groceries,"Pune, IN",device-mobile-043,2026-08-30T15:31:15.823367+00:00,APPROVED,0,None
38cc7ad6-097e-432d-a664-be16ff9364f5,33,599.68,Barbeque Nation,Food & Dining,"Kolkata, IN",device-mobile-033,2026-08-30T15:33:11.823367+00:00,APPROVED,0,None
73ec6bc8-b493-4b2c-8ef9-b03960414697,15,704.01,IRCTC,Travel,"Chennai, IN",device-mobile-015,2026-08-30T15:49:56.823367+00:00,APPROVED,0,None
c0c7c4ca-887d-47ca-a8cc-afbbb505712e,42,74240.76,Apple Store,Electronics,"Delhi, IN",device-emulator-root-1231,2026-08-30T15:50:09.823367+00:00,SUSPICIOUS,1,UNRECOGNIZED_DEVICE
3d848318-09ad-4369-afc1-6ab395af4fe3,29,2649.27,McDonald's,Food & Dining,"Pune, IN",device-laptop-029,2026-08-30T16:16:41.823367+00:00,APPROVED,0,None
dec82b34-d994-4304-b0cd-8cd3b7c4c9ec,21,3220.74,Ola,Travel,"Chennai, IN",device-mobile-021,2026-08-30T16:34:02.823367+00:00,APPROVED,0,None
5601d910-9330-4f00-ab4b-5c23862b3eee,28,1944.2,Apple Store,Electronics,"Chennai, IN",device-mobile-028,2026-08-30T16:41:21.823367+00:00,APPROVED,0,None
d38bb85a-cb62-494f-9f88-15db0e524013,21,4905.27,Vijay Sales,Electronics,"Chennai, IN",device-mobile-021,2026-08-30T16:59:29.823367+00:00,APPROVED,0,None
df7b742e-b877-45a0-b94a-f41e9e4ae771,13,2448.66,Uber,Travel,"Hyderabad, IN",device-mobile-013,2026-08-30T17:06:32.823367+00:00,APPROVED,0,None
a7878bb2-fa25-40e0-a8ee-1b7fcd5d7928,39,1974.97,Booking.com,Travel,"Chennai, IN",device-mobile-039,2026-08-30T17:09:44.823367+00:00,APPROVED,0,None
b0bb157e-52e8-49c9-99f6-ff6068f9a6b6,9,1600.51,Zomato,Food & Dining,"Pune, IN",device-mobile-009,2026-08-30T17:15:57.823367+00:00,APPROVED,0,None
cc162808-6ca4-4f59-b3d2-eb37b4f38cca,13,2383.1,Bescom,Utilities,"Hyderabad, IN",device-laptop-013,2026-08-30T17:20:15.823367+00:00,APPROVED,0,None
42f2c68a-2827-4005-a46e-aa613204ba85,45,2102.55,Booking.com,Travel,"Kolkata, IN",device-mobile-045,2026-08-30T17:36:14.823367+00:00,APPROVED,0,None
28b63690-566b-4fe8-90e9-4ece45f916f8,47,2131.39,BigBasket,Groceries,"Mumbai, IN",device-laptop-047,2026-08-30T17:53:33.823367+00:00,APPROVED,0,None
5403aed0-067b-4458-aba0-86c8056359cf,1,868.02,Amazon India,Shopping,"Bengaluru, IN",device-mobile-001,2026-08-30T17:55:27.823367+00:00,APPROVED,0,None
0bd8e46e-29f9-43c7-9a61-59ddfed11e53,45,1914.38,Amazon India,Shopping,"Kolkata, IN",device-mobile-045,2026-08-30T18:19:09.823367+00:00,APPROVED,0,None
87cfc135-62c4-42b8-9d31-ee2d195015a3,37,1657.93,Instamart,Groceries,"Kolkata, IN",device-mobile-037,2026-08-30T18:22:00.823367+00:00,APPROVED,0,None
fac358dd-e767-4bc2-a9b7-a50d65b77708,8,1948.87,MakeMyTrip,Travel,"Kolkata, IN",device-mobile-008,2026-08-30T18:30:18.823367+00:00,APPROVED,0,None
1eb6ec73-996f-45b4-9bf0-44954189b457,13,994.95,Instamart,Groceries,"Hyderabad, IN",device-mobile-013,2026-08-30T18:38:50.823367+00:00,APPROVED,0,None
37558329-eb68-492b-8d83-3a0c52f3968e,21,97381.75,Samsung Store,Electronics,"Chennai, IN",device-mobile-021,2026-08-30T18:41:36.823367+00:00,FLAGGED,1,HIGH_AMOUNT_SPIKE
4c8d19ab-878c-4a2c-b197-631a55809e33,36,2402.93,Netflix,Entertainment,"Mumbai, IN",device-mobile-036,2026-08-30T18:44:43.823367+00:00,APPROVED,0,None
a55a1e62-f361-4d1a-9a02-51d53a434545,6,351.54,Apple Store,Electronics,"Hyderabad, IN",device-mobile-006,2026-08-30T18:46:55.823367+00:00,APPROVED,0,None
47ed35cb-51e2-4b32-9b47-806211e2e1b5,20,983.74,Flipkart,Shopping,"Pune, IN",device-mobile-020,2026-08-30T18:48:56.823367+00:00,APPROVED,0,None
c12db66d-8a92-432e-95c2-dff2efc78ad0,19,1845.85,Apple Store,Electronics,"Kolkata, IN",device-mobile-019,2026-08-30T18:55:29.823367+00:00,APPROVED,0,None
f88f0419-ba4e-42c3-bab6-91b0b7d0ae59,43,1316.78,H&M,Shopping,"Pune, IN",device-mobile-043,2026-08-30T19:01:51.823367+00:00,APPROVED,0,None
6ee09b0b-0d89-4347-8fd3-2e10aae79ff7,42,4999.01,Reliance Digital,Electronics,"Delhi, IN",device-mobile-042,2026-08-30T19:33:52.823367+00:00,APPROVED,0,None
561ac1aa-6892-4a00-a46d-2f14f33f6422,14,1333.75,Myntra,Shopping,"Chennai, IN",device-mobile-014,2026-08-30T19:34:26.823367+00:00,APPROVED,0,None
37496383-ac87-4892-8cc9-642ef0e66b99,18,1789.73,IRCTC,Travel,"Bengaluru, IN",device-mobile-018,2026-08-30T19:34:48.823367+00:00,APPROVED,0,None
d90668d9-74e4-4d83-9e55-fb8b04ebebd2,22,531.11,Dominos,Food & Dining,"Bengaluru, IN",device-mobile-022,2026-08-30T19:38:37.823367+00:00,APPROVED,0,None
2f0987ca-1fd2-45c9-ba35-4ac4b46baa5d,50,1515.9,Dominos,Food & Dining,"Chennai, IN",device-laptop-050,2026-08-30T19:43:41.823367+00:00,APPROVED,0,None
61fa6d05-7e26-44a6-ac6a-5c03831601e3,1,1182.36,BigBasket,Groceries,"Ahmedabad, IN",device-mobile-001,2026-08-30T19:47:00.823367+00:00,APPROVED,0,None
b032f41a-bb2d-4fc8-974e-bbeaa796e86d,37,709.98,Reliance Digital,Electronics,"Kolkata, IN",device-mobile-037,2026-08-30T19:58:22.823367+00:00,APPROVED,0,None
17f9cd2f-2ee9-4501-bf5f-7734b07ef08e,8,3076.22,PVR Cinemas,Entertainment,"Kolkata, IN",device-mobile-008,2026-08-30T19:58:34.823367+00:00,APPROVED,0,None
72ce2a6d-8d0d-40c9-a5af-3898c62fc366,9,1472.3,Spotify,Entertainment,"Pune, IN",device-mobile-009,2026-08-30T19:58:35.823367+00:00,APPROVED,0,None
13a2cd6a-756f-42a8-b01e-30de9bad14ae,15,582.46,IRCTC,Travel,"Kolkata, IN",device-mobile-015,2026-08-30T20:04:57.823367+00:00,APPROVED,0,None
446da8fe-b85a-4e52-93db-7226f2458a4c,22,1181.27,Zara,Shopping,"Bengaluru, IN",device-mobile-022,2026-08-30T20:27:47.823367+00:00,APPROVED,0,None
b5f455ae-f9c2-46e2-b274-f2e324b999d1,46,4162.16,Bescom,Utilities,"Delhi, IN",device-mobile-046,2026-08-30T20:29:05.823367+00:00,APPROVED,0,None
f7c7a265-dbb7-4a05-888f-9e369d02e17c,39,2576.87,DMart,Groceries,"Chennai, IN",device-mobile-039,2026-08-30T20:39:16.823367+00:00,APPROVED,0,None
c72d6c33-8e20-4f26-8365-603bb4db3ee4,50,651.01,Jio Recharge,Utilities,"Kolkata, IN",device-mobile-050,2026-08-30T20:46:14.823367+00:00,APPROVED,0,None
d70c79ee-99d5-4403-8fab-8d2ba6583d24,25,2065.28,PVR Cinemas,Entertainment,"Bengaluru, IN",device-mobile-025,2026-08-30T20:59:05.823367+00:00,APPROVED,0,None
c52775fe-7234-4eb9-a74d-8b03afb352bb,47,1138.97,Croma,Electronics,"Bengaluru, IN",device-mobile-047,2026-08-30T21:06:50.823367+00:00,APPROVED,0,None
4f45475d-4206-4a75-90a1-52e42af06ec9,16,1552.8,Barbeque Nation,Food & Dining,"Chennai, IN",device-mobile-016,2026-08-30T21:09:15.823367+00:00,APPROVED,0,None
2e53aaca-4bd7-4193-9fd2-2bee9b929803,3,333692.25,Tiffany & Co,Luxury & Jewelry,"Delhi, IN",device-mobile-003,2026-08-30T21:19:26.823367+00:00,FLAGGED,1,HIGH_AMOUNT_SPIKE
8f66493a-9139-48e7-99e2-49a50ccebdf9,12,1762.12,Airtel Bill,Utilities,"Mumbai, IN",device-mobile-012,2026-08-30T21:21:28.823367+00:00,APPROVED,0,None
c3f7f52b-ed3f-4a2c-a810-0c11d6e96120,34,2068.03,Apple Store,Electronics,"Hyderabad, IN",device-mobile-034,2026-08-30T21:22:00.823367+00:00,APPROVED,0,None
4d14e9df-2819-4669-a149-3e14446e7662,25,1321.84,Reliance Digital,Electronics,"Ahmedabad, IN",device-mobile-025,2026-08-30T21:28:11.823367+00:00,APPROVED,0,None
a9897468-d8a7-4394-813d-bf42bb405b15,30,316.3,Croma,Electronics,"Bengaluru, IN",device-mobile-030,2026-08-30T21:32:31.823367+00:00,APPROVED,0,None
60a1c774-bb4d-41fc-a5dd-f1fcea01399c,5,1485.47,Myntra,Shopping,"Mumbai, IN",device-mobile-005,2026-08-30T21:55:38.823367+00:00,APPROVED,0,None
bf974655-7f4a-4438-a3b3-c8d227bfa723,31,2720.4,Barbeque Nation,Food & Dining,"Delhi, IN",device-mobile-031,2026-08-30T21:59:32.823367+00:00,APPROVED,0,None
e290c868-037f-42e3-a1cd-e046ca722805,24,2900.13,Tiffany & Co,Luxury & Jewelry,"Bengaluru, IN",device-mobile-024,2026-08-30T22:00:38.823367+00:00,APPROVED,0,None
908109e5-a034-4b8c-88d3-837d684d1c44,1,3010.28,IndiGo,Travel,"Bengaluru, IN",device-mobile-001,2026-08-30T22:10:41.823367+00:00,APPROVED,0,None
42ea58c2-354c-415f-9f90-65be2818dadf,31,4846.32,Bescom,Utilities,"Delhi, IN",device-mobile-031,2026-08-30T22:15:39.823367+00:00,APPROVED,0,None
d20d3a72-84e1-419a-ad94-9517fba82cff,32,1477.36,Dominos,Food & Dining,"Delhi, IN",device-mobile-032,2026-08-30T22:19:08.823367+00:00,APPROVED,0,None
1cb0ae5d-01be-4796-917a-296e99a003db,12,3251.84,Ajio,Shopping,"Chennai, IN",device-mobile-012,2026-08-30T22:24:40.823367+00:00,APPROVED,0,None
7ae5169c-ce2d-4189-abd2-121fc0a156f6,7,551.02,Netflix,Entertainment,"Mumbai, IN",device-mobile-007,2026-08-30T22:29:41.823367+00:00,APPROVED,0,None
65196292-da1f-4148-beed-43dd8aa626a7,45,1485.73,Vijay Sales,Electronics,"Kolkata, IN",device-mobile-045,2026-08-30T22:29:45.823367+00:00,APPROVED,0,None
d07a6d2b-52a4-4e44-9640-3b66036a2012,32,17597.66,Apple Store,Electronics,"Delhi, IN",device-emulator-root-9696,2026-08-30T22:40:44.823367+00:00,SUSPICIOUS,1,UNRECOGNIZED_DEVICE
f90839da-c14c-4287-a905-97405de2c974,14,1164.34,Reliance Digital,Electronics,"Chennai, IN",device-mobile-014,2026-08-30T22:41:20.823367+00:00,APPROVED,0,None
6a382495-ccc5-44e8-a2ba-a7eb7ac853b3,37,1221.93,Blinkit,Groceries,"Kolkata, IN",device-mobile-037,2026-08-30T22:42:36.823367+00:00,APPROVED,0,None
dee011f3-573b-4d75-be69-2a25f9c18d2c,30,722.2,DMart,Groceries,"Bengaluru, IN",device-laptop-030,2026-08-30T22:42:56.823367+00:00,APPROVED,0,None
f8c82f57-9ac6-4bde-b20e-a5b229c42b4e,8,1926.87,Spotify,Entertainment,"Kolkata, IN",device-mobile-008,2026-08-30T22:54:09.823367+00:00,APPROVED,0,None
6854a2e4-5433-42bd-bf0b-73000a55a438,23,1779.14,Croma,Electronics,"Hyderabad, IN",device-mobile-023,2026-08-30T23:04:20.823367+00:00,APPROVED,0,None
d082dee1-b1a0-46ce-a87b-aa55074d808a,15,1482.73,MakeMyTrip,Travel,"Kolkata, IN",device-mobile-015,2026-08-30T23:06:06.823367+00:00,APPROVED,0,None
0171c249-4f8f-4966-9620-cb5355f0aa71,26,3715.54,Nature's Basket,Groceries,"Ahmedabad, IN",device-mobile-026,2026-08-30T23:06:51.823367+00:00,APPROVED,0,None
c5243eb4-7061-4090-9239-9420c243f36a,14,1492.6,Flipkart,Shopping,"Ahmedabad, IN",device-mobile-014,2026-08-30T23:13:16.823367+00:00,APPROVED,0,None
0f44bfd0-875f-4410-9af4-a864799f7e34,31,1608.18,Netflix,Entertainment,"Delhi, IN",device-mobile-031,2026-08-30T23:16:37.823367+00:00,APPROVED,0,None
71f1a469-d1cb-49f3-aa1b-05364e8641f9,19,1720.19,Ajio,Shopping,"Kolkata, IN",device-mobile-019,2026-08-30T23:18:27.823367+00:00,APPROVED,0,None
d83c884e-6a3e-4a5b-ac27-efa66623dcc8,47,903.52,Zara,Shopping,"Bengaluru, IN",device-mobile-047,2026-08-30T23:33:29.823367+00:00,APPROVED,0,None
4170b12c-c385-47ec-b373-7d9a8667eeb3,1,1231.89,Croma,Electronics,"Bengaluru, IN",device-mobile-001,2026-08-30T23:36:49.823367+00:00,APPROVED,0,None
de6d309f-ff26-4816-99c1-e967b34c3237,49,3292.3,Reliance Digital,Electronics,"Delhi, IN",device-mobile-049,2026-08-30T23:46:47.823367+00:00,APPROVED,0,None
228c936b-e43b-47f5-ada9-1235a6a7141e,5,627.49,IndiGo,Travel,"Pune, IN",device-mobile-005,2026-08-30T23:57:01.823367+00:00,APPROVED,0,None
53dbb55c-d081-4ff7-bbe5-70bc7e446fc5,46,1138.86,Amazon India,Shopping,"Delhi, IN",device-laptop-046,2026-08-30T23:58:13.823367+00:00,APPROVED,0,None
1f60a3a6-42ba-43d5-88e3-ea618b39166a,2,8380.25,IRCTC,Travel,"Pune, IN",device-mobile-002,2026-08-30T23:58:23.823367+00:00,APPROVED,0,None
b62e0fe0-2290-425a-9e51-aed3794bc88c,45,1779.53,Adani Gas,Utilities,"Kolkata, IN",device-mobile-045,2026-08-30T23:59:24.823367+00:00,APPROVED,0,None
6897aa5c-f31e-4ef5-aed3-1269bd637122,40,4086.52,Ajio,Shopping,"Ahmedabad, IN",device-mobile-040,2026-08-31T00:04:59.823367+00:00,APPROVED,0,None
e7dd33b6-260a-4c3b-b585-76101935ff21,18,1416.73,Steam Games,Entertainment,"Bengaluru, IN",device-mobile-018,2026-08-31T00:05:29.823367+00:00,APPROVED,0,None
959735ad-6f8f-48fb-9076-590324f679ee,9,4769.65,PVR Cinemas,Entertainment,"Pune, IN",device-laptop-009,2026-08-31T00:10:54.823367+00:00,APPROVED,0,None
ffae2a87-f621-4ef0-a160-0b1456664a5d,16,387.22,MakeMyTrip,Travel,"Chennai, IN",device-mobile-016,2026-08-31T00:38:48.823367+00:00,APPROVED,0,None
57229920-9484-4126-aa18-e5346af42190,49,2898.6,Zara,Shopping,"Delhi, IN",device-mobile-049,2026-08-31T00:55:22.823367+00:00,APPROVED,0,None
4be39e8a-f6c8-456a-aa36-7f97cd000258,11,312.61,Airtel Bill,Utilities,"Delhi, IN",device-laptop-011,2026-08-31T01:06:35.823367+00:00,APPROVED,0,None
656885b9-cf57-4897-ba60-23d10484b808,32,1504.43,Myntra,Shopping,"Hyderabad, IN",device-mobile-032,2026-08-31T01:07:53.823367+00:00,APPROVED,0,None
a5e02fb1-8f17-406c-aef4-f793cbe3da3c,47,2476.66,Ajio,Shopping,"Bengaluru, IN",device-mobile-047,2026-08-31T01:08:02.823367+00:00,APPROVED,0,None
d9ad340c-1f57-435b-afbd-c5fb0863ea6c,22,883.75,Adani Gas,Utilities,"Bengaluru, IN",device-mobile-022,2026-08-31T01:23:11.823367+00:00,APPROVED,0,None
2e4f5fff-03eb-469d-9c17-d4d85252863e,9,2815.72,Reliance Digital,Electronics,"Pune, IN",device-mobile-009,2026-08-31T01:32:14.823367+00:00,APPROVED,0,None
f883e03e-e0c1-4586-8f31-c7ba1da50ace,8,2742.44,Spotify,Entertainment,"Kolkata, IN",device-mobile-008,2026-08-31T01:34:33.823367+00:00,APPROVED,0,None
c0f3583f-117c-45ba-9d78-8e21139bc856,39,15997.54,Amazon India,Shopping,"Chennai, IN",device-mobile-039,2026-08-31T01:43:09.823367+00:00,SUSPICIOUS,1,RAPID_BURST
78afbf26-924e-48b7-b3b1-4f6b97912451,20,1220.81,Vijay Sales,Electronics,"Pune, IN",device-mobile-020,2026-08-31T01:55:26.823367+00:00,APPROVED,0,None
4642a2e5-a172-4945-a992-0e26467e875a,30,540.18,MakeMyTrip,Travel,"Bengaluru, IN",device-mobile-030,2026-08-31T02:03:55.823367+00:00,APPROVED,0,None
ff22459e-d443-4878-9345-81318ec2de2f,49,1230.84,Ola,Travel,"Delhi, IN",device-mobile-049,2026-08-31T02:04:17.823367+00:00,APPROVED,0,None
f577955e-7032-4673-b8a8-fcf03bbbbaf2,37,1166.87,Croma,Electronics,"Kolkata, IN",device-mobile-037,2026-08-31T02:09:37.823367+00:00,APPROVED,0,None
6fbbe824-7fdc-49db-808d-87e5d87c33c1,23,1570.26,Zomato,Food & Dining,"Hyderabad, IN",device-laptop-023,2026-08-31T02:32:16.823367+00:00,APPROVED,0,None
5715421d-297e-49a1-b7ad-5fdf01107c9f,23,5024.26,BookMyShow,Entertainment,"Hyderabad, IN",device-mobile-023,2026-08-31T02:57:59.823367+00:00,APPROVED,0,None
56fff167-3674-46bd-b8c9-13d2e931ac72,25,1661.42,Instamart,Groceries,"Delhi, IN",device-mobile-025,2026-08-31T03:02:45.823367+00:00,APPROVED,0,None
c1649d28-2c52-475c-9891-b1590c51ae96,12,2145.65,Airtel Bill,Utilities,"Chennai, IN",device-mobile-012,2026-08-31T03:08:30.823367+00:00,APPROVED,0,None
73dfa4e7-14fe-403d-a5b6-bac19ded0263,13,9561.47,Reliance Digital,Electronics,"Hyderabad, IN",device-mobile-013,2026-08-31T03:15:54.823367+00:00,APPROVED,0,None
f60afacb-a9c3-42cf-a6b0-26a91a40ea16,14,2876.95,Blinkit,Groceries,"Chennai, IN",device-mobile-014,2026-08-31T03:26:42.823367+00:00,APPROVED,0,None
24ff5e50-9b1e-4bf4-8610-cbc5b4bd7024,37,2299.89,Ajio,Shopping,"Chennai, IN",device-mobile-037,2026-08-31T03:32:14.823367+00:00,APPROVED,0,None
fb2e276d-fdb6-4619-a029-2a6478c86bce,5,1354.19,Airtel Bill,Utilities,"Mumbai, IN",device-mobile-005,2026-08-31T03:46:38.823367+00:00,APPROVED,0,None
53105e66-ffb3-4281-9cd8-102596c5b849,43,370.74,Jio Recharge,Utilities,"Pune, IN",device-mobile-043,2026-08-31T03:48:56.823367+00:00,APPROVED,0,None
3419ba18-a96c-4ac9-b9ec-17d87baed1e2,31,2968.89,IRCTC,Travel,"Delhi, IN",device-mobile-031,2026-08-31T04:04:04.823367+00:00,APPROVED,0,None
e2149dad-9d8f-4c91-aa94-d7146249b3f7,7,497.66,Instamart,Groceries,"Mumbai, IN",device-mobile-007,2026-08-31T04:08:12.823367+00:00,APPROVED,0,None
680f3aae-074d-478d-9d00-964ffef381ba,19,5612.31,Steam Games,Shopping,"London, UK",device-botnet-82,2026-08-31T04:15:40.823367+00:00,FLAGGED,1,FAILED_ATTEMPT_STUFFING
ca1227a3-e318-4bc1-b132-f4d67a256797,11,226.35,Ajio,Shopping,"Delhi, IN",device-laptop-011,2026-08-31T04:36:37.823367+00:00,APPROVED,0,None
67ef0d83-ce20-4d07-ab17-039dca2f7fb5,10,1683.54,Ola,Travel,"Mumbai, IN",device-mobile-010,2026-08-31T04:37:31.823367+00:00,APPROVED,0,None
afd915af-9e6a-46de-b99a-ecdc08804074,18,2647.31,Samsung Store,Electronics,"Bengaluru, IN",device-mobile-018,2026-08-31T04:40:03.823367+00:00,APPROVED,0,None
d37a2570-8aea-4544-8a05-efc1adafc764,16,1763.23,Nature's Basket,Groceries,"Chennai, IN",device-mobile-016,2026-08-31T04:40:43.823367+00:00,APPROVED,0,None
49659d64-007e-473a-a185-e120f9b17ba0,25,2417.24,MakeMyTrip,Travel,"Bengaluru, IN",device-mobile-025,2026-08-31T04:42:41.823367+00:00,APPROVED,0,None
664ab550-efd3-493f-9489-66e4479ebf2e,43,724.78,Spotify,Entertainment,"Pune, IN",device-mobile-043,2026-08-31T04:47:04.823367+00:00,APPROVED,0,None
5468d385-2f4b-4ea6-9c4d-307ec2efa421,33,683.1,BigBasket,Groceries,"Kolkata, IN",device-mobile-033,2026-08-31T04:50:26.823367+00:00,APPROVED,0,None
b7d1bef5-c028-4dd7-bb52-125441d71331,2,5439.53,Myntra,Shopping,"Pune, IN",device-mobile-002,2026-08-31T05:00:06.823367+00:00,APPROVED,0,None
be5d8c80-2522-47e4-93f9-3734e1389aef,31,1160.4,Myntra,Shopping,"Delhi, IN",device-mobile-031,2026-08-31T05:03:36.823367+00:00,APPROVED,0,None
306d32d3-0f3e-46ad-b527-d9e5baa93cfb,47,1007.47,Myntra,Shopping,"Delhi, IN",device-mobile-047,2026-08-31T05:06:49.823367+00:00,APPROVED,0,None
7a0541a2-df66-49cf-919e-736da4bb88ca,15,1764.96,Barbeque Nation,Food & Dining,"Kolkata, IN",device-mobile-015,2026-08-31T05:19:54.823367+00:00,APPROVED,0,None
c5ff9f20-905f-4d41-ac6d-cb461f158208,8,7172.57,Reliance Digital,Electronics,"Kolkata, IN",device-mobile-008,2026-08-31T05:41:33.823367+00:00,APPROVED,0,None
06e690e8-6a83-4a90-90c7-7bb200c5a16e,32,1473.25,Zara,Shopping,"Hyderabad, IN",device-mobile-032,2026-08-31T05:53:20.823367+00:00,APPROVED,0,None
af82d782-2846-40bf-b162-e58113c9f175,4,3857.15,Reliance Digital,Electronics,"Bengaluru, IN",device-laptop-004,2026-08-31T05:58:36.823367+00:00,APPROVED,0,None
40d35277-33bd-4377-8603-b636efc2949d,7,1223.97,Myntra,Shopping,"Mumbai, IN",device-mobile-007,2026-08-31T06:04:18.823367+00:00,APPROVED,0,None
dee495f3-2b79-40a1-8113-1175b608222e,11,682.15,PVR Cinemas,Entertainment,"Delhi, IN",device-mobile-011,2026-08-31T06:08:18.823367+00:00,APPROVED,0,None
706edacc-f30b-4616-ad1f-d1949809dac0,18,1881.66,Uber,Travel,"Bengaluru, IN",device-mobile-018,2026-08-31T06:10:18.823367+00:00,APPROVED,0,None
73fe1626-b3e2-4204-ac81-fdd4c67583ff,38,1481.18,Zomato,Food & Dining,"Hyderabad, IN",device-laptop-038,2026-08-31T06:13:22.823367+00:00,APPROVED,0,None
e6d2e1f5-a052-45f0-aea8-beb173c7c53f,28,1758.31,H&M,Shopping,"Chennai, IN",device-mobile-028,2026-08-31T06:20:45.823367+00:00,APPROVED,0,None
ccbd4b25-4480-4037-a29d-4feeb1749057,43,301263.05,Tiffany & Co,Luxury & Jewelry,"Pune, IN",device-mobile-043,2026-08-31T06:27:00.823367+00:00,FLAGGED,1,HIGH_AMOUNT_SPIKE
53798dfc-4eb9-4ab4-b04f-e3f2352b2466,19,4056.38,BookMyShow,Entertainment,"Kolkata, IN",device-mobile-019,2026-08-31T06:28:31.823367+00:00,APPROVED,0,None
60db91ab-9d51-4717-be0a-5f9041677d7c,6,1211.75,IRCTC,Travel,"Hyderabad, IN",device-mobile-006,2026-08-31T06:40:43.823367+00:00,APPROVED,0,None
7a51b38d-cb9d-4866-808c-a7185207169a,28,1800.37,Adani Gas,Utilities,"Chennai, IN",device-mobile-028,2026-08-31T06:43:21.823367+00:00,APPROVED,0,None
76eacaec-4123-4b67-a82c-ccc2fbdd1b55,22,1217.08,Adani Gas,Utilities,"Bengaluru, IN",device-mobile-022,2026-08-31T06:44:25.823367+00:00,APPROVED,0,None
180b67f0-1578-4487-b777-2b97479b1412,18,3643.56,Croma,Electronics,"Bengaluru, IN",device-mobile-018,2026-08-31T06:45:53.823367+00:00,APPROVED,0,None
8ab667a3-89d3-478b-a4a6-11b74cea6f4c,30,725.01,Zara,Shopping,"Bengaluru, IN",device-laptop-030,2026-08-31T06:47:01.823367+00:00,APPROVED,0,None
60bd0958-d0da-4478-b2d9-b392888cccb4,1,3112.82,Nature's Basket,Groceries,"Bengaluru, IN",device-mobile-001,2026-08-31T06:47:30.823367+00:00,APPROVED,0,None
5afa9074-c8c5-4c36-a8e2-18b72166859e,30,421.54,Steam Games,Entertainment,"Bengaluru, IN",device-mobile-030,2026-08-31T06:54:59.823367+00:00,APPROVED,0,None
f51aeb77-2a49-45c2-a56e-b85153026408,10,2347.96,Bescom,Utilities,"Mumbai, IN",device-mobile-010,2026-08-31T06:59:01.823367+00:00,APPROVED,0,None
04c5613d-181d-457e-ac50-287d8ceca873,32,564.18,Zara,Shopping,"Hyderabad, IN",device-mobile-032,2026-08-31T07:03:18.823367+00:00,APPROVED,0,None
5558c65f-e078-4d8c-a40c-bca6d1520ebd,19,1695.88,Ola,Travel,"Kolkata, IN",device-mobile-019,2026-08-31T07:15:22.823367+00:00,APPROVED,0,None
38d0ee0d-2d8d-499e-a210-7f4f9fa1caf7,16,727.91,Amazon India,Shopping,"Chennai, IN",device-mobile-016,2026-08-31T07:18:51.823367+00:00,APPROVED,0,None
145ec932-d892-4b29-8f16-3f29fa170e57,22,746.89,BigBasket,Groceries,"Bengaluru, IN",device-mobile-022,2026-08-31T07:25:15.823367+00:00,APPROVED,0,None
b60d3b12-036c-41f3-ba00-ba6b15047115,1,2853.51,Dominos,Food & Dining,"Bengaluru, IN",device-mobile-001,2026-08-31T07:32:28.823367+00:00,APPROVED,0,None
665613fa-dad2-4906-bba2-c91f9c6f663e,34,6899.51,Samsung Store,Electronics,"Hyderabad, IN",device-laptop-034,2026-08-31T07:39:58.823367+00:00,APPROVED,0,None
04b9c9db-d358-45cc-8722-72be2b50dde3,32,1553.23,Reliance Digital,Electronics,"Hyderabad, IN",device-mobile-032,2026-08-31T07:57:28.823367+00:00,APPROVED,0,None
5a0fd448-f639-4e40-9ddc-e07ba80ac5a1,7,565.6,Tanishq,Luxury & Jewelry,"Mumbai, IN",device-mobile-007,2026-08-31T07:59:23.823367+00:00,APPROVED,0,None
34ca57c2-4cf9-4aab-bd91-09d95ec9fe38,6,1052.84,Zara,Shopping,"Hyderabad, IN",device-mobile-006,2026-08-31T08:08:34.823367+00:00,APPROVED,0,None
b9c52a3b-4718-4973-8ce9-6bed63d555e3,25,5310.84,Samsung Store,Electronics,"Bengaluru, IN",device-mobile-025,2026-08-31T08:14:07.823367+00:00,APPROVED,0,None
0ed64938-8dcd-4e80-9570-c8f354615f84,41,1144.92,Jio Recharge,Utilities,"Pune, IN",device-mobile-041,2026-08-31T08:18:22.823367+00:00,APPROVED,0,None
6a030850-0882-4f8c-b5c4-7b5e69aee3bc,16,978.16,MakeMyTrip,Travel,"Chennai, IN",device-mobile-016,2026-08-31T08:31:22.823367+00:00,APPROVED,0,None
6bd2266c-7894-43a8-9ba7-1b45dea81f06,29,2491.57,H&M,Shopping,"Pune, IN",device-mobile-029,2026-08-31T08:34:12.823367+00:00,APPROVED,0,None
4f189c68-c275-4464-9b67-34923b392a63,7,807.9,Airtel Bill,Utilities,"Hyderabad, IN",device-mobile-007,2026-08-31T08:35:06.823367+00:00,APPROVED,0,None
e83b1396-46de-4fee-abd9-6152b50923c4,42,1538.77,Netflix,Entertainment,"Delhi, IN",device-mobile-042,2026-08-31T08:36:13.823367+00:00,APPROVED,0,None
7b0150a1-9753-4d18-b5fd-5117031376bb,26,30855.71,Apple Store,Electronics,"Pune, IN",device-emulator-root-1666,2026-08-31T08:41:18.823367+00:00,SUSPICIOUS,1,UNRECOGNIZED_DEVICE
952bacdf-26b3-4e1f-82c2-db2fcc5080e0,19,2550.32,BookMyShow,Entertainment,"Kolkata, IN",device-mobile-019,2026-08-31T08:46:39.823367+00:00,APPROVED,0,None
e143a672-7c17-4342-8e75-254e35f1c543,6,2402.45,Bescom,Utilities,"Hyderabad, IN",device-mobile-006,2026-08-31T08:55:39.823367+00:00,APPROVED,0,None
597deaf9-db21-442a-91cc-0187ff1db45b,4,3455.75,Starbucks,Food & Dining,"Bengaluru, IN",device-mobile-004,2026-08-31T09:01:23.823367+00:00,APPROVED,0,None
ab478ccd-c536-4f9d-84ac-6804895aa7ee,39,1942.01,Zomato,Food & Dining,"Chennai, IN",device-mobile-039,2026-08-31T09:12:49.823367+00:00,APPROVED,0,None
00f5b6c1-4e53-443e-b1ab-9a5235b4bed7,34,3018.19,Amazon India,Shopping,"Hyderabad, IN",device-mobile-034,2026-08-31T09:20:25.823367+00:00,APPROVED,0,None
cd5d3688-be76-4b8d-b2eb-bc3c5350e414,47,1090.78,Netflix,Entertainment,"Bengaluru, IN",device-mobile-047,2026-08-31T09:20:56.823367+00:00,APPROVED,0,None
534b69b4-d146-4df5-87d3-215c468ebd7a,8,1342.43,Amazon India,Shopping,"Kolkata, IN",device-mobile-008,2026-08-31T09:28:57.823367+00:00,APPROVED,0,None
2afdacf6-6a6b-4ecb-85a0-5f3f3f5bd5b1,32,1475.32,Adani Gas,Utilities,"Hyderabad, IN",device-mobile-032,2026-08-31T09:32:01.823367+00:00,APPROVED,0,None
3e974bd9-c4cd-424e-b272-6aa44a9bb0f5,49,5013.45,Myntra,Shopping,"Delhi, IN",device-laptop-049,2026-08-31T09:33:55.823367+00:00,APPROVED,0,None
53d1aecd-7661-48a6-96f2-34a337d8e4db,35,3972.63,H&M,Shopping,"Bengaluru, IN",device-mobile-035,2026-08-31T09:40:19.823367+00:00,APPROVED,0,None
538ae687-4e06-4e37-816c-570df0b5c309,46,2076.27,Tata Power,Utilities,"Delhi, IN",device-mobile-046,2026-08-31T09:45:07.823367+00:00,APPROVED,0,None
a39ef975-c961-4789-9e13-b570651a5e4f,32,6040.48,Amazon India,Shopping,"Hyderabad, IN",device-mobile-032,2026-08-31T09:47:37.823367+00:00,SUSPICIOUS,1,RAPID_BURST
75b9491e-937b-4b6c-8f5b-4a1903046999,47,1593.6,Netflix,Entertainment,"Bengaluru, IN",device-mobile-047,2026-08-31T09:51:23.823367+00:00,APPROVED,0,None
30b137ad-6902-4bf8-ac8a-f21a30166935,47,917.21,PVR Cinemas,Entertainment,"Bengaluru, IN",device-mobile-047,2026-08-31T10:25:21.823367+00:00,APPROVED,0,None
73961bec-f44a-476c-ad5e-b513d87bb719,43,687.26,Barbeque Nation,Food & Dining,"Pune, IN",device-laptop-043,2026-08-31T10:38:17.823367+00:00,APPROVED,0,None
81db3765-ea53-4c8a-bca4-0e249d624469,46,1742.28,Zara,Shopping,"Delhi, IN",device-mobile-046,2026-08-31T10:51:50.823367+00:00,APPROVED,0,None
a2930407-696d-43ea-b3f1-e01c2820bc74,3,3133.03,PVR Cinemas,Entertainment,"Delhi, IN",device-mobile-003,2026-08-31T10:53:31.823367+00:00,APPROVED,0,None
d1145c7c-b38b-49f9-9cd8-f97fc695d556,6,611.48,Vijay Sales,Electronics,"Hyderabad, IN",device-mobile-006,2026-08-31T10:56:01.823367+00:00,APPROVED,0,None
b8d4120f-682a-4bb2-b702-98455ff10a8b,42,6181.81,Zepto,Groceries,"Delhi, IN",device-mobile-042,2026-08-31T10:57:30.823367+00:00,APPROVED,0,None
f5e1310c-0d66-4c90-b5ec-b10d6ab10661,19,1319.55,Vijay Sales,Electronics,"Kolkata, IN",device-mobile-019,2026-08-31T11:21:07.823367+00:00,APPROVED,0,None
529a3087-a959-4821-a156-db0871ed6b36,29,3538.79,Apple Store,Electronics,"Pune, IN",device-laptop-029,2026-08-31T11:30:37.823367+00:00,APPROVED,0,None
df67fa99-d267-4501-afe0-94aba36cf1b9,35,19867.06,Amazon India,Shopping,"Mumbai, IN",device-mobile-035,2026-08-31T11:32:23.823367+00:00,SUSPICIOUS,1,RAPID_BURST
8c948563-ebb1-4df6-9a66-c94e4f8dd9d0,28,1290.37,Croma,Electronics,"Pune, IN",device-mobile-028,2026-08-31T11:34:56.823367+00:00,APPROVED,0,None
56fff7d1-ea23-4a80-8428-aa3a678120c1,10,6146.55,BookMyShow,Entertainment,"Mumbai, IN",device-mobile-010,2026-08-31T12:04:38.823367+00:00,APPROVED,0,None
cd4a4a9d-2b34-4961-bf67-7e2bdf4c9a64,16,1175.71,Dominos,Food & Dining,"Chennai, IN",device-mobile-016,2026-08-31T12:13:15.823367+00:00,APPROVED,0,None
93e73c67-c5f5-430b-8c52-510a85036c27,29,1835.66,Croma,Electronics,"Pune, IN",device-mobile-029,2026-08-31T12:24:53.823367+00:00,APPROVED,0,None
9bd53aa5-362d-4ebd-ba41-afe0dfb938d2,49,1552.76,Barbeque Nation,Food & Dining,"Delhi, IN",device-mobile-049,2026-08-31T12:29:57.823367+00:00,APPROVED,0,None
f3e305e5-aa75-410d-ba89-8f0e5b35a0f9,50,770.87,CaratLane,Luxury & Jewelry,"Kolkata, IN",device-mobile-050,2026-08-31T12:52:55.823367+00:00,APPROVED,0,None
985527a1-151b-43c8-ab61-1774993f72a1,27,1699.92,BigBasket,Groceries,"Chennai, IN",device-mobile-027,2026-08-31T12:57:00.823367+00:00,APPROVED,0,None
5277e77b-b782-4845-80ba-9c17ef8cdba2,17,2065.31,DMart,Groceries,"Mumbai, IN",device-mobile-017,2026-08-31T13:21:35.823367+00:00,APPROVED,0,None
7b7d954f-b26e-4335-b176-6aa4183546bb,37,1791.28,Airtel Bill,Utilities,"Kolkata, IN",device-mobile-037,2026-08-31T13:24:48.823367+00:00,APPROVED,0,None
d6e2349a-3c16-4c77-980a-dc388fe5d15e,39,2907.49,Flipkart,Shopping,"Chennai, IN",device-mobile-039,2026-08-31T13:25:04.823367+00:00,APPROVED,0,None
460fd822-6710-4fa3-9291-7cdac1d06cbd,13,2728.06,MakeMyTrip,Travel,"Pune, IN",device-mobile-013,2026-08-31T13:28:14.823367+00:00,APPROVED,0,None
08df0cc5-2640-43f8-8a53-4dd124f75df7,30,924.15,Myntra,Shopping,"Bengaluru, IN",device-mobile-030,2026-08-31T13:30:49.823367+00:00,APPROVED,0,None
766cfa19-9c66-4028-a6a9-75e9778d2c77,6,1502.56,Croma,Electronics,"Hyderabad, IN",device-mobile-006,2026-08-31T13:36:02.823367+00:00,APPROVED,0,None
81f0d649-d123-48a0-bb1d-0fa61493f44a,14,2172.55,Vijay Sales,Electronics,"Chennai, IN",device-mobile-014,2026-08-31T13:42:16.823367+00:00,APPROVED,0,None
2320ed6c-7f54-4680-ae01-371c5df09b13,19,2543.81,Adani Gas,Utilities,"Kolkata, IN",device-mobile-019,2026-08-31T13:48:04.823367+00:00,APPROVED,0,None
c8b114b0-8a00-4a88-a7f1-cc4fae1d7dbe,29,2175.18,Myntra,Shopping,"Pune, IN",device-mobile-029,2026-08-31T13:48:29.823367+00:00,APPROVED,0,None
404aabbe-7513-49ae-8413-3a6ebbe874c8,21,2269.23,Ajio,Shopping,"Chennai, IN",device-mobile-021,2026-08-31T13:57:55.823367+00:00,APPROVED,0,None
75718cd5-451a-473d-861d-e51028f48295,29,1014.72,Swiggy,Food & Dining,"Pune, IN",device-mobile-029,2026-08-31T14:39:57.823367+00:00,APPROVED,0,None
092b6caa-7fcd-4aa9-8d92-4e8343aedc1d,25,1083.15,Myntra,Shopping,"Chennai, IN",device-mobile-025,2026-08-31T14:43:16.823367+00:00,APPROVED,0,None
8e2b2406-d377-4cad-8a24-86d80cd926eb,50,705.07,Reliance Digital,Electronics,"Kolkata, IN",device-mobile-050,2026-08-31T14:51:23.823367+00:00,APPROVED,0,None
3f4765fb-1f7b-49e7-a922-5822eb0853eb,34,3779.02,McDonald's,Food & Dining,"Hyderabad, IN",device-laptop-034,2026-08-31T15:05:01.823367+00:00,APPROVED,0,None
bbe279b3-0a7a-4e33-8109-a8baea039f94,29,1042.32,Amazon India,Shopping,"Delhi, IN",device-mobile-029,2026-08-31T15:09:03.823367+00:00,APPROVED,0,None
b65843fa-c7cb-43f7-88ae-a7bc6e11d888,29,3866.42,McDonald's,Food & Dining,"Pune, IN",device-mobile-029,2026-08-31T15:14:17.823367+00:00,APPROVED,0,None
b4e3c297-127c-49d3-99fb-aed412094dd5,29,1333.66,Spotify,Entertainment,"Chennai, IN",device-mobile-029,2026-08-31T15:14:26.823367+00:00,APPROVED,0,None
15e52ece-b5c1-433f-ac30-9d6eaac19760,15,2504.66,Tata Power,Utilities,"Kolkata, IN",device-mobile-015,2026-08-31T15:15:35.823367+00:00,APPROVED,0,None
4b8116b8-85f6-41c0-9fa3-2b9eca7c94ec,33,956.68,Swiggy,Food & Dining,"Kolkata, IN",device-mobile-033,2026-08-31T15:30:28.823367+00:00,APPROVED,0,None
7d7f6cbb-ae0b-4c69-83e0-7ea949b9ae5b,13,2252.7,Uber,Travel,"Pune, IN",device-mobile-013,2026-08-31T16:03:25.823367+00:00,APPROVED,0,None
0f0376be-cb49-4a86-a157-3daf2c58fc4e,15,1121.83,DMart,Groceries,"Kolkata, IN",device-mobile-015,2026-08-31T16:14:37.823367+00:00,APPROVED,0,None
ed2c93d2-7551-4c4d-82e1-8aadf0796d3e,38,781.5,Rolex Boutique,Luxury & Jewelry,"Hyderabad, IN",device-laptop-038,2026-08-31T16:20:53.823367+00:00,APPROVED,0,None
b700af57-e083-427b-8675-c05ef3d94ce7,16,1479.97,Croma,Electronics,"Chennai, IN",device-laptop-016,2026-08-31T16:39:30.823367+00:00,APPROVED,0,None
2380d917-75be-4e57-8f7f-f3ad72315972,8,3672.79,Dominos,Food & Dining,"Kolkata, IN",device-mobile-008,2026-08-31T16:50:04.823367+00:00,APPROVED,0,None
5f605d46-a64e-4522-b0f8-d8310e291045,24,1717.56,IRCTC,Travel,"Bengaluru, IN",device-mobile-024,2026-08-31T16:52:25.823367+00:00,APPROVED,0,None
81e3409f-42dd-4ec1-b016-d68806421d71,9,2445.81,Barbeque Nation,Food & Dining,"Pune, IN",device-laptop-009,2026-08-31T16:53:19.823367+00:00,APPROVED,0,None
df949de3-c3b1-4fba-88d0-71c7865a67ff,39,2982.54,PVR Cinemas,Entertainment,"Chennai, IN",device-mobile-039,2026-08-31T16:56:58.823367+00:00,APPROVED,0,None
807bc831-9e8f-4f01-9a97-1b464f96bc27,35,7883.93,PVR Cinemas,Entertainment,"Mumbai, IN",device-mobile-035,2026-08-31T17:06:57.823367+00:00,APPROVED,0,None
ee6fb42b-442a-4572-98bc-21c91f7ab1a4,12,1273.26,Croma,Electronics,"Chennai, IN",device-mobile-012,2026-08-31T17:09:02.823367+00:00,APPROVED,0,None
95300571-9bcf-46f8-a2f9-4a7f8100364a,21,841.46,Nature's Basket,Groceries,"Chennai, IN",device-mobile-021,2026-08-31T17:13:03.823367+00:00,APPROVED,0,None
f56398b2-ec58-4068-a2af-71ad0cfbb677,39,1206.4,Netflix,Entertainment,"Chennai, IN",device-mobile-039,2026-08-31T17:17:33.823367+00:00,APPROVED,0,None
c7bfc9a3-1e94-4b42-b424-0dd2498af6bd,41,800.26,Ola,Travel,"Chennai, IN",device-mobile-041,2026-08-31T17:18:16.823367+00:00,APPROVED,0,None
83ede63a-c7f2-45e0-8772-4f9c653155c5,16,1445.26,Adani Gas,Utilities,"Chennai, IN",device-mobile-016,2026-08-31T17:25:58.823367+00:00,APPROVED,0,None
4d828837-9ba5-48ea-b25b-e1c5befcbfc5,47,1440.8,Ajio,Shopping,"Bengaluru, IN",device-mobile-047,2026-08-31T17:41:22.823367+00:00,APPROVED,0,None
41718c5f-b70d-4ed3-9efe-c92a328deb52,30,883.64,Barbeque Nation,Food & Dining,"Bengaluru, IN",device-laptop-030,2026-08-31T17:54:26.823367+00:00,APPROVED,0,None
87670c3a-01d9-493e-9684-ed444235210a,44,1838.27,Zara,Shopping,"Kolkata, IN",device-mobile-044,2026-08-31T17:59:52.823367+00:00,APPROVED,0,None
3c009ea8-1cce-4066-a3d8-18e643b29f5b,43,605.11,Reliance Digital,Electronics,"Pune, IN",device-laptop-043,2026-08-31T18:00:20.823367+00:00,APPROVED,0,None
55e60846-dbc7-453b-9e94-829e903c0277,2,3763.4,Amazon India,Shopping,"Kolkata, IN",device-mobile-002,2026-08-31T18:06:27.823367+00:00,APPROVED,0,None
860d1474-4313-43f2-9dbe-b103734d6305,32,1416.37,Myntra,Shopping,"Hyderabad, IN",device-mobile-032,2026-08-31T18:15:42.823367+00:00,APPROVED,0,None
0558c90f-bb60-4902-9ab6-4ea8abfa635a,2,4518.65,Samsung Store,Electronics,"Pune, IN",device-mobile-002,2026-08-31T18:15:52.823367+00:00,APPROVED,0,None
279fd01d-92d5-4672-97e7-5b285a16827e,33,406.95,Blinkit,Groceries,"Kolkata, IN",device-mobile-033,2026-08-31T18:16:07.823367+00:00,APPROVED,0,None
10656fef-3357-4c61-bc8b-eb253f266aee,16,1201.16,H&M,Shopping,"Chennai, IN",device-mobile-016,2026-08-31T18:20:45.823367+00:00,APPROVED,0,None
9d17a5ec-3230-42f2-85fd-653917d23a96,37,2187.02,DMart,Groceries,"Kolkata, IN",device-mobile-037,2026-08-31T18:33:03.823367+00:00,APPROVED,0,None
4925e0ca-86e4-4b3b-b07b-c140ab210cc4,4,4465.79,Tata Power,Utilities,"Bengaluru, IN",device-laptop-004,2026-08-31T18:45:52.823367+00:00,APPROVED,0,None
165c8a03-72e5-4ca5-a805-0424787ada38,6,1585.86,Swiggy,Food & Dining,"Hyderabad, IN",device-mobile-006,2026-08-31T18:46:43.823367+00:00,APPROVED,0,None
dd5987c2-31ee-40da-bdda-7a23bf104d29,9,1794.09,Croma,Electronics,"Pune, IN",device-mobile-009,2026-08-31T19:00:23.823367+00:00,APPROVED,0,None
a615e445-8d2b-4bcf-b834-308ea17541ea,27,1277.87,Jio Recharge,Utilities,"Chennai, IN",device-mobile-027,2026-08-31T19:14:16.823367+00:00,APPROVED,0,None
2a2c830a-0c51-45db-8a90-4c3a7ba00f5b,43,529.89,Airtel Bill,Utilities,"Pune, IN",device-mobile-043,2026-08-31T19:19:57.823367+00:00,APPROVED,0,None
12198a00-43d9-45cc-8fb1-26b1db5774e1,6,1379.39,Amazon India,Shopping,"Hyderabad, IN",device-mobile-006,2026-08-31T19:26:47.823367+00:00,APPROVED,0,None
b2ae1f13-e191-47b0-8220-e3681b37ee3c,1,3690.15,Flipkart,Shopping,"Pune, IN",device-mobile-001,2026-08-31T19:45:35.823367+00:00,APPROVED,0,None
ba6c030d-a169-45b1-9b7f-2b358df52251,42,1098.84,Bescom,Utilities,"Delhi, IN",device-mobile-042,2026-08-31T19:52:45.823367+00:00,APPROVED,0,None
90ce4081-7e55-48b1-82d5-6be1258293e7,32,585.99,Bescom,Utilities,"Hyderabad, IN",device-mobile-032,2026-08-31T19:54:43.823367+00:00,APPROVED,0,None
3c877789-fa06-4378-a37e-a7f720d5ea24,6,1207.35,Uber,Travel,"Hyderabad, IN",device-mobile-006,2026-08-31T20:04:39.823367+00:00,APPROVED,0,None
0f2cd2c9-cbb8-4fb9-92cf-52ec02d89a52,45,1633.39,Apple Store,Electronics,"Kolkata, IN",device-mobile-045,2026-08-31T20:09:38.823367+00:00,APPROVED,0,None
33e86eee-9929-4fec-9d2d-407768079008,9,1728.98,Samsung Store,Electronics,"Pune, IN",device-mobile-009,2026-08-31T20:24:04.823367+00:00,APPROVED,0,None
b2ac4fbe-a9e0-4eec-a0ee-3dcc1006a78a,46,4500.36,Rolex Boutique,Luxury & Jewelry,"Delhi, IN",device-mobile-046,2026-08-31T20:30:15.823367+00:00,APPROVED,0,None
c0168a02-86d1-4a17-b377-6063c883dda0,3,2309.28,DMart,Groceries,"Delhi, IN",device-mobile-003,2026-08-31T20:39:31.823367+00:00,APPROVED,0,None
c90d2174-a0ce-4758-a1ff-94710462bc63,35,1973.78,Croma,Electronics,"Mumbai, IN",device-mobile-035,2026-08-31T20:44:10.823367+00:00,APPROVED,0,None
9dfda578-da01-4a24-bf1b-4b668daa49e6,46,1644.12,Steam Games,Entertainment,"Delhi, IN",device-mobile-046,2026-08-31T20:50:53.823367+00:00,APPROVED,0,None
c52bbb69-47e6-42f2-a73c-69e5e3c6dbf6,35,6737.66,H&M,Shopping,"Mumbai, IN",device-mobile-035,2026-08-31T20:52:36.823367+00:00,APPROVED,0,None
d8ebbd6c-8c1a-4b22-bc23-f489571aa8df,41,549.59,McDonald's,Food & Dining,"Ahmedabad, IN",device-mobile-041,2026-08-31T20:57:05.823367+00:00,APPROVED,0,None
462c9908-fdc9-46fb-bad4-78eea8ca05bd,32,1227.12,McDonald's,Food & Dining,"Hyderabad, IN",device-mobile-032,2026-08-31T21:02:05.823367+00:00,APPROVED,0,None
b9ad0a1f-06a7-4109-888a-41ae11f8a9ae,6,542.42,Bescom,Utilities,"Hyderabad, IN",device-mobile-006,2026-08-31T21:03:15.823367+00:00,APPROVED,0,None
06bc3f34-f88a-4368-9a6a-259dcf28e17b,39,2290.08,Amazon India,Shopping,"Chennai, IN",device-mobile-039,2026-08-31T21:15:17.823367+00:00,APPROVED,0,None
55a8387c-1333-4a47-856d-92713f5b21ba,20,1331.75,Flipkart,Shopping,"Pune, IN",device-mobile-020,2026-08-31T21:21:08.823367+00:00,APPROVED,0,None
2faa34cd-f345-42a0-9bb3-9c7ebf02f96b,47,925.21,Amazon India,Shopping,"Bengaluru, IN",device-mobile-047,2026-08-31T21:28:02.823367+00:00,APPROVED,0,None
6a21b6fb-d9df-4b7e-811d-75bb5f6f6600,31,2344.1,BigBasket,Groceries,"Delhi, IN",device-mobile-031,2026-08-31T21:29:09.823367+00:00,APPROVED,0,None
9a265a95-0f26-49f8-a424-9767132e865f,14,1247.32,Steam Games,Entertainment,"Pune, IN",device-mobile-014,2026-08-31T21:41:09.823367+00:00,APPROVED,0,None
d3674ebc-4ed5-4f90-8637-0e626f0dfd00,45,304512.01,Tiffany & Co,Luxury & Jewelry,"Kolkata, IN",device-mobile-045,2026-08-31T21:41:24.823367+00:00,FLAGGED,1,HIGH_AMOUNT_SPIKE
2c883dc9-3dbd-4c5a-bd6b-5c3339c87d4e,23,1226.58,Reliance Digital,Electronics,"Hyderabad, IN",device-mobile-023,2026-08-31T21:47:44.823367+00:00,APPROVED,0,None
91de470d-a0c8-4761-afac-f7d2490b1402,6,1432.56,Nature's Basket,Groceries,"Hyderabad, IN",device-mobile-006,2026-08-31T22:14:10.823367+00:00,APPROVED,0,None
5be9d5f6-2a51-4871-8306-402328b1c72f,15,912.2,Zara,Shopping,"Kolkata, IN",device-mobile-015,2026-08-31T22:34:03.823367+00:00,APPROVED,0,None
f0466993-82c3-42d1-90c8-6dcfff9f9885,33,673.72,Jio Recharge,Utilities,"Kolkata, IN",device-mobile-033,2026-08-31T22:38:30.823367+00:00,APPROVED,0,None
10f33e5a-62ee-4179-ac31-3250adc269b3,33,2108.06,PVR Cinemas,Entertainment,"Kolkata, IN",device-mobile-033,2026-08-31T23:20:09.823367+00:00,APPROVED,0,None
d32c4a6b-8f00-4559-8c62-09da5a9122b0,37,929.33,Ajio,Shopping,"Pune, IN",device-mobile-037,2026-08-31T23:21:06.823367+00:00,APPROVED,0,None
8b53f93f-0d9e-41b2-851a-eaa2bc5ceead,36,24555.86,H&M,Shopping,"Cayman Islands, KY",device-mobile-036,2026-08-31T23:21:11.823367+00:00,SUSPICIOUS,1,LOCATION_HOPPING
ff7d9d15-fed7-4929-b216-7710e8b63522,12,3055.93,H&M,Shopping,"Chennai, IN",device-mobile-012,2026-08-31T23:25:35.823367+00:00,APPROVED,0,None
a729c289-6814-447c-a898-0e51eb52ab2e,30,1451.01,Instamart,Groceries,"Bengaluru, IN",device-mobile-030,2026-08-31T23:35:42.823367+00:00,APPROVED,0,None
c194d410-f509-40c1-855f-c48ef18d5a93,17,1326.61,Barbeque Nation,Food & Dining,"Mumbai, IN",device-mobile-017,2026-08-31T23:45:26.823367+00:00,APPROVED,0,None
eca28283-f295-4217-a61d-08575e6585d4,47,1930.04,Dominos,Food & Dining,"Bengaluru, IN",device-mobile-047,2026-08-31T23:53:58.823367+00:00,APPROVED,0,None
68aaeb95-1054-47fe-97c0-be5af930bcbd,50,498.09,Tata Power,Utilities,"Kolkata, IN",device-mobile-050,2026-08-31T23:54:23.823367+00:00,APPROVED,0,None
a5c568b7-e261-4c7d-8e79-848252d78c3e,5,2302.03,Amazon India,Shopping,"Mumbai, IN",device-mobile-005,2026-09-01T00:03:11.823367+00:00,APPROVED,0,None
148cc8dd-b21d-4ccf-8ffd-c37744030a5c,11,739.86,Zepto,Groceries,"Delhi, IN",device-mobile-011,2026-09-01T00:18:38.823367+00:00,APPROVED,0,None
8774da48-3cea-4a78-b80a-f1c33b711366,3,5855.25,Samsung Store,Electronics,"Delhi, IN",device-mobile-003,2026-09-01T00:34:58.823367+00:00,APPROVED,0,None
1d5840e0-1e54-42cb-8081-0e8425e296ed,44,3361.85,Swiggy,Food & Dining,"Kolkata, IN",device-mobile-044,2026-09-01T01:00:01.823367+00:00,APPROVED,0,None
9fdff07c-f99e-485e-b8ac-d70f2e3ad6df,16,16286.91,IRCTC,Travel,"Singapore, SG",device-mobile-016,2026-09-01T01:06:12.823367+00:00,SUSPICIOUS,1,LOCATION_HOPPING
21dde3bc-2015-437e-b7b1-f7bcde0fa865,7,421.55,Nature's Basket,Groceries,"Mumbai, IN",device-mobile-007,2026-09-01T01:10:31.823367+00:00,APPROVED,0,None
2a8359e0-6045-4931-8a18-c7e1cfa2d495,12,3799.47,Apple Store,Electronics,"Chennai, IN",device-mobile-012,2026-09-01T01:16:49.823367+00:00,APPROVED,0,None
ae0d7f7e-0a2a-45c8-af13-c37b4e997769,14,2051.3,H&M,Shopping,"Chennai, IN",device-mobile-014,2026-09-01T01:17:54.823367+00:00,APPROVED,0,None
315571cc-6289-465a-9eb5-d29070d45f5c,37,794.11,Netflix,Entertainment,"Kolkata, IN",device-mobile-037,2026-09-01T01:35:16.823367+00:00,APPROVED,0,None
5ca09ce7-81f9-41b1-9fef-60f31f93a9cc,15,1145.36,Uber,Travel,"Kolkata, IN",device-mobile-015,2026-09-01T01:39:31.823367+00:00,APPROVED,0,None
a4773114-5845-4b18-9f0c-94c04064835e,38,681.29,Myntra,Shopping,"Hyderabad, IN",device-mobile-038,2026-09-01T01:47:56.823367+00:00,APPROVED,0,None
e86650a9-e3e7-4173-a0db-128643f291a0,21,3128.2,Barbeque Nation,Food & Dining,"Delhi, IN",device-mobile-021,2026-09-01T01:48:05.823367+00:00,APPROVED,0,None
9e7a1fca-af78-45b3-978c-95172b8e40f6,20,796.67,Croma,Electronics,"Pune, IN",device-mobile-020,2026-09-01T01:49:10.823367+00:00,APPROVED,0,None
ea6c84ab-b96a-41db-8577-dab1382eab81,30,317.2,Spotify,Entertainment,"Bengaluru, IN",device-mobile-030,2026-09-01T01:59:04.823367+00:00,APPROVED,0,None
c82c199f-3e5c-4b78-b417-fbc6b91dfd4c,29,2550.99,Myntra,Shopping,"Pune, IN",device-mobile-029,2026-09-01T02:01:28.823367+00:00,APPROVED,0,None
dfe41acc-cec2-476c-87fc-74f9b1fae327,10,205542.16,Tiffany & Co,Luxury & Jewelry,"Mumbai, IN",device-mobile-010,2026-09-01T02:08:36.823367+00:00,FLAGGED,1,HIGH_AMOUNT_SPIKE
8074ceb8-393b-4bf3-a22c-fd41a9d138c9,37,1270.72,Ajio,Shopping,"Kolkata, IN",device-mobile-037,2026-09-01T02:12:21.823367+00:00,APPROVED,0,None
26fa4213-6915-475d-9702-4dd9efcd2bc1,32,344.93,IRCTC,Travel,"Hyderabad, IN",device-mobile-032,2026-09-01T02:18:21.823367+00:00,APPROVED,0,None
a94d0b54-3b6e-43bb-aa2a-8776beea326e,13,2135.85,Starbucks,Food & Dining,"Hyderabad, IN",device-mobile-013,2026-09-01T02:21:02.823367+00:00,APPROVED,0,None
0ec1b99e-96bf-41d8-8afc-a1ee0767682b,3,1640.63,Adani Gas,Utilities,"Delhi, IN",device-mobile-003,2026-09-01T02:25:15.823367+00:00,APPROVED,0,None
eddfd299-24fd-4636-91d3-adcb7fa2b000,9,2041.6,IndiGo,Travel,"Pune, IN",device-mobile-009,2026-09-01T02:30:32.823367+00:00,APPROVED,0,None
b2335488-d598-4422-903e-113b68b92a27,44,3359.36,Jio Recharge,Utilities,"Kolkata, IN",device-mobile-044,2026-09-01T02:50:39.823367+00:00,APPROVED,0,None
6d7e8424-ba5e-4b1f-8209-2ed3dd584028,43,517.13,Jio Recharge,Utilities,"Pune, IN",device-mobile-043,2026-09-01T02:53:50.823367+00:00,APPROVED,0,None
628567a3-e0e7-4740-9a66-af1baeae088e,50,392.74,Zara,Shopping,"Kolkata, IN",device-laptop-050,2026-09-01T02:55:04.823367+00:00,APPROVED,0,None
0eafc8ef-a036-494c-acd5-71488b7f6a43,3,1734.68,Flipkart,Shopping,"Delhi, IN",device-laptop-003,2026-09-01T03:08:51.823367+00:00,APPROVED,0,None
7b9e69e6-e066-4f45-ab3d-5cae1a4bc233,38,924.77,Croma,Electronics,"Hyderabad, IN",device-laptop-038,2026-09-01T03:21:37.823367+00:00,APPROVED,0,None
6fa000d4-1098-4559-9e84-a6dc7e1b22c2,28,3423.1,Flipkart,Shopping,"Chennai, IN",device-mobile-028,2026-09-01T03:33:49.823367+00:00,APPROVED,0,None
d9fffafa-6c6c-4ed1-9d6c-dd7f5cbc1403,49,2511.19,MakeMyTrip,Travel,"Delhi, IN",device-mobile-049,2026-09-01T03:34:26.823367+00:00,APPROVED,0,None
70a3e6bd-6cf5-4f01-b790-cb00aa44edee,42,2725.68,Amazon India,Shopping,"Bengaluru, IN",device-mobile-042,2026-09-01T03:34:48.823367+00:00,APPROVED,0,None
7b17ef0b-792c-4d97-ba9f-931dd7e09ca1,6,1512.09,McDonald's,Food & Dining,"Hyderabad, IN",device-mobile-006,2026-09-01T03:38:09.823367+00:00,APPROVED,0,None
bcb2cd53-9f0f-4773-a11e-62923b2b6d99,33,828.36,Reliance Digital,Electronics,"Delhi, IN",device-mobile-033,2026-09-01T03:42:58.823367+00:00,APPROVED,0,None
e4661307-eef5-41a5-b5ee-1c495ec49f64,44,3215.12,Rolex Boutique,Luxury & Jewelry,"Kolkata, IN",device-mobile-044,2026-09-01T03:48:20.823367+00:00,APPROVED,0,None
44d69d37-7cf5-4ca1-a606-0a32df32d943,7,591.04,Myntra,Shopping,"Mumbai, IN",device-mobile-007,2026-09-01T03:50:58.823367+00:00,APPROVED,0,None
51c9c47a-9e5e-44c0-9c84-23379029640a,48,2432.6,IndiGo,Travel,"Bengaluru, IN",device-mobile-048,2026-09-01T04:28:08.823367+00:00,APPROVED,0,None
3f8b8f97-96ad-4ad0-bc6c-b5cf1d1f6310,37,2359.24,Ajio,Shopping,"Kolkata, IN",device-mobile-037,2026-09-01T04:36:43.823367+00:00,APPROVED,0,None
c022a140-beaa-42db-a661-18f82d349882,48,2828.35,Adani Gas,Utilities,"Bengaluru, IN",device-mobile-048,2026-09-01T04:37:34.823367+00:00,APPROVED,0,None
d5b4e19c-361a-4f7f-bed0-fcffe819b9de,45,2421.78,Ajio,Shopping,"Kolkata, IN",device-mobile-045,2026-09-01T04:52:07.823367+00:00,APPROVED,0,None
9027b0f8-f64a-47e5-97f5-d31e7243a2cf,21,1785.02,Blinkit,Groceries,"Chennai, IN",device-mobile-021,2026-09-01T05:18:18.823367+00:00,APPROVED,0,None
d8aa297d-f15f-4ce6-a2ad-47199c162c94,26,2313.76,Spotify,Entertainment,"Ahmedabad, IN",device-laptop-026,2026-09-01T05:30:42.823367+00:00,APPROVED,0,None
c748a072-24fa-4680-8713-e2271db55c51,39,4736.02,Tata Power,Utilities,"Chennai, IN",device-mobile-039,2026-09-01T05:38:31.823367+00:00,APPROVED,0,None
50203103-cf58-420a-8319-40bc029b4b5c,45,1140.62,BigBasket,Groceries,"Kolkata, IN",device-mobile-045,2026-09-01T05:38:50.823367+00:00,APPROVED,0,None
7651a11d-2740-4ff5-8ee4-b3531e7853ec,25,3688.83,McDonald's,Food & Dining,"Bengaluru, IN",device-mobile-025,2026-09-01T05:47:31.823367+00:00,APPROVED,0,None
15323da2-09d3-4685-857b-3504a2fb91b6,9,2589.04,Apple Store,Electronics,"Pune, IN",device-mobile-009,2026-09-01T05:53:12.823367+00:00,APPROVED,0,None
c0d61e14-12c3-48f2-bf3b-0c2b47e5a97d,45,2277.99,Malabar Gold,Luxury & Jewelry,"Hyderabad, IN",device-mobile-045,2026-09-01T06:08:55.823367+00:00,APPROVED,0,None
5b6e4206-71e0-4545-9ba2-e7d38823b3c8,47,23395.85,Amazon India,Shopping,"Bengaluru, IN",device-mobile-047,2026-09-01T06:27:18.823367+00:00,SUSPICIOUS,1,RAPID_BURST
13cf303e-9108-4566-9ed2-709668ec2bd9,48,3736.24,Bescom,Utilities,"Bengaluru, IN",device-mobile-048,2026-09-01T06:40:05.823367+00:00,APPROVED,0,None
e2ee88f9-b15f-4acd-9558-d23fcd447f94,16,1295.75,Nature's Basket,Groceries,"Chennai, IN",device-laptop-016,2026-09-01T06:41:03.823367+00:00,APPROVED,0,None
19fde08c-1b7e-4119-9a85-18cd97129a98,21,2062.47,MakeMyTrip,Travel,"Chennai, IN",device-mobile-021,2026-09-01T06:47:35.823367+00:00,APPROVED,0,None
cee7a273-3f18-4b52-a955-c453b5c4620f,49,955.12,Jio Recharge,Utilities,"Delhi, IN",device-mobile-049,2026-09-01T07:10:18.823367+00:00,APPROVED,0,None
b65371b2-be11-4f5e-b945-e9c0af8693e5,27,1160.82,H&M,Shopping,"Chennai, IN",device-mobile-027,2026-09-01T07:26:35.823367+00:00,APPROVED,0,None
8c15d027-a08d-4669-b232-0887f138e0c0,21,2549.4,BigBasket,Groceries,"Chennai, IN",device-mobile-021,2026-09-01T07:31:25.823367+00:00,APPROVED,0,None
8eb11736-4613-4346-b051-03ce5008b117,24,38689.68,Ola,Travel,"Lagos, NG",device-mobile-024,2026-09-01T07:41:54.823367+00:00,SUSPICIOUS,1,LOCATION_HOPPING
9c47c9b5-bfb8-436e-ab53-725e82a5c62f,42,1978.55,Spotify,Entertainment,"Delhi, IN",device-mobile-042,2026-09-01T07:50:29.823367+00:00,APPROVED,0,None
852e39fa-fc1c-41bd-a922-74d8eb945109,46,1771.78,IRCTC,Travel,"Delhi, IN",device-mobile-046,2026-09-01T08:01:40.823367+00:00,APPROVED,0,None
f131013b-3827-46bf-9af9-639232b96eb6,6,1784.26,IndiGo,Travel,"Hyderabad, IN",device-mobile-006,2026-09-01T08:26:24.823367+00:00,APPROVED,0,None
920a36c2-c730-470e-801b-e1dda2870e83,13,4973.08,H&M,Shopping,"Hyderabad, IN",device-mobile-013,2026-09-01T08:28:42.823367+00:00,APPROVED,0,None
0d829100-3e6e-44e5-88b0-a14de366b959,49,6193.97,Steam Games,Shopping,"Lagos, NG",device-botnet-96,2026-09-01T08:32:31.823367+00:00,FLAGGED,1,FAILED_ATTEMPT_STUFFING
645b4180-2457-44af-b3c9-34374b78de9a,31,3979.38,Apple Store,Electronics,"Kolkata, IN",device-laptop-031,2026-09-01T08:38:05.823367+00:00,APPROVED,0,None
0ce44e8b-99d6-4847-8252-d76e0c45b702,33,161501.99,CaratLane,Luxury & Jewelry,"Kolkata, IN",device-mobile-033,2026-09-01T08:44:13.823367+00:00,FLAGGED,1,HIGH_AMOUNT_SPIKE
11f818f5-c0e4-46c6-a350-c28cfc64d8cd,40,3664.77,Zara,Shopping,"Ahmedabad, IN",device-mobile-040,2026-09-01T08:57:51.823367+00:00,APPROVED,0,None
ff93772d-71eb-439a-bbf0-4dc3e3a27548,37,1604.63,Airtel Bill,Utilities,"Kolkata, IN",device-mobile-037,2026-09-01T09:08:27.823367+00:00,APPROVED,0,None
96dd5fca-35c0-46f1-af69-c5092429aacc,27,1201.74,Ajio,Shopping,"Chennai, IN",device-mobile-027,2026-09-01T09:13:16.823367+00:00,APPROVED,0,None
3739d865-23d7-4aaf-9010-e2107b281c27,21,3670.1,IndiGo,Travel,"Chennai, IN",device-mobile-021,2026-09-01T09:20:33.823367+00:00,APPROVED,0,None
b25bc890-5329-4cb5-9627-b7470aca5106,43,764.25,Zara,Shopping,"Pune, IN",device-laptop-043,2026-09-01T09:26:50.823367+00:00,APPROVED,0,None
0f0ae18e-0dbf-4f1f-b57a-e043495587c7,15,1685.6,Zara,Shopping,"Kolkata, IN",device-mobile-015,2026-09-01T09:36:18.823367+00:00,APPROVED,0,None
7244161e-8205-4d22-916d-296fcde04c7f,28,1101.97,BookMyShow,Entertainment,"Ahmedabad, IN",device-mobile-028,2026-09-01T09:55:44.823367+00:00,APPROVED,0,None
351a1d1d-6329-4cd5-b599-b3c927a33f0c,18,1449.33,Netflix,Entertainment,"Bengaluru, IN",device-laptop-018,2026-09-01T09:57:27.823367+00:00,APPROVED,0,None
8479f788-de15-46fc-8f5f-7fae57903820,4,1717.98,Ajio,Shopping,"Bengaluru, IN",device-laptop-004,2026-09-01T09:57:48.823367+00:00,APPROVED,0,None
8d62b559-889c-4295-aa20-2e27e4a28d7f,42,3817.68,Steam Games,Shopping,"Cayman Islands, KY",device-botnet-30,2026-09-01T10:35:59.823367+00:00,FLAGGED,1,FAILED_ATTEMPT_STUFFING
19579095-128a-4db2-91a4-149d9459b097,41,694.02,Instamart,Groceries,"Ahmedabad, IN",device-mobile-041,2026-09-01T10:38:38.823367+00:00,APPROVED,0,None
bd28fdbe-c8f4-404b-b650-2e846111b1c8,23,992.86,BookMyShow,Entertainment,"Hyderabad, IN",device-mobile-023,2026-09-01T10:46:40.823367+00:00,APPROVED,0,None
b59b0c2a-1bad-4bac-9350-3795e677846c,4,3486.87,Jio Recharge,Utilities,"Bengaluru, IN",device-mobile-004,2026-09-01T10:54:58.823367+00:00,APPROVED,0,None
d403d13e-a64c-4814-997d-36894e5905ce,12,3433.94,Vijay Sales,Electronics,"Chennai, IN",device-mobile-012,2026-09-01T11:06:41.823367+00:00,APPROVED,0,None
55dc37ec-e447-4e04-89a1-2ca1d1729507,47,1804.17,Netflix,Entertainment,"Bengaluru, IN",device-mobile-047,2026-09-01T11:13:48.823367+00:00,APPROVED,0,None
2ace9762-9294-4f40-9b47-ad3936c5905a,35,1403.04,Jio Recharge,Utilities,"Mumbai, IN",device-mobile-035,2026-09-01T11:16:35.823367+00:00,APPROVED,0,None
cc425dac-4ae9-4b7e-a332-46eb156c45bb,12,4004.54,MakeMyTrip,Travel,"Chennai, IN",device-mobile-012,2026-09-01T11:39:57.823367+00:00,APPROVED,0,None
bef09b49-5916-41ca-a183-1019f53dcd51,12,5144.99,Zara,Shopping,"Chennai, IN",device-mobile-012,2026-09-01T11:43:30.823367+00:00,APPROVED,0,None
e732455c-0cf7-4d3a-adee-87ac2198e862,37,1109.22,Zara,Shopping,"Kolkata, IN",device-mobile-037,2026-09-01T11:46:52.823367+00:00,APPROVED,0,None
10f0e608-6ac1-41c9-85cc-4fd7f9ccfd2e,9,4185.99,Zomato,Food & Dining,"Hyderabad, IN",device-mobile-009,2026-09-01T11:48:28.823367+00:00,APPROVED,0,None
d113cae6-f8b4-469d-88ce-dc74a4c5c4ce,49,59136.99,Apple Store,Electronics,"Hyderabad, IN",device-emulator-root-5178,2026-09-01T11:48:33.823367+00:00,SUSPICIOUS,1,UNRECOGNIZED_DEVICE
62a87c79-f717-4f9c-8221-e6ec70f0d819,46,4093.35,Ajio,Shopping,"Delhi, IN",device-mobile-046,2026-09-01T12:02:50.823367+00:00,APPROVED,0,None
f64fde5c-e17f-4023-a9e9-b5f40aaedf43,9,1695.95,Netflix,Entertainment,"Pune, IN",device-mobile-009,2026-09-01T12:13:57.823367+00:00,APPROVED,0,None
315a0123-dd3b-4f60-8603-2031e3f4a0ac,17,1719.75,Steam Games,Entertainment,"Mumbai, IN",device-mobile-017,2026-09-01T12:17:08.823367+00:00,APPROVED,0,None
67d0e1e9-520f-4929-9e59-26b2c2533742,49,3064.73,Zepto,Groceries,"Hyderabad, IN",device-mobile-049,2026-09-01T12:26:18.823367+00:00,APPROVED,0,None
3e5212c9-9411-4b5c-a1d9-136e176e381a,20,11744.25,Amazon India,Shopping,"Pune, IN",device-mobile-020,2026-09-01T12:32:19.823367+00:00,SUSPICIOUS,1,RAPID_BURST
9c80d403-b4c8-4b69-8689-241ea8eaba13,49,1346.36,Reliance Digital,Electronics,"Delhi, IN",device-mobile-049,2026-09-01T12:34:31.823367+00:00,APPROVED,0,None
036fd9bc-c02c-49f4-bb14-9955efdccf6c,28,2650.73,Ola,Travel,"Chennai, IN",device-mobile-028,2026-09-01T12:48:02.823367+00:00,APPROVED,0,None
1386f02d-d69e-412a-ac27-0acd97cd3518,9,3740.02,Spotify,Entertainment,"Pune, IN",device-mobile-009,2026-09-01T12:51:44.823367+00:00,APPROVED,0,None
2efc0ab7-df9c-4a44-9b5c-44c46b4cd4b2,39,2417.59,Amazon India,Shopping,"Chennai, IN",device-mobile-039,2026-09-01T12:53:35.823367+00:00,APPROVED,0,None
41bcd5e3-da2e-4565-b806-fd53d3f1fefa,37,967.6,Flipkart,Shopping,"Kolkata, IN",device-mobile-037,2026-09-01T12:54:54.823367+00:00,APPROVED,0,None
f5c1999f-be9f-4625-8342-e114fc47e0f0,25,1491.65,Malabar Gold,Luxury & Jewelry,"Bengaluru, IN",device-mobile-025,2026-09-01T13:04:34.823367+00:00,APPROVED,0,None
566e5b1e-2045-4f7c-a9ca-268f36996115,38,528.29,Reliance Digital,Electronics,"Hyderabad, IN",device-mobile-038,2026-09-01T13:32:33.823367+00:00,APPROVED,0,None
c2f573cd-fe92-4195-95b0-9b97a4d53b16,34,4287.92,Amazon India,Shopping,"Hyderabad, IN",device-laptop-034,2026-09-01T13:53:34.823367+00:00,APPROVED,0,None
f3370eb5-d134-41bb-a573-2cb0433017b7,26,2378.8,Myntra,Shopping,"Ahmedabad, IN",device-mobile-026,2026-09-01T13:53:42.823367+00:00,APPROVED,0,None
c45cca56-f42b-4249-aa9b-1815c9b1b818,30,813.69,Zara,Shopping,"Bengaluru, IN",device-laptop-030,2026-09-01T13:54:22.823367+00:00,APPROVED,0,None
85099b64-fb44-4e54-a84b-baccf0f1ce57,33,1048.55,H&M,Shopping,"Kolkata, IN",device-mobile-033,2026-09-01T14:10:32.823367+00:00,APPROVED,0,None
e42e24ec-42a1-4757-b1fa-39f26ce5bcf2,41,625.59,Zepto,Groceries,"Ahmedabad, IN",device-mobile-041,2026-09-01T14:17:56.823367+00:00,APPROVED,0,None
fd7f60f7-c4a7-4ec7-b83c-1414690da5b4,50,1972.99,Amazon India,Shopping,"Kolkata, IN",device-mobile-050,2026-09-01T14:22:12.823367+00:00,APPROVED,0,None
ec473d1e-b39c-4498-ac15-02a23d6601b7,41,328.86,Flipkart,Shopping,"Ahmedabad, IN",device-mobile-041,2026-09-01T14:22:16.823367+00:00,APPROVED,0,None
61593bec-6266-40d9-b5b3-7e0babc07711,42,1250.78,PVR Cinemas,Entertainment,"Delhi, IN",device-mobile-042,2026-09-01T14:36:18.823367+00:00,APPROVED,0,None
6ec6682c-d539-4000-b2aa-c806a38e1903,33,1595.22,PVR Cinemas,Entertainment,"Kolkata, IN",device-mobile-033,2026-09-01T14:43:53.823367+00:00,APPROVED,0,None
f98b9806-019e-4003-a24d-27f58fed9646,1,7623.31,Steam Games,Shopping,"London, UK",device-botnet-35,2026-09-01T14:54:00.823367+00:00,FLAGGED,1,FAILED_ATTEMPT_STUFFING
0ce565b6-4d59-4a48-968f-41a4b327923a,36,6652.88,Blinkit,Groceries,"Mumbai, IN",device-mobile-036,2026-09-01T15:06:06.823367+00:00,APPROVED,0,None
c4a820a5-b174-4a0d-b874-92b2e3d0a24c,3,2921.24,Uber,Travel,"Delhi, IN",device-mobile-003,2026-09-01T15:07:04.823367+00:00,APPROVED,0,None
3554ddbc-adc2-4786-a9c9-aa9690c77042,22,820.85,Rolex Boutique,Luxury & Jewelry,"Bengaluru, IN",device-mobile-022,2026-09-01T15:13:31.823367+00:00,APPROVED,0,None
4af66251-125a-4367-920d-ee68123fd164,7,1011.31,Zomato,Food & Dining,"Kolkata, IN",device-mobile-007,2026-09-01T15:26:26.823367+00:00,APPROVED,0,None
84fee779-ccea-4896-8d8a-6a3b202d60a4,48,1261.4,Apple Store,Electronics,"Bengaluru, IN",device-mobile-048,2026-09-01T15:48:52.823367+00:00,APPROVED,0,None
49abae29-7892-4d6d-845c-9dc8f376661f,30,188506.93,Rolex Boutique,Luxury & Jewelry,"Bengaluru, IN",device-mobile-030,2026-09-01T16:07:29.823367+00:00,FLAGGED,1,HIGH_AMOUNT_SPIKE
0b8d17b6-a043-4c9e-8159-dc0f0ebdc9fb,4,2922.68,Samsung Store,Electronics,"Mumbai, IN",device-mobile-004,2026-09-01T16:14:39.823367+00:00,APPROVED,0,None
be0575cd-3663-41fc-8632-425309129030,36,1669.86,Zara,Shopping,"Mumbai, IN",device-mobile-036,2026-09-01T16:16:20.823367+00:00,APPROVED,0,None
539a9869-3d89-42b2-8cd8-f9c3a7813839,3,2715.29,Airtel Bill,Utilities,"Delhi, IN",device-mobile-003,2026-09-01T16:18:06.823367+00:00,APPROVED,0,None
acb06169-6358-422a-b571-5028d0f999ba,4,1261.4,Ajio,Shopping,"Bengaluru, IN",device-mobile-004,2026-09-01T16:22:01.823367+00:00,APPROVED,0,None
3e0f1459-a78f-4e9a-9d53-f0abb6c4b02f,17,686.32,Uber,Travel,"Mumbai, IN",device-mobile-017,2026-09-01T16:33:39.823367+00:00,APPROVED,0,None
94765514-178f-41fe-bbbc-b9f81ac3c264,43,667.38,Zomato,Food & Dining,"Pune, IN",device-laptop-043,2026-09-01T16:38:42.823367+00:00,APPROVED,0,None
67aa8c96-2fd9-496e-9964-505a5eec05fe,17,1910.08,Flipkart,Shopping,"Mumbai, IN",device-laptop-017,2026-09-01T16:41:16.823367+00:00,APPROVED,0,None
28cd1b10-8fdf-4a34-beb9-4ce278e47c5a,11,602.59,Amazon India,Shopping,"Delhi, IN",device-mobile-011,2026-09-01T16:45:41.823367+00:00,APPROVED,0,None
5e6fbcbf-dd77-43ee-91dc-d9258557e75f,11,851.39,Samsung Store,Electronics,"Kolkata, IN",device-mobile-011,2026-09-01T16:49:28.823367+00:00,APPROVED,0,None
90b97e4a-36eb-4034-a5b8-8ac6ba3c12db,32,1539.32,Apple Store,Electronics,"Hyderabad, IN",device-mobile-032,2026-09-01T16:51:20.823367+00:00,APPROVED,0,None
92e6cfae-5e34-4523-9158-1b675a13a055,24,6967.8,Steam Games,Shopping,"Dubai, AE",device-botnet-61,2026-09-01T17:03:28.823367+00:00,FLAGGED,1,FAILED_ATTEMPT_STUFFING
178b7375-6b4d-4507-96e6-91d1c32d91ba,49,1426.7,Steam Games,Entertainment,"Kolkata, IN",device-mobile-049,2026-09-01T17:12:00.823367+00:00,APPROVED,0,None
f5ffbb27-a378-44ae-9237-04bd9ae276f5,44,3598.68,Adani Gas,Utilities,"Kolkata, IN",device-mobile-044,2026-09-01T17:19:40.823367+00:00,APPROVED,0,None
d79cda04-881c-4ba5-a698-0042f4f3d624,44,67218.25,Apple Store,Electronics,"Ahmedabad, IN",device-emulator-root-2866,2026-09-01T17:48:42.823367+00:00,SUSPICIOUS,1,UNRECOGNIZED_DEVICE
6f884187-d1a5-4c9d-b592-a28a62f58226,20,1071.13,Instamart,Groceries,"Pune, IN",device-mobile-020,2026-09-01T17:49:06.823367+00:00,APPROVED,0,None
f123ba50-28ce-4bb9-9307-9e9850c717d8,24,1374.65,DMart,Groceries,"Bengaluru, IN",device-mobile-024,2026-09-01T17:49:21.823367+00:00,APPROVED,0,None
5a364fbf-a601-42bf-9533-a1cad38b9705,24,2285.85,Myntra,Shopping,"Kolkata, IN",device-mobile-024,2026-09-01T18:04:12.823367+00:00,APPROVED,0,None
dc217bc7-358a-42d3-8da2-8849c1197381,22,291251.96,Apple Store,Electronics,"Bengaluru, IN",device-mobile-022,2026-09-01T18:36:02.823367+00:00,FLAGGED,1,HIGH_AMOUNT_SPIKE
e1026ec3-c1b8-4197-b7a5-644cf659b0f7,27,1946.11,IRCTC,Travel,"Chennai, IN",device-mobile-027,2026-09-01T18:36:41.823367+00:00,APPROVED,0,None
74a4ec5f-16ba-4d92-ae9f-102f896f425f,8,2670.43,Tata Power,Utilities,"Kolkata, IN",device-mobile-008,2026-09-01T18:43:01.823367+00:00,APPROVED,0,None
3a659244-ee17-491a-87ca-d62fcb6720c9,45,177020.8,Tanishq,Luxury & Jewelry,"Kolkata, IN",device-mobile-045,2026-09-01T18:43:22.823367+00:00,FLAGGED,1,HIGH_AMOUNT_SPIKE
d8ea687c-3f4f-4f41-bd81-75ca2dc0d621,43,307.41,Blinkit,Groceries,"Pune, IN",device-mobile-043,2026-09-01T18:56:27.823367+00:00,APPROVED,0,None
c63f7fd2-6807-46f5-ab0e-9f1968f207f6,23,3212.41,PVR Cinemas,Entertainment,"Hyderabad, IN",device-mobile-023,2026-09-01T18:56:57.823367+00:00,APPROVED,0,None
a978e27b-6809-48a7-91ba-86ac53684265,36,2680.98,Croma,Electronics,"Mumbai, IN",device-laptop-036,2026-09-01T18:59:37.823367+00:00,APPROVED,0,None
6ab21654-b0b3-4ec4-b300-ea4693fa85e7,8,2231.07,Ajio,Shopping,"Kolkata, IN",device-mobile-008,2026-09-01T19:04:14.823367+00:00,APPROVED,0,None
066e694e-075c-4d54-b2a1-52b5952394f4,8,5317.22,Bescom,Utilities,"Kolkata, IN",device-mobile-008,2026-09-01T19:08:59.823367+00:00,APPROVED,0,None
36f6ce20-2bdb-4047-8e08-fc02c9fbc675,32,1070.45,Spotify,Entertainment,"Hyderabad, IN",device-mobile-032,2026-09-01T19:11:31.823367+00:00,APPROVED,0,None
94fece1c-578a-4fae-b66c-b465c9668ace,20,664.92,Apple Store,Electronics,"Pune, IN",device-mobile-020,2026-09-01T19:26:31.823367+00:00,APPROVED,0,None
d4ab4a31-d49d-45f1-ac9f-1d859567b113,27,987.04,Ajio,Shopping,"Chennai, IN",device-mobile-027,2026-09-01T19:42:57.823367+00:00,APPROVED,0,None
3801f672-96ed-4603-a3b5-e4def86caaad,45,1672.72,Zomato,Food & Dining,"Kolkata, IN",device-mobile-045,2026-09-01T19:53:41.823367+00:00,APPROVED,0,None
1be25626-182c-40d6-a8d7-329177f74ae0,8,22757.41,Amazon India,Shopping,"Moscow, RU",device-mobile-008,2026-09-01T20:04:05.823367+00:00,SUSPICIOUS,1,LOCATION_HOPPING
df05737d-a0e9-4a6f-8aeb-55576e930b13,1,4804.85,Swiggy,Food & Dining,"Bengaluru, IN",device-mobile-001,2026-09-01T20:36:28.823367+00:00,APPROVED,0,None
6125bc82-f6b2-4137-9ea6-4d6dd0aab171,33,200.38,IndiGo,Travel,"Chennai, IN",device-mobile-033,2026-09-01T20:44:44.823367+00:00,APPROVED,0,None
2136842b-491a-4365-b8d4-e2237031d76e,7,815.42,Reliance Digital,Electronics,"Mumbai, IN",device-mobile-007,2026-09-01T20:45:19.823367+00:00,APPROVED,0,None
819eae0e-a2ec-4d50-b31c-e6ca6603feb5,32,608.72,CaratLane,Luxury & Jewelry,"Hyderabad, IN",device-mobile-032,2026-09-01T20:48:39.823367+00:00,APPROVED,0,None
1994b468-3f81-4771-8073-efbc276a3e9d,39,3371.19,Barbeque Nation,Food & Dining,"Chennai, IN",device-mobile-039,2026-09-01T20:55:51.823367+00:00,APPROVED,0,None
9503b138-4b1b-4625-af0b-86fadbfced29,30,634.94,Vijay Sales,Electronics,"Bengaluru, IN",device-laptop-030,2026-09-01T20:58:56.823367+00:00,APPROVED,0,None
e33112ab-d3d9-4abd-91ff-95f3717f2da3,7,343.61,Bescom,Utilities,"Mumbai, IN",device-mobile-007,2026-09-01T21:19:21.823367+00:00,APPROVED,0,None
c2e86a94-fd82-4e6b-bf9e-4420b4fcd3d4,2,4579.82,DMart,Groceries,"Pune, IN",device-mobile-002,2026-09-01T21:20:03.823367+00:00,APPROVED,0,None
d3f1e857-a3ea-4874-85d6-3a64511abc11,5,261.23,MakeMyTrip,Travel,"Mumbai, IN",device-mobile-005,2026-09-01T21:20:52.823367+00:00,APPROVED,0,None
29c9cdec-c983-4c94-9f54-93e15dbed745,32,561.29,H&M,Shopping,"Hyderabad, IN",device-mobile-032,2026-09-01T21:33:49.823367+00:00,APPROVED,0,None
57506e40-5f67-47c8-9010-fecd3c1c2806,10,894.12,Airtel Bill,Utilities,"Mumbai, IN",device-mobile-010,2026-09-01T21:54:11.823367+00:00,APPROVED,0,None
efbfa703-b0d4-4b3f-92ef-2e425a301f96,32,712.8,MakeMyTrip,Travel,"Chennai, IN",device-mobile-032,2026-09-01T21:58:13.823367+00:00,APPROVED,0,None
6bba9b16-cb38-4f90-ad8a-9c647193ea63,4,660.02,Croma,Electronics,"Bengaluru, IN",device-mobile-004,2026-09-01T22:11:21.823367+00:00,APPROVED,0,None
8a471ada-5881-45fd-b1f5-dcfc96d406f9,20,628.37,BigBasket,Groceries,"Pune, IN",device-mobile-020,2026-09-01T22:18:28.823367+00:00,APPROVED,0,None
4606776d-80c1-4be0-b360-b575812ebc14,34,6007.82,Ajio,Shopping,"Hyderabad, IN",device-mobile-034,2026-09-01T22:19:05.823367+00:00,APPROVED,0,None
c6d92e19-b340-4cbe-b30d-898bdbe997d2,26,2455.1,Bescom,Utilities,"Ahmedabad, IN",device-mobile-026,2026-09-01T22:34:06.823367+00:00,APPROVED,0,None
0acd7ed4-1516-4cc4-8d27-8ec8f95fbaf7,15,1392.03,Ola,Travel,"Kolkata, IN",device-mobile-015,2026-09-01T22:37:48.823367+00:00,APPROVED,0,None
13f9e162-79fa-40a9-8eee-86a53d8b3140,43,787.51,Instamart,Groceries,"Pune, IN",device-mobile-043,2026-09-01T22:42:06.823367+00:00,APPROVED,0,None
897c95b1-8bb3-4d1b-ab16-0a8d1d799dc6,39,6737.98,Airtel Bill,Utilities,"Chennai, IN",device-mobile-039,2026-09-01T22:51:09.823367+00:00,APPROVED,0,None
47a6bf3a-44e2-4fab-b9f6-8ee189e4ccd2,28,6059.2,IndiGo,Travel,"Dubai, AE",device-mobile-028,2026-09-01T23:09:01.823367+00:00,SUSPICIOUS,1,LOCATION_HOPPING
629cfc02-4a02-4a15-9635-f3ca7bc77f1a,43,587.57,Zomato,Food & Dining,"Pune, IN",device-laptop-043,2026-09-01T23:18:05.823367+00:00,APPROVED,0,None
e508c081-7792-42fa-87e1-86a8ab67a4d5,22,1077.59,Zara,Shopping,"Bengaluru, IN",device-mobile-022,2026-09-01T23:18:44.823367+00:00,APPROVED,0,None
fdc1017d-b5d9-4fd1-9057-8cbdefe1ef83,22,1683.61,Vijay Sales,Electronics,"Bengaluru, IN",device-mobile-022,2026-09-01T23:30:50.823367+00:00,APPROVED,0,None
5909b8a5-e31a-4c01-aabb-f78e41ce194f,38,1145.14,Jio Recharge,Utilities,"Hyderabad, IN",device-mobile-038,2026-09-01T23:33:22.823367+00:00,APPROVED,0,None
c062626b-47e1-4688-94e6-75c62b7b494a,14,1214.55,Instamart,Groceries,"Pune, IN",device-mobile-014,2026-09-01T23:38:34.823367+00:00,APPROVED,0,None
ede5da9a-d39c-4aaf-94d2-a043e2e98da5,32,597.38,Adani Gas,Utilities,"Hyderabad, IN",device-mobile-032,2026-09-01T23:40:42.823367+00:00,APPROVED,0,None
13079b02-6190-453d-99f2-054da5e96343,38,1149.62,Adani Gas,Utilities,"Hyderabad, IN",device-mobile-038,2026-09-01T23:44:54.823367+00:00,APPROVED,0,None
385efa8a-a64a-4825-8b44-7af457afb6a7,45,942.77,Ola,Travel,"Kolkata, IN",device-mobile-045,2026-09-01T23:52:39.823367+00:00,APPROVED,0,None
79fbeb74-18fb-4ffd-a00c-8961e8d3f547,33,299.71,Barbeque Nation,Food & Dining,"Kolkata, IN",device-mobile-033,2026-09-02T00:05:38.823367+00:00,APPROVED,0,None
9f37d557-9725-473b-bf80-4486d6e88021,17,1334.8,Samsung Store,Electronics,"Mumbai, IN",device-mobile-017,2026-09-02T00:07:35.823367+00:00,APPROVED,0,None
40aa05d6-cdab-448d-a8cb-a12327aaa755,39,3248.15,Steam Games,Entertainment,"Chennai, IN",device-mobile-039,2026-09-02T00:16:32.823367+00:00,APPROVED,0,None
2a5f3fd5-7cdf-4d2d-b00b-43c09d1985b9,44,52104.79,Apple Store,Electronics,"Hyderabad, IN",device-emulator-root-2637,2026-09-02T00:17:38.823367+00:00,SUSPICIOUS,1,UNRECOGNIZED_DEVICE
0cd06a08-434b-49cf-96c0-04513f222baa,31,2797.58,Blinkit,Groceries,"Chennai, IN",device-mobile-031,2026-09-02T00:33:14.823367+00:00,APPROVED,0,None
234d997f-2bdb-478c-a2b5-05db0c6b5a4a,19,1283.59,Vijay Sales,Electronics,"Kolkata, IN",device-mobile-019,2026-09-02T00:45:46.823367+00:00,APPROVED,0,None
4543c890-7aca-4a5c-b6ad-dfd3151b2604,18,2721.79,Steam Games,Entertainment,"Bengaluru, IN",device-laptop-018,2026-09-02T01:03:18.823367+00:00,APPROVED,0,None
f8a6dd99-d2fa-4e61-b0d9-321784e5e575,31,2696.83,Starbucks,Food & Dining,"Delhi, IN",device-mobile-031,2026-09-02T01:03:58.823367+00:00,APPROVED,0,None
18d15955-a04b-4326-9e80-597dbc8dabe9,50,944.87,Nature's Basket,Groceries,"Kolkata, IN",device-laptop-050,2026-09-02T01:36:05.823367+00:00,APPROVED,0,None
41f3e8f6-cbeb-41e0-8be9-a546a3734ef7,46,3043.99,Samsung Store,Electronics,"Delhi, IN",device-mobile-046,2026-09-02T01:39:27.823367+00:00,APPROVED,0,None
64b1bdff-db39-43dc-bd7d-fc3323d8a66f,9,857.8,Apple Store,Electronics,"Pune, IN",device-laptop-009,2026-09-02T01:42:40.823367+00:00,APPROVED,0,None
b3b11fcf-49cb-4d97-ae39-f7a798467f8b,4,1903.24,Spotify,Entertainment,"Bengaluru, IN",device-mobile-004,2026-09-02T01:44:12.823367+00:00,APPROVED,0,None
bbdebf93-9e93-4d40-a7ea-109e9e0ac6d0,13,18014.49,Amazon India,Shopping,"Hyderabad, IN",device-mobile-013,2026-09-02T02:05:53.823367+00:00,SUSPICIOUS,1,RAPID_BURST
0dec772d-909b-472e-9093-09eb0adc8a34,9,1425.24,Booking.com,Travel,"Pune, IN",device-mobile-009,2026-09-02T02:11:53.823367+00:00,APPROVED,0,None
d1348007-9424-437d-b3ba-dc73200fd56a,41,1042.72,BigBasket,Groceries,"Ahmedabad, IN",device-mobile-041,2026-09-02T02:14:25.823367+00:00,APPROVED,0,None
20907713-e29b-44c8-8677-0594063cf14f,30,426.56,Samsung Store,Electronics,"Bengaluru, IN",device-mobile-030,2026-09-02T02:21:25.823367+00:00,APPROVED,0,None
8e539e3b-3f9a-477d-bb35-5b20b5041f11,16,663.6,Zepto,Groceries,"Chennai, IN",device-mobile-016,2026-09-02T02:36:05.823367+00:00,APPROVED,0,None
571253e8-913c-44f9-bac4-9b7990e00089,49,824.37,Dominos,Food & Dining,"Delhi, IN",device-mobile-049,2026-09-02T03:10:35.823367+00:00,APPROVED,0,None
0d7869c2-20d0-4c83-bc46-1a89ee26651d,5,1126.2,Steam Games,Shopping,"Singapore, SG",device-botnet-24,2026-09-02T03:23:10.823367+00:00,FLAGGED,1,FAILED_ATTEMPT_STUFFING
10a58e18-aee4-430d-9b85-6abc07b6aa4d,21,3619.28,Adani Gas,Utilities,"Chennai, IN",device-mobile-021,2026-09-02T03:26:16.823367+00:00,APPROVED,0,None
78db8f8d-38d7-463c-82f5-f8d468d32677,38,635.05,Apple Store,Electronics,"Hyderabad, IN",device-mobile-038,2026-09-02T03:27:38.823367+00:00,APPROVED,0,None
38034e7d-4a6f-49ad-a059-05e4b8736acc,19,1006.94,Uber,Travel,"Kolkata, IN",device-mobile-019,2026-09-02T03:29:07.823367+00:00,APPROVED,0,None
a423eee6-9d28-4a62-ae72-c68f6413f805,17,14327.49,Amazon India,Shopping,"Mumbai, IN",device-mobile-017,2026-09-02T03:31:09.823367+00:00,SUSPICIOUS,1,RAPID_BURST
897dfa16-3c01-40e5-ba35-eb0e96b54853,2,1328.01,H&M,Shopping,"Pune, IN",device-mobile-002,2026-09-02T03:42:16.823367+00:00,APPROVED,0,None
78ae1872-b4a9-4529-bb00-5bd5f04cece5,15,1267.61,McDonald's,Food & Dining,"Bengaluru, IN",device-mobile-015,2026-09-02T03:44:55.823367+00:00,APPROVED,0,None
9019dcb7-6a76-47ba-acc7-c924baafe27d,28,27382.88,Apple Store,Electronics,"Mumbai, IN",device-emulator-root-4190,2026-09-02T03:57:08.823367+00:00,SUSPICIOUS,1,UNRECOGNIZED_DEVICE
a804a658-ceff-490a-af42-697a77951e15,29,2207.99,Ola,Travel,"Pune, IN",device-mobile-029,2026-09-02T04:16:42.823367+00:00,APPROVED,0,None
1db1b878-9f49-4414-91eb-cde707919470,47,1068.84,Rolex Boutique,Luxury & Jewelry,"Bengaluru, IN",device-mobile-047,2026-09-02T04:21:17.823367+00:00,APPROVED,0,None
9e270d95-150a-47c3-937b-c3392927ffc6,23,1607.06,Samsung Store,Electronics,"Hyderabad, IN",device-laptop-023,2026-09-02T04:22:48.823367+00:00,APPROVED,0,None
d7983f7d-1845-4580-bb29-e65a2aac7a07,2,2809.53,BookMyShow,Entertainment,"Chennai, IN",device-mobile-002,2026-09-02T04:28:48.823367+00:00,APPROVED,0,None
d3b5918b-5eda-429c-a9b5-bde839cbc9a1,49,1272.47,Apple Store,Electronics,"Delhi, IN",device-mobile-049,2026-09-02T04:30:32.823367+00:00,APPROVED,0,None
d1b37b2e-2a1b-49f7-ad58-7c3db03e0229,1,1083.86,Spotify,Entertainment,"Bengaluru, IN",device-mobile-001,2026-09-02T04:34:10.823367+00:00,APPROVED,0,None
fbf33d7a-9a22-4c34-b568-d77e014eb101,37,1271.86,Amazon India,Shopping,"Kolkata, IN",device-mobile-037,2026-09-02T04:39:19.823367+00:00,APPROVED,0,None
a55efe85-7f3c-4706-8c7a-5758a7710bee,38,175.23,Apple Store,Electronics,"Hyderabad, IN",device-mobile-038,2026-09-02T04:40:54.823367+00:00,APPROVED,0,None
1bb09701-b0b6-4a75-af44-0fead6b0299c,9,2090.77,Reliance Digital,Electronics,"Pune, IN",device-mobile-009,2026-09-02T04:51:02.823367+00:00,APPROVED,0,None
9caf3d79-73eb-4a08-9155-ef42ddc6a30a,50,1461.23,Barbeque Nation,Food & Dining,"Kolkata, IN",device-mobile-050,2026-09-02T04:51:38.823367+00:00,APPROVED,0,None
4ba24862-4b50-47c0-83c6-295896f4a144,12,2388.45,MakeMyTrip,Travel,"Chennai, IN",device-mobile-012,2026-09-02T04:55:50.823367+00:00,APPROVED,0,None
c56fda8a-58e1-40be-8b11-10e4f127809f,27,582.39,Netflix,Entertainment,"Chennai, IN",device-mobile-027,2026-09-02T04:57:00.823367+00:00,APPROVED,0,None
a2ef2290-6d5c-479e-b4e1-0248561771a2,32,3425.96,Swiggy,Food & Dining,"Hyderabad, IN",device-mobile-032,2026-09-02T05:04:47.823367+00:00,APPROVED,0,None
ead81a1b-7019-4d78-aef7-91d41fb9ed4d,24,1682.63,MakeMyTrip,Travel,"Bengaluru, IN",device-laptop-024,2026-09-02T05:05:02.823367+00:00,APPROVED,0,None
9555b627-186a-4e29-b24a-a87da51caa79,30,467.22,Ajio,Shopping,"Bengaluru, IN",device-mobile-030,2026-09-02T05:11:32.823367+00:00,APPROVED,0,None
c09f9fe2-d5bf-4920-94db-41e114cae42e,15,796.45,Amazon India,Shopping,"Kolkata, IN",device-mobile-015,2026-09-02T05:17:49.823367+00:00,APPROVED,0,None
8c656ca2-3be2-4dd1-a819-2edb56c7df90,31,3027.1,Zomato,Food & Dining,"Delhi, IN",device-mobile-031,2026-09-02T05:21:58.823367+00:00,APPROVED,0,None
ba6f8e51-63cd-40e1-ab77-6f44c0615c5a,28,3842.52,DMart,Groceries,"Chennai, IN",device-mobile-028,2026-09-02T05:22:36.823367+00:00,APPROVED,0,None
ba1c8613-b8a3-4eff-aa6c-c5eb23c6ec5b,18,3172.91,H&M,Shopping,"Bengaluru, IN",device-mobile-018,2026-09-02T05:29:11.823367+00:00,APPROVED,0,None
255dcfb4-2a44-44c2-829a-e98288e232f1,7,1741.06,Flipkart,Shopping,"Mumbai, IN",device-mobile-007,2026-09-02T05:30:15.823367+00:00,APPROVED,0,None
d48765a7-4bf7-4c3c-897e-b029b44ca0c7,26,660.03,DMart,Groceries,"Ahmedabad, IN",device-mobile-026,2026-09-02T05:53:22.823367+00:00,APPROVED,0,None
cdab3483-6892-495e-96dd-b7c77b2d0698,2,4598.84,Steam Games,Entertainment,"Pune, IN",device-mobile-002,2026-09-02T05:56:14.823367+00:00,APPROVED,0,None
87cd5c75-584b-4316-a2c6-893305d10ba6,12,7854.95,PVR Cinemas,Entertainment,"Chennai, IN",device-mobile-012,2026-09-02T06:11:30.823367+00:00,APPROVED,0,None
713caf0d-d808-4923-96a9-010b3bd5c98c,3,3177.66,Swiggy,Food & Dining,"Delhi, IN",device-mobile-003,2026-09-02T06:18:57.823367+00:00,APPROVED,0,None
307a1a9d-e2ca-4b19-8d38-a21ff80a694a,40,1645.99,Tata Power,Utilities,"Ahmedabad, IN",device-mobile-040,2026-09-02T06:22:27.823367+00:00,APPROVED,0,None
201a2c0e-2aac-445d-8b16-b13fbc64962e,23,2145.0,Spotify,Entertainment,"Hyderabad, IN",device-laptop-023,2026-09-02T06:27:41.823367+00:00,APPROVED,0,None
97f8da39-0cf3-4d61-9e58-2c9a9ae5bf5a,10,2860.25,H&M,Shopping,"Mumbai, IN",device-mobile-010,2026-09-02T06:32:38.823367+00:00,APPROVED,0,None
d22dd8b3-4be8-4b4b-bdf2-96f95aaee38f,20,803.42,Zepto,Groceries,"Pune, IN",device-laptop-020,2026-09-02T06:38:14.823367+00:00,APPROVED,0,None
a4d4b888-6ae1-4674-9f06-3e27388a4270,50,2512.07,Zara,Shopping,"Kolkata, IN",device-mobile-050,2026-09-02T06:45:15.823367+00:00,APPROVED,0,None
48e2855f-7724-49df-ab3a-ab3ff2c0a7fb,43,12788.69,Amazon India,Shopping,"Pune, IN",device-mobile-043,2026-09-02T06:55:40.823367+00:00,SUSPICIOUS,1,RAPID_BURST
8c464d93-0c7d-4b46-8e6b-5dbbf6af829c,10,2948.15,Spotify,Entertainment,"Mumbai, IN",device-mobile-010,2026-09-02T07:15:02.823367+00:00,APPROVED,0,None
6cf3c738-c3b1-4218-be6c-bd9743499369,45,76827.21,Apple Store,Electronics,"Hyderabad, IN",device-emulator-root-9028,2026-09-02T07:25:41.823367+00:00,SUSPICIOUS,1,UNRECOGNIZED_DEVICE
ad761c6a-e89f-440c-b483-8194ac986d28,23,31398.34,Apple Store,Electronics,"Ahmedabad, IN",device-emulator-root-2539,2026-09-02T07:39:34.823367+00:00,SUSPICIOUS,1,UNRECOGNIZED_DEVICE
9d0efbfa-dd6f-4125-bb6e-d07c321226b7,8,2173.67,Zepto,Groceries,"Kolkata, IN",device-mobile-008,2026-09-02T08:08:31.823367+00:00,APPROVED,0,None
02380ba3-60a9-4aea-b555-00825628f6e5,44,2093.35,Nature's Basket,Groceries,"Chennai, IN",device-mobile-044,2026-09-02T08:10:41.823367+00:00,APPROVED,0,None
85246721-af1d-4018-b6e9-e2655510bc39,47,2723.94,MakeMyTrip,Travel,"Bengaluru, IN",device-mobile-047,2026-09-02T08:21:35.823367+00:00,APPROVED,0,None
45f81628-3981-404b-8a34-ab2dd485df7f,1,1748.4,Barbeque Nation,Food & Dining,"Bengaluru, IN",device-mobile-001,2026-09-02T08:30:19.823367+00:00,APPROVED,0,None
05ab5b00-3d98-45f3-ac1e-91acd2dff76d,22,1082.1,H&M,Shopping,"Bengaluru, IN",device-mobile-022,2026-09-02T08:42:30.823367+00:00,APPROVED,0,None
d27ea6c8-d9f2-4e09-9d51-b8bdb4f5b664,26,1750.8,Uber,Travel,"Ahmedabad, IN",device-mobile-026,2026-09-02T08:53:54.823367+00:00,APPROVED,0,None
04ec4bd2-f210-4792-99d3-b734ecced6ab,42,2315.73,Dominos,Food & Dining,"Delhi, IN",device-mobile-042,2026-09-02T08:56:34.823367+00:00,APPROVED,0,None
fca21a91-0d0d-47be-8507-f899f90de1d0,49,958.03,Booking.com,Travel,"Delhi, IN",device-mobile-049,2026-09-02T08:59:13.823367+00:00,APPROVED,0,None
1fe26b28-6e83-422c-be43-6b250a51ee0a,4,2158.24,Myntra,Shopping,"Bengaluru, IN",device-mobile-004,2026-09-02T09:03:34.823367+00:00,APPROVED,0,None
db7b5e03-329d-4d89-8e8d-235401c6bc93,49,1889.57,Apple Store,Electronics,"Delhi, IN",device-mobile-049,2026-09-02T09:45:59.823367+00:00,APPROVED,0,None
c2e2b699-afd9-4a03-abfc-7fab204f4c89,11,507.54,Ajio,Shopping,"Delhi, IN",device-mobile-011,2026-09-02T09:52:06.823367+00:00,APPROVED,0,None
90323197-8f95-4e1e-8cfd-2d9c2380159f,10,4273.53,Ajio,Shopping,"Mumbai, IN",device-laptop-010,2026-09-02T09:57:13.823367+00:00,APPROVED,0,None
d0f3d087-b981-4ba4-a018-2f4acbedbb71,18,2186.9,PVR Cinemas,Entertainment,"Hyderabad, IN",device-mobile-018,2026-09-02T10:01:01.823367+00:00,APPROVED,0,None
7f6a287b-25fc-4bad-8d0d-6f8c18d90cfb,9,2687.95,DMart,Groceries,"Pune, IN",device-mobile-009,2026-09-02T10:02:08.823367+00:00,APPROVED,0,None
e6e67c6a-8ee6-45a5-b54a-47ed7fdb51e8,16,2227.08,BigBasket,Groceries,"Chennai, IN",device-laptop-016,2026-09-02T10:08:45.823367+00:00,APPROVED,0,None
c0bedd5b-e1e2-422e-81c5-84a29684aa97,17,1634.96,H&M,Shopping,"Mumbai, IN",device-mobile-017,2026-09-02T10:14:23.823367+00:00,APPROVED,0,None
7e4079e4-c4d6-4ab3-a6bc-428a0c8ddaf2,32,1619.57,Ajio,Shopping,"Hyderabad, IN",device-mobile-032,2026-09-02T10:30:49.823367+00:00,APPROVED,0,None
86dd9156-0075-4e05-9ab4-f7f3312cdb9b,14,1876.15,Jio Recharge,Utilities,"Chennai, IN",device-mobile-014,2026-09-02T10:32:22.823367+00:00,APPROVED,0,None
29ead284-4f03-43f8-b7e2-1636dbe6f090,39,1979.15,Flipkart,Shopping,"Chennai, IN",device-mobile-039,2026-09-02T10:32:33.823367+00:00,APPROVED,0,None
7cbe994c-85ce-400b-9b57-391787276459,27,945.53,Myntra,Shopping,"Chennai, IN",device-mobile-027,2026-09-02T10:41:53.823367+00:00,APPROVED,0,None
74f81f3b-54da-466d-8de9-cbb61110165f,25,1856.81,H&M,Shopping,"Bengaluru, IN",device-mobile-025,2026-09-02T11:01:25.823367+00:00,APPROVED,0,None
91249237-d49b-40db-a438-ea2c55c65493,28,782.62,Ajio,Shopping,"Chennai, IN",device-mobile-028,2026-09-02T11:11:42.823367+00:00,APPROVED,0,None
05cfdcea-c6d6-4ead-b8b4-3a6eda4d2a20,6,907.04,Ajio,Shopping,"Hyderabad, IN",device-mobile-006,2026-09-02T11:21:31.823367+00:00,APPROVED,0,None
abad25ca-38f8-46d1-8e08-c2812213e0d4,20,1067.6,Jio Recharge,Utilities,"Pune, IN",device-mobile-020,2026-09-02T11:25:42.823367+00:00,APPROVED,0,None
533ffd11-e692-4ab5-9123-04784e2f209b,18,2777.56,Myntra,Shopping,"Bengaluru, IN",device-mobile-018,2026-09-02T11:27:00.823367+00:00,APPROVED,0,None
f888a5e2-e876-456d-ba56-b30082efc36a,50,1618.46,Barbeque Nation,Food & Dining,"Kolkata, IN",device-mobile-050,2026-09-02T11:30:11.823367+00:00,APPROVED,0,None
60346b4f-e5d3-47d6-9ea3-4ff691d218dd,26,2141.16,BookMyShow,Entertainment,"Ahmedabad, IN",device-mobile-026,2026-09-02T11:45:17.823367+00:00,APPROVED,0,None
30af35d6-eca0-438a-9b8b-714633a87884,19,948.47,Zomato,Food & Dining,"Kolkata, IN",device-mobile-019,2026-09-02T11:51:59.823367+00:00,APPROVED,0,None
4aa4fee1-ba22-4e5e-ae26-7be2ebf86268,14,1346.83,Swiggy,Food & Dining,"Chennai, IN",device-mobile-014,2026-09-02T12:00:06.823367+00:00,APPROVED,0,None
953d899b-01e7-435f-a0c0-8892de3a29df,37,1999.18,Bescom,Utilities,"Chennai, IN",device-mobile-037,2026-09-02T12:06:53.823367+00:00,APPROVED,0,None
a838cd90-53c0-4352-a933-ba9aca321960,45,1753.45,BigBasket,Groceries,"Kolkata, IN",device-mobile-045,2026-09-02T12:08:45.823367+00:00,APPROVED,0,None
aed5bfe8-6781-46b1-8a1f-078d3a5c9566,36,4267.62,BigBasket,Groceries,"Mumbai, IN",device-mobile-036,2026-09-02T12:16:48.823367+00:00,APPROVED,0,None
47ccc734-5dd4-4a9c-baea-49b6834db642,10,3595.19,Tata Power,Utilities,"Mumbai, IN",device-laptop-010,2026-09-02T12:25:40.823367+00:00,APPROVED,0,None
b77e2349-3884-4874-827f-f02486ed3a9c,45,5882.02,Steam Games,Shopping,"Dubai, AE",device-botnet-40,2026-09-02T12:32:58.823367+00:00,FLAGGED,1,FAILED_ATTEMPT_STUFFING
55dca364-adcc-4aed-afa8-9acca6841bd7,16,866.31,Starbucks,Food & Dining,"Chennai, IN",device-laptop-016,2026-09-02T12:37:07.823367+00:00,APPROVED,0,None
14e6b859-27be-4afa-9233-2754b4ba9888,46,5634.1,Vijay Sales,Electronics,"Delhi, IN",device-mobile-046,2026-09-02T12:51:32.823367+00:00,APPROVED,0,None
dcdbfbb9-b1da-4e4b-8f34-3ee5498e5be9,28,1418.32,Reliance Digital,Electronics,"Hyderabad, IN",device-mobile-028,2026-09-02T13:08:22.823367+00:00,APPROVED,0,None
0640ec01-ccca-4690-9460-50ef309e64d4,23,715.92,Barbeque Nation,Food & Dining,"Hyderabad, IN",device-mobile-023,2026-09-02T13:19:04.823367+00:00,APPROVED,0,None
49723577-e8c2-46c1-b9ad-f74bdd1a1ff8,22,245085.08,Malabar Gold,Luxury & Jewelry,"Bengaluru, IN",device-mobile-022,2026-09-02T13:20:39.823367+00:00,FLAGGED,1,HIGH_AMOUNT_SPIKE
42b532a0-0f28-4462-9b66-5ddc1e3ce700,8,6863.51,Zepto,Groceries,"Kolkata, IN",device-mobile-008,2026-09-02T13:21:29.823367+00:00,APPROVED,0,None
09902ccf-b776-4d8a-9141-4f9345b7b41d,22,1596.61,Adani Gas,Utilities,"Bengaluru, IN",device-mobile-022,2026-09-02T13:50:54.823367+00:00,APPROVED,0,None
5acf4492-3c6e-4b25-8e33-2fdd22a6b792,7,1340.53,Zepto,Groceries,"Mumbai, IN",device-laptop-007,2026-09-02T13:56:49.823367+00:00,APPROVED,0,None
79b352c8-c98a-4e4d-b9c2-cdb7f8bff57e,22,641.47,Nature's Basket,Groceries,"Bengaluru, IN",device-mobile-022,2026-09-02T14:02:11.823367+00:00,APPROVED,0,None
9f02e11a-b7c2-4bb2-b0e1-c9ad933558ae,33,31600.92,Apple Store,Electronics,"Kolkata, IN",device-emulator-root-1773,2026-09-02T14:07:49.823367+00:00,SUSPICIOUS,1,UNRECOGNIZED_DEVICE
2e86a4bc-8b52-48ba-b8e7-47113d71298a,4,1428.26,Croma,Electronics,"Bengaluru, IN",device-mobile-004,2026-09-02T14:08:11.823367+00:00,APPROVED,0,None
82554048-6c85-4095-abab-50cb0a169251,32,1983.02,Zepto,Groceries,"Hyderabad, IN",device-mobile-032,2026-09-02T14:10:15.823367+00:00,APPROVED,0,None
ca5b2b3b-e0fd-438e-9045-f3f590452555,7,333.89,Samsung Store,Electronics,"Mumbai, IN",device-mobile-007,2026-09-02T14:59:51.823367+00:00,APPROVED,0,None
7066c5db-7c31-42eb-b6d0-196f88ac45b7,47,1558.37,Starbucks,Food & Dining,"Bengaluru, IN",device-mobile-047,2026-09-02T15:08:59.823367+00:00,APPROVED,0,None
99b26777-4225-4f52-a8e0-a9aeac231aaa,50,1254.18,Bescom,Utilities,"Kolkata, IN",device-mobile-050,2026-09-02T15:13:41.823367+00:00,APPROVED,0,None
fecab43f-7243-4723-8213-7ff142303c64,20,281.47,Uber,Travel,"Hyderabad, IN",device-mobile-020,2026-09-02T15:15:24.823367+00:00,APPROVED,0,None
b16a2263-4505-421e-8547-007cbdfa0d34,21,1902.95,DMart,Groceries,"Chennai, IN",device-mobile-021,2026-09-02T15:16:37.823367+00:00,APPROVED,0,None
f22de21e-9ffb-48dc-bf6f-974c91fcb38b,25,2247.46,Ajio,Shopping,"Bengaluru, IN",device-mobile-025,2026-09-02T15:25:54.823367+00:00,APPROVED,0,None
b85d9b94-71e0-484b-a72e-f12abb6e24b4,36,3211.02,PVR Cinemas,Entertainment,"Mumbai, IN",device-laptop-036,2026-09-02T15:26:33.823367+00:00,APPROVED,0,None
5d7da8fb-40c5-4711-a2b7-daf2cbd3d126,32,540.12,Amazon India,Shopping,"Hyderabad, IN",device-mobile-032,2026-09-02T15:27:52.823367+00:00,APPROVED,0,None
4e0f0f8f-c3b8-45ab-97eb-884555d0fa79,47,1225.34,Blinkit,Groceries,"Bengaluru, IN",device-laptop-047,2026-09-02T15:29:52.823367+00:00,APPROVED,0,None
843c2caa-eba3-448e-8ae7-d711ada39490,44,2095.75,Apple Store,Electronics,"Kolkata, IN",device-laptop-044,2026-09-02T15:37:06.823367+00:00,APPROVED,0,None
18c4ade0-8443-42f5-b19f-c60593d4bf83,40,2847.41,Adani Gas,Utilities,"Ahmedabad, IN",device-mobile-040,2026-09-02T15:39:41.823367+00:00,APPROVED,0,None
8a6ad13e-fa95-4143-b0dd-c693e6fc4f94,37,1261.13,Flipkart,Shopping,"Kolkata, IN",device-mobile-037,2026-09-02T15:51:17.823367+00:00,APPROVED,0,None
0d832415-7966-4712-8b8a-61e7f2d32773,25,2178.83,Croma,Electronics,"Bengaluru, IN",device-mobile-025,2026-09-02T16:14:39.823367+00:00,APPROVED,0,None
c9d48db8-2581-4fdb-9522-d858d529000c,22,1163.31,BookMyShow,Entertainment,"Bengaluru, IN",device-mobile-022,2026-09-02T16:18:36.823367+00:00,APPROVED,0,None
a0c5f4f1-4e8e-422b-9ff9-ebc9507b508e,16,635.7,Steam Games,Entertainment,"Chennai, IN",device-mobile-016,2026-09-02T16:52:27.823367+00:00,APPROVED,0,None
f2a52fed-d1af-43c3-ba83-c0843d1b5405,29,609.63,Booking.com,Travel,"Pune, IN",device-mobile-029,2026-09-02T16:55:15.823367+00:00,APPROVED,0,None
67838760-9222-4dd8-83e7-ce882dc28567,4,1262.45,BigBasket,Groceries,"Bengaluru, IN",device-mobile-004,2026-09-02T16:56:56.823367+00:00,APPROVED,0,None
c10f43fd-f85d-47d9-b26c-cd989589e107,45,926.13,Steam Games,Entertainment,"Kolkata, IN",device-mobile-045,2026-09-02T16:58:17.823367+00:00,APPROVED,0,None
ba57de7e-d873-4ce1-9c7f-00877463f7f6,37,558.02,Zepto,Groceries,"Kolkata, IN",device-mobile-037,2026-09-02T17:25:06.823367+00:00,APPROVED,0,None
96f50f91-11e4-4eca-bc25-13235db75931,42,3773.24,Tata Power,Utilities,"Delhi, IN",device-mobile-042,2026-09-02T17:39:02.823367+00:00,APPROVED,0,None
479410ea-02bd-4476-9447-444ff225dacf,21,2072.56,Instamart,Groceries,"Chennai, IN",device-laptop-021,2026-09-02T17:51:11.823367+00:00,APPROVED,0,None
2ff89c97-02c0-4f99-b93c-c1bb55166ba5,31,75761.61,Apple Store,Electronics,"Bengaluru, IN",device-emulator-root-2980,2026-09-02T17:57:54.823367+00:00,SUSPICIOUS,1,UNRECOGNIZED_DEVICE
d31ba280-b9c6-4573-8eb6-25602b8e13c2,33,1126.15,Barbeque Nation,Food & Dining,"Kolkata, IN",device-mobile-033,2026-09-02T18:06:05.823367+00:00,APPROVED,0,None
776323db-ec08-4a0e-8a7a-3db2ca0a5e15,5,938.19,Blinkit,Groceries,"Mumbai, IN",device-mobile-005,2026-09-02T18:06:56.823367+00:00,APPROVED,0,None
968b6254-ad8f-4a92-8437-4380089610b8,25,1463.1,Starbucks,Food & Dining,"Pune, IN",device-mobile-025,2026-09-02T18:20:29.823367+00:00,APPROVED,0,None
392f538d-4ad4-455b-9d94-601bf06be4f5,39,4270.49,Vijay Sales,Electronics,"Chennai, IN",device-mobile-039,2026-09-02T18:20:47.823367+00:00,APPROVED,0,None
9a78fe3f-016b-4a7e-af35-adf8db8b234e,19,1760.88,BookMyShow,Entertainment,"Kolkata, IN",device-mobile-019,2026-09-02T18:24:15.823367+00:00,APPROVED,0,None
67052264-172f-4aed-bb39-364d0db86e8f,12,3314.01,McDonald's,Food & Dining,"Chennai, IN",device-mobile-012,2026-09-02T18:43:55.823367+00:00,APPROVED,0,None
24f1ae09-8f4d-470e-b7cf-cd2e8e2d3d38,49,2711.77,Adani Gas,Utilities,"Delhi, IN",device-mobile-049,2026-09-02T18:50:40.823367+00:00,APPROVED,0,None
032093f7-58a2-46a0-9995-152d887ce329,5,712.8,Instamart,Groceries,"Mumbai, IN",device-mobile-005,2026-09-02T18:56:59.823367+00:00,APPROVED,0,None
8b7433f7-7cd7-4388-9ebf-26538a3267b0,22,430.65,McDonald's,Food & Dining,"Bengaluru, IN",device-mobile-022,2026-09-02T19:11:08.823367+00:00,APPROVED,0,None
3d488156-f47b-4e1d-833b-76347133c795,3,3747.3,PVR Cinemas,Entertainment,"Delhi, IN",device-laptop-003,2026-09-02T19:29:52.823367+00:00,APPROVED,0,None
b99f5458-d0c4-492d-869c-539fcbbb8d01,13,3742.87,PVR Cinemas,Entertainment,"Hyderabad, IN",device-laptop-013,2026-09-02T19:56:06.823367+00:00,APPROVED,0,None
02ee6293-8567-4efb-b6fc-3a52bb379598,41,875.26,Zepto,Groceries,"Ahmedabad, IN",device-mobile-041,2026-09-02T20:03:40.823367+00:00,APPROVED,0,None
58800e9e-b2a8-4c96-97b7-5e3d99b3bc13,17,561.26,IndiGo,Travel,"Mumbai, IN",device-mobile-017,2026-09-02T20:08:49.823367+00:00,APPROVED,0,None
ed2487ce-39b0-4287-a8e5-dab3df551f64,4,2016.54,Netflix,Entertainment,"Bengaluru, IN",device-mobile-004,2026-09-02T20:11:09.823367+00:00,APPROVED,0,None
75bdf368-38ab-451d-b89e-78e011b12e30,32,1479.51,Zomato,Food & Dining,"Hyderabad, IN",device-mobile-032,2026-09-02T20:25:06.823367+00:00,APPROVED,0,None
61cb1d11-32cd-40b1-97f6-87f6652db6eb,45,21465.9,MakeMyTrip,Travel,"Cayman Islands, KY",device-mobile-045,2026-09-02T20:25:58.823367+00:00,SUSPICIOUS,1,LOCATION_HOPPING
504941b0-e350-49a1-8122-ee5c46f2ffc8,28,1369.24,BookMyShow,Entertainment,"Chennai, IN",device-mobile-028,2026-09-02T20:32:11.823367+00:00,APPROVED,0,None
9819a4d6-8ff9-4eab-bba9-37f6c845a70f,4,3050.21,Zomato,Food & Dining,"Bengaluru, IN",device-mobile-004,2026-09-02T20:45:43.823367+00:00,APPROVED,0,None
852eed41-0a61-4b58-aadf-98b44b355c50,3,2952.63,IndiGo,Travel,"Delhi, IN",device-mobile-003,2026-09-02T20:58:05.823367+00:00,APPROVED,0,None
b7857dc8-1f66-451e-b49d-4b4d83dfc527,15,630.76,Amazon India,Shopping,"Kolkata, IN",device-mobile-015,2026-09-02T20:59:21.823367+00:00,APPROVED,0,None
aa9cb058-1406-4150-a9d2-9a66d43508f1,3,2840.17,Myntra,Shopping,"Delhi, IN",device-mobile-003,2026-09-02T21:06:32.823367+00:00,APPROVED,0,None
78abff72-18f0-4f8d-af76-1126aa9fc461,48,2851.67,Barbeque Nation,Food & Dining,"Bengaluru, IN",device-mobile-048,2026-09-02T21:16:26.823367+00:00,APPROVED,0,None
2e31324b-8b6b-4814-821a-bf5f96f72b57,11,381.36,BookMyShow,Entertainment,"Delhi, IN",device-mobile-011,2026-09-02T21:25:18.823367+00:00,APPROVED,0,None
2f57b7ba-6e16-48fd-96b6-14dfe5716324,33,295.17,Amazon India,Shopping,"Kolkata, IN",device-mobile-033,2026-09-02T21:29:59.823367+00:00,APPROVED,0,None
f5fa95cd-142e-4de9-acc0-316770d62267,5,1195.22,Flipkart,Shopping,"Mumbai, IN",device-mobile-005,2026-09-02T21:49:27.823367+00:00,APPROVED,0,None
e6d05414-acef-4f4d-b638-1f316b2c56f5,32,657.9,BookMyShow,Entertainment,"Hyderabad, IN",device-mobile-032,2026-09-02T22:16:38.823367+00:00,APPROVED,0,None
849a6a48-1773-4e51-a425-b7451fcdd55e,4,3718.06,Starbucks,Food & Dining,"Bengaluru, IN",device-mobile-004,2026-09-02T22:20:40.823367+00:00,APPROVED,0,None
7bc7a876-3152-4129-bd73-50cc494e9ff5,23,849.06,Reliance Digital,Electronics,"Hyderabad, IN",device-mobile-023,2026-09-02T22:29:34.823367+00:00,APPROVED,0,None
b4c595e3-d9cf-45a4-bb79-ba21fae3ac61,2,1796.26,Netflix,Entertainment,"Pune, IN",device-mobile-002,2026-09-02T22:52:39.823367+00:00,APPROVED,0,None
3c2e02a3-d2b4-42b7-9666-3f495d5716d0,2,8450.97,Airtel Bill,Utilities,"Pune, IN",device-mobile-002,2026-09-02T22:57:38.823367+00:00,APPROVED,0,None
9a84bb0e-dce5-4263-ae6d-da6f9b3f16b4,49,2956.1,BigBasket,Groceries,"Delhi, IN",device-laptop-049,2026-09-02T22:59:06.823367+00:00,APPROVED,0,None
23a1b18d-d513-46de-af1d-22e330e8882c,36,3259.82,MakeMyTrip,Travel,"Mumbai, IN",device-mobile-036,2026-09-02T23:02:37.823367+00:00,APPROVED,0,None
9ae5269d-8a1b-4747-9de7-27dcba694a72,25,1433.47,Zara,Shopping,"Bengaluru, IN",device-mobile-025,2026-09-02T23:07:04.823367+00:00,APPROVED,0,None
0550438e-b8ae-4646-8283-504773aac273,14,1186.79,Adani Gas,Utilities,"Chennai, IN",device-mobile-014,2026-09-02T23:26:31.823367+00:00,APPROVED,0,None
ca3fc4cd-34bf-44af-b747-b57b2fe141af,34,4398.79,Uber,Travel,"Hyderabad, IN",device-mobile-034,2026-09-02T23:28:01.823367+00:00,APPROVED,0,None
08087fb2-7cc1-418a-a9b3-3485c19f660d,31,3920.63,Ajio,Shopping,"Delhi, IN",device-mobile-031,2026-09-02T23:29:04.823367+00:00,APPROVED,0,None
88a6653a-1d14-420f-b7af-0df4bfa4a2a4,40,1423.53,Zomato,Food & Dining,"Ahmedabad, IN",device-mobile-040,2026-09-02T23:39:13.823367+00:00,APPROVED,0,None
0a9510ef-5b01-4cf7-9d14-4ff7d4969533,50,543.41,Flipkart,Shopping,"Kolkata, IN",device-mobile-050,2026-09-02T23:42:03.823367+00:00,APPROVED,0,None
a54dbde6-7895-4d28-8967-5b821c50c68c,48,2303.49,Zomato,Food & Dining,"Bengaluru, IN",device-mobile-048,2026-09-02T23:45:04.823367+00:00,APPROVED,0,None
82a90673-233c-40e3-8ec0-eebd1779fce8,33,816.62,MakeMyTrip,Travel,"Kolkata, IN",device-mobile-033,2026-09-03T00:01:50.823367+00:00,APPROVED,0,None
25c50915-0b4c-408d-96c0-5278fb64cb4a,20,983.46,Nature's Basket,Groceries,"Pune, IN",device-mobile-020,2026-09-03T00:02:26.823367+00:00,APPROVED,0,None
368d7e89-82ca-4a12-920b-c4b92ed16e15,49,4607.03,Myntra,Shopping,"Delhi, IN",device-laptop-049,2026-09-03T00:21:47.823367+00:00,APPROVED,0,None
60d2315c-655a-4f4a-a0fa-389f94c08f4c,45,1027.99,Zara,Shopping,"Delhi, IN",device-mobile-045,2026-09-03T00:23:59.823367+00:00,APPROVED,0,None
91c93437-e9e1-4c45-a962-3945855e884f,40,766.05,Amazon India,Shopping,"Bengaluru, IN",device-mobile-040,2026-09-03T00:24:09.823367+00:00,APPROVED,0,None
3d2e2517-f73f-4080-a648-51e57a26151f,20,1642.15,Flipkart,Shopping,"Ahmedabad, IN",device-mobile-020,2026-09-03T00:43:19.823367+00:00,APPROVED,0,None
12f89844-1d74-491d-a5a6-73fe35ff0811,38,503.28,Amazon India,Shopping,"Hyderabad, IN",device-mobile-038,2026-09-03T00:44:36.823367+00:00,APPROVED,0,None
d84719cf-3073-4bc6-9c54-de3f36927f63,5,449.86,Amazon India,Shopping,"Mumbai, IN",device-mobile-005,2026-09-03T00:53:36.823367+00:00,APPROVED,0,None
3832817d-1fe1-4001-ab27-57fb0533cade,2,2235.52,Barbeque Nation,Food & Dining,"Pune, IN",device-mobile-002,2026-09-03T00:58:58.823367+00:00,APPROVED,0,None
6fc4af94-1c73-4fa7-82de-93b208b580a1,30,1153.75,Spotify,Entertainment,"Bengaluru, IN",device-mobile-030,2026-09-03T01:01:45.823367+00:00,APPROVED,0,None
fc2c7ace-03b5-496b-ac7d-7832e8ebccf2,27,761.19,Flipkart,Shopping,"Chennai, IN",device-mobile-027,2026-09-03T01:17:23.823367+00:00,APPROVED,0,None
1c670017-d961-42e3-bd9e-c8629931bad3,37,1610.38,Tata Power,Utilities,"Kolkata, IN",device-mobile-037,2026-09-03T01:25:09.823367+00:00,APPROVED,0,None
1d5f896e-3ff9-4cea-a1da-16d4c5ca8c7f,37,742.42,Zepto,Groceries,"Kolkata, IN",device-mobile-037,2026-09-03T01:31:56.823367+00:00,APPROVED,0,None
5c664788-1f7d-4fb9-9b91-e54ccead112a,28,4243.43,Spotify,Entertainment,"Chennai, IN",device-mobile-028,2026-09-03T01:45:57.823367+00:00,APPROVED,0,None
43dca690-7503-405e-9ef5-b9e06cc653cf,35,3584.38,Zara,Shopping,"Mumbai, IN",device-mobile-035,2026-09-03T01:59:26.823367+00:00,APPROVED,0,None
931dc792-e5a2-4f93-ac43-a82f66e3552a,31,2029.92,Ola,Travel,"Delhi, IN",device-mobile-031,2026-09-03T02:17:21.823367+00:00,APPROVED,0,None
84ca3274-5a5d-4364-80d5-6d34a1b7da42,1,2658.73,H&M,Shopping,"Bengaluru, IN",device-mobile-001,2026-09-03T02:17:36.823367+00:00,APPROVED,0,None
b1384ff6-aba2-4902-87fa-2d85d1c725db,1,958.69,Airtel Bill,Utilities,"Mumbai, IN",device-mobile-001,2026-09-03T02:19:34.823367+00:00,APPROVED,0,None
f1ae9d40-b7f2-4d86-b2fa-897eed7b73b1,45,759.86,IRCTC,Travel,"Kolkata, IN",device-mobile-045,2026-09-03T02:20:00.823367+00:00,APPROVED,0,None
4234c34a-bd85-448a-a091-2bda3cb5a01b,44,2506.73,H&M,Shopping,"Kolkata, IN",device-mobile-044,2026-09-03T02:28:10.823367+00:00,APPROVED,0,None
0fc07a03-a40a-4752-80db-a056fa5158c2,39,1591.06,Bescom,Utilities,"Delhi, IN",device-mobile-039,2026-09-03T02:40:41.823367+00:00,APPROVED,0,None
9aeef0ab-0690-4678-bf21-61cc813394ad,27,879.37,Tiffany & Co,Luxury & Jewelry,"Chennai, IN",device-mobile-027,2026-09-03T02:41:41.823367+00:00,APPROVED,0,None
a66d408e-38d5-4a40-9a33-9e51bcb8b25f,45,1530.83,IRCTC,Travel,"Kolkata, IN",device-mobile-045,2026-09-03T02:49:25.823367+00:00,APPROVED,0,None
77f8ffac-14cc-4392-a40e-b14db15723c5,4,2816.41,Myntra,Shopping,"Bengaluru, IN",device-mobile-004,2026-09-03T02:50:49.823367+00:00,APPROVED,0,None
cad63c04-0553-4133-8184-f063eeb67e85,6,2019.89,H&M,Shopping,"Hyderabad, IN",device-mobile-006,2026-09-03T02:52:17.823367+00:00,APPROVED,0,None
4d4c634d-e7ff-4c00-a2e9-078869276371,30,778.37,BigBasket,Groceries,"Delhi, IN",device-mobile-030,2026-09-03T02:56:04.823367+00:00,APPROVED,0,None
0627eaba-1b16-4f71-8cf5-240403d0365b,31,1950.3,Bescom,Utilities,"Delhi, IN",device-mobile-031,2026-09-03T02:58:09.823367+00:00,APPROVED,0,None
e65ac8de-32d7-40cd-ab69-47facef3119a,27,1145.02,Myntra,Shopping,"Kolkata, IN",device-mobile-027,2026-09-03T02:59:12.823367+00:00,APPROVED,0,None
7d69228c-3235-40bc-a115-492f68705b36,40,1591.64,Zepto,Groceries,"Ahmedabad, IN",device-mobile-040,2026-09-03T03:03:09.823367+00:00,APPROVED,0,None
1d352467-f4cc-4777-917f-a43654d88a2a,38,1166.48,Apple Store,Electronics,"Hyderabad, IN",device-laptop-038,2026-09-03T03:20:38.823367+00:00,APPROVED,0,None
ef6d1eb5-0070-4edc-966c-7dec239e2950,42,5170.15,Apple Store,Electronics,"Delhi, IN",device-mobile-042,2026-09-03T03:26:32.823367+00:00,APPROVED,0,None
76251d1a-4231-4da3-86ae-47f2ac6fff96,19,1638.65,H&M,Shopping,"Kolkata, IN",device-mobile-019,2026-09-03T03:27:00.823367+00:00,APPROVED,0,None
2d152bc9-3899-4a8e-ab5f-aef6a62d92c6,3,4787.85,Myntra,Shopping,"Chennai, IN",device-mobile-003,2026-09-03T03:42:39.823367+00:00,APPROVED,0,None
6b6cd0d8-a0ed-46c6-bfc9-169f9194542f,46,1516.63,Airtel Bill,Utilities,"Delhi, IN",device-mobile-046,2026-09-03T03:46:10.823367+00:00,APPROVED,0,None
2e823984-0c95-43d8-8104-d67a0acbf6ad,20,1268.11,Tanishq,Luxury & Jewelry,"Pune, IN",device-mobile-020,2026-09-03T03:56:24.823367+00:00,APPROVED,0,None
6a44437c-6b64-4ae7-8c8c-a5b21f8f39e5,20,711.48,H&M,Shopping,"Pune, IN",device-laptop-020,2026-09-03T04:09:11.823367+00:00,APPROVED,0,None
b05e0c38-883d-4271-b25d-af4ab8b78754,16,894.01,Starbucks,Food & Dining,"Chennai, IN",device-laptop-016,2026-09-03T04:15:01.823367+00:00,APPROVED,0,None
0e80a1f0-8091-48e7-b4f4-c1bb11ccb91a,43,563.99,Starbucks,Food & Dining,"Pune, IN",device-mobile-043,2026-09-03T04:25:07.823367+00:00,APPROVED,0,None
64705403-32a4-416d-9a18-b2db28d5643b,19,4356.18,Flipkart,Shopping,"Kolkata, IN",device-mobile-019,2026-09-03T04:53:05.823367+00:00,APPROVED,0,None
867462eb-501a-4d94-8815-8fa62a4ee40c,30,764.6,Samsung Store,Electronics,"Bengaluru, IN",device-mobile-030,2026-09-03T04:53:06.823367+00:00,APPROVED,0,None
f282baa9-2a86-44bc-83ac-a990cfc2ac8f,44,4081.58,Tata Power,Utilities,"Kolkata, IN",device-mobile-044,2026-09-03T05:24:27.823367+00:00,APPROVED,0,None
5b742ebb-f40a-45e0-9c15-e972b280e675,39,188369.91,Samsung Store,Electronics,"Chennai, IN",device-mobile-039,2026-09-03T05:35:17.823367+00:00,FLAGGED,1,HIGH_AMOUNT_SPIKE
ec45960b-fd9b-45cc-8a71-d8389a453174,9,8284.65,DMart,Groceries,"Pune, IN",device-laptop-009,2026-09-03T06:08:28.823367+00:00,APPROVED,0,None
455962a4-2f21-41e7-b5ed-f71cddeb409a,1,946.29,Starbucks,Food & Dining,"Bengaluru, IN",device-mobile-001,2026-09-03T06:13:59.823367+00:00,APPROVED,0,None
075a57d6-98c7-425d-8be6-b85ffac4c86d,17,1663.45,BigBasket,Groceries,"Mumbai, IN",device-mobile-017,2026-09-03T06:16:02.823367+00:00,APPROVED,0,None
3576789f-c4af-4377-8c8b-bd11715a4f6a,7,555.21,Swiggy,Food & Dining,"Mumbai, IN",device-mobile-007,2026-09-03T06:16:46.823367+00:00,APPROVED,0,None
5336b168-bcdc-4c38-aa6d-da00eccec53b,18,1311.95,Zara,Shopping,"Bengaluru, IN",device-laptop-018,2026-09-03T06:22:03.823367+00:00,APPROVED,0,None
da523b3e-ee47-4a4f-9004-d971686e2fdb,43,275.41,Myntra,Shopping,"Pune, IN",device-laptop-043,2026-09-03T06:48:32.823367+00:00,APPROVED,0,None
7e071600-09cf-478c-8ccf-f2d7eb7884be,14,1093.62,IndiGo,Travel,"Chennai, IN",device-mobile-014,2026-09-03T07:00:24.823367+00:00,APPROVED,0,None
38c2c15b-c3c3-4279-a7e6-c722d6258e18,46,4187.77,Zepto,Groceries,"Bengaluru, IN",device-mobile-046,2026-09-03T07:08:41.823367+00:00,APPROVED,0,None
35a8bcd7-8521-4dab-b74d-7449512591d0,8,2781.79,Zara,Shopping,"Kolkata, IN",device-mobile-008,2026-09-03T07:20:17.823367+00:00,APPROVED,0,None
d7a3caac-c132-4eeb-b420-80949dfd5a40,24,3222.74,Reliance Digital,Electronics,"Bengaluru, IN",device-mobile-024,2026-09-03T07:21:47.823367+00:00,APPROVED,0,None
3d219f11-710c-466b-93b0-5a08c4b7f719,22,1259.07,Booking.com,Travel,"Bengaluru, IN",device-mobile-022,2026-09-03T07:23:20.823367+00:00,APPROVED,0,None
a0e3c976-42cf-48c9-9375-5cfc3911a1c8,50,515.2,Airtel Bill,Utilities,"Kolkata, IN",device-laptop-050,2026-09-03T07:25:56.823367+00:00,APPROVED,0,None
cfb24854-f91d-4507-9989-26dfc43ac310,27,2248.14,DMart,Groceries,"Chennai, IN",device-mobile-027,2026-09-03T07:29:03.823367+00:00,APPROVED,0,None
cdc940bb-b78a-41cd-a136-007d10e5502a,17,2568.35,Netflix,Entertainment,"Mumbai, IN",device-mobile-017,2026-09-03T07:32:50.823367+00:00,APPROVED,0,None
52cc4c63-99d3-422a-8930-c85f7e2bb7ba,6,405.6,Amazon India,Shopping,"Hyderabad, IN",device-mobile-006,2026-09-03T08:24:24.823367+00:00,APPROVED,0,None
61aea222-9a9f-4ff6-a0b1-c309ac63bd96,29,1952.25,Steam Games,Entertainment,"Pune, IN",device-laptop-029,2026-09-03T08:31:36.823367+00:00,APPROVED,0,None
57595063-cd7c-42a6-ad2c-bccc1a11b349,37,1441.13,Ola,Travel,"Kolkata, IN",device-mobile-037,2026-09-03T08:45:38.823367+00:00,APPROVED,0,None
e538c419-a71c-48e3-9332-32cb301fc920,9,3097.6,Uber,Travel,"Pune, IN",device-laptop-009,2026-09-03T08:55:40.823367+00:00,APPROVED,0,None
1446597c-a2dc-431a-8ddc-7fe21ea3380f,31,2097.75,IndiGo,Travel,"Delhi, IN",device-mobile-031,2026-09-03T08:56:44.823367+00:00,APPROVED,0,None
c2c43d25-c2ab-4e89-9cb8-0e9166cefd79,36,9153.96,Nature's Basket,Groceries,"Mumbai, IN",device-mobile-036,2026-09-03T08:59:07.823367+00:00,APPROVED,0,None
aa2f335e-49ce-437b-989e-eb783ed2f27a,2,1986.04,Instamart,Groceries,"Pune, IN",device-mobile-002,2026-09-03T09:31:50.823367+00:00,APPROVED,0,None
65939278-9af3-4f8c-af3f-a39f5e91e37b,4,1752.91,Ajio,Shopping,"Bengaluru, IN",device-laptop-004,2026-09-03T09:35:13.823367+00:00,APPROVED,0,None
b5823fa7-c28b-46e1-b110-866d891fd21d,41,1029.93,Tanishq,Luxury & Jewelry,"Ahmedabad, IN",device-mobile-041,2026-09-03T09:42:46.823367+00:00,APPROVED,0,None
c7e092b9-f882-437b-8ebf-8d9f31f39547,15,824.94,Amazon India,Shopping,"Kolkata, IN",device-mobile-015,2026-09-03T09:55:10.823367+00:00,APPROVED,0,None
9431e230-87ef-4d6c-8653-64d5edbb613b,43,1130.11,IndiGo,Travel,"Pune, IN",device-laptop-043,2026-09-03T10:02:09.823367+00:00,APPROVED,0,None
0c682c86-4976-4a09-bdd6-40ccc33d7ad3,11,456.81,Tata Power,Utilities,"Delhi, IN",device-mobile-011,2026-09-03T10:08:47.823367+00:00,APPROVED,0,None
716d3d0e-8e07-4c36-9c43-a3921dc4422d,1,997.32,Adani Gas,Utilities,"Bengaluru, IN",device-mobile-001,2026-09-03T10:18:48.823367+00:00,APPROVED,0,None
6907d2b1-f3c1-4858-a3cb-9bb8539bd5c5,14,842.98,Ajio,Shopping,"Chennai, IN",device-mobile-014,2026-09-03T10:30:20.823367+00:00,APPROVED,0,None
7d3de6eb-9d55-43f3-8c8a-1fc38e732346,25,1670.93,Booking.com,Travel,"Bengaluru, IN",device-mobile-025,2026-09-03T10:32:59.823367+00:00,APPROVED,0,None
1ca106ea-1ca7-44f3-aaa4-030a859de74a,48,3824.87,Myntra,Shopping,"Bengaluru, IN",device-mobile-048,2026-09-03T10:33:23.823367+00:00,APPROVED,0,None
52767dc6-497e-46fc-b503-d19602a2f164,45,2439.84,Barbeque Nation,Food & Dining,"Kolkata, IN",device-mobile-045,2026-09-03T10:46:59.823367+00:00,APPROVED,0,None
c58a8bbd-96ee-46cf-be11-cb6d4fe8c30f,47,1842.97,Steam Games,Entertainment,"Bengaluru, IN",device-mobile-047,2026-09-03T10:56:03.823367+00:00,APPROVED,0,None
0e191d05-4b93-4306-b0e3-09c3e34e5a52,24,1418.03,Vijay Sales,Electronics,"Bengaluru, IN",device-mobile-024,2026-09-03T11:02:26.823367+00:00,APPROVED,0,None
2f9d1737-2c2b-4bb9-9c48-d0bd1511284f,10,1600.77,Zara,Shopping,"Mumbai, IN",device-laptop-010,2026-09-03T11:10:33.823367+00:00,APPROVED,0,None
b12058f3-92e7-4e7d-9e0d-bfb08aca2973,41,696.21,H&M,Shopping,"Ahmedabad, IN",device-mobile-041,2026-09-03T11:21:30.823367+00:00,APPROVED,0,None
f361a3ee-ce41-4c33-90db-2bbcb3da9c61,5,986.63,Bescom,Utilities,"Mumbai, IN",device-mobile-005,2026-09-03T11:22:01.823367+00:00,APPROVED,0,None
9aa31394-1e94-4c4b-b58c-1fc97e243f72,46,2440.88,Jio Recharge,Utilities,"Delhi, IN",device-mobile-046,2026-09-03T11:30:02.823367+00:00,APPROVED,0,None
e78d5e4e-7962-413e-9bc5-dd190efa2b46,6,506.58,Myntra,Shopping,"Hyderabad, IN",device-mobile-006,2026-09-03T11:30:57.823367+00:00,APPROVED,0,None
9ebe0182-2a7c-4b9b-9e18-bd9287f9317a,26,3017.79,Ajio,Shopping,"Ahmedabad, IN",device-mobile-026,2026-09-03T11:35:03.823367+00:00,APPROVED,0,None
c380262d-1d85-4a03-a8e0-86a477b55be2,1,1155.04,BookMyShow,Entertainment,"Bengaluru, IN",device-mobile-001,2026-09-03T11:48:08.823367+00:00,APPROVED,0,None
a216b3a1-6455-4e71-b69c-3178a79c6e01,23,1658.93,Airtel Bill,Utilities,"Hyderabad, IN",device-mobile-023,2026-09-03T11:59:32.823367+00:00,APPROVED,0,None
b64d266f-be91-4e98-96f5-35c8ea772604,30,421.11,Uber,Travel,"Bengaluru, IN",device-mobile-030,2026-09-03T12:02:49.823367+00:00,APPROVED,0,None
1002392d-29c4-48b8-a90c-6536739392b4,6,1958.41,IRCTC,Travel,"Hyderabad, IN",device-mobile-006,2026-09-03T12:03:44.823367+00:00,APPROVED,0,None
d725b09a-7834-4f8f-8851-d73121ca6ff1,4,2907.7,DMart,Groceries,"Bengaluru, IN",device-laptop-004,2026-09-03T12:23:00.823367+00:00,APPROVED,0,None
5a7d9142-fa8b-4bc6-8d43-047593f666cb,32,893.33,DMart,Groceries,"Hyderabad, IN",device-mobile-032,2026-09-03T12:24:38.823367+00:00,APPROVED,0,None
40e9760b-d37c-4816-9899-1693fc054d0a,35,3679.85,PVR Cinemas,Entertainment,"Bengaluru, IN",device-mobile-035,2026-09-03T12:33:37.823367+00:00,APPROVED,0,None
d9005659-85f1-46d9-af1c-a7cdf72256c7,19,3316.59,PVR Cinemas,Entertainment,"Mumbai, IN",device-mobile-019,2026-09-03T12:45:01.823367+00:00,APPROVED,0,None
4d054c53-a40e-4962-8003-25f81d0debea,23,946.72,Dominos,Food & Dining,"Bengaluru, IN",device-laptop-023,2026-09-03T12:49:43.823367+00:00,APPROVED,0,None
4ffc77d2-59e2-44ff-8d93-9dcef8392ad4,40,920.81,Steam Games,Entertainment,"Ahmedabad, IN",device-mobile-040,2026-09-03T12:52:26.823367+00:00,APPROVED,0,None
0cd49e67-038a-49d8-96e6-8dccc340db57,9,1401.34,Blinkit,Groceries,"Pune, IN",device-laptop-009,2026-09-03T13:05:48.823367+00:00,APPROVED,0,None
db1d2c84-7b13-4d82-a3d8-b5970d5e2222,7,979.7,Netflix,Entertainment,"Mumbai, IN",device-mobile-007,2026-09-03T13:16:32.823367+00:00,APPROVED,0,None
da6e98ca-6c73-4f45-ae38-4dfe49df437e,2,22233.52,Apple Store,Electronics,"Chennai, IN",device-emulator-root-9593,2026-09-03T13:38:01.823367+00:00,SUSPICIOUS,1,UNRECOGNIZED_DEVICE
59eee0f8-54d6-4297-8c11-3ba2c970b174,43,440.18,McDonald's,Food & Dining,"Pune, IN",device-mobile-043,2026-09-03T13:40:18.823367+00:00,APPROVED,0,None
9b0574be-1fda-4452-b237-96746c9c0b33,48,2449.91,Vijay Sales,Electronics,"Bengaluru, IN",device-mobile-048,2026-09-03T14:05:52.823367+00:00,APPROVED,0,None
fd336c68-6fd6-4394-b603-334e49d124d8,4,1075.55,Adani Gas,Utilities,"Bengaluru, IN",device-laptop-004,2026-09-03T14:06:49.823367+00:00,APPROVED,0,None
b2c890ec-7b2c-4660-80f2-a997156664ad,10,2156.63,Reliance Digital,Electronics,"Mumbai, IN",device-mobile-010,2026-09-03T14:11:00.823367+00:00,APPROVED,0,None
45217cff-ab79-4eeb-89c3-cb504d0f89fa,35,4022.38,Zara,Shopping,"Mumbai, IN",device-mobile-035,2026-09-03T14:13:53.823367+00:00,APPROVED,0,None
7cb93dab-636e-43ba-8de7-5b90f5f3d11e,21,4256.55,Starbucks,Food & Dining,"Chennai, IN",device-laptop-021,2026-09-03T14:18:16.823367+00:00,APPROVED,0,None
e07e7e8c-b7f6-4b92-8e4f-31f0bcece4e6,25,570.72,Instamart,Groceries,"Bengaluru, IN",device-mobile-025,2026-09-03T14:22:27.823367+00:00,APPROVED,0,None
c6df52ce-24e7-460b-b16f-22efdb6cf32c,21,1999.94,Vijay Sales,Electronics,"Chennai, IN",device-mobile-021,2026-09-03T14:22:35.823367+00:00,APPROVED,0,None
c9535d1e-b142-4613-a253-31fcbd0618b8,20,2524.59,Blinkit,Groceries,"Pune, IN",device-mobile-020,2026-09-03T14:24:07.823367+00:00,APPROVED,0,None
a4892a9c-9c39-412e-87a8-341a7411c255,38,663.23,Uber,Travel,"Hyderabad, IN",device-mobile-038,2026-09-03T14:30:37.823367+00:00,APPROVED,0,None
f96a795a-37fb-4fbb-a660-2ba1d5749c9a,22,1065.3,Netflix,Entertainment,"Bengaluru, IN",device-mobile-022,2026-09-03T14:31:12.823367+00:00,APPROVED,0,None
c5260a81-7f19-4fbe-b062-b7ee91f94491,33,354.02,Samsung Store,Electronics,"Kolkata, IN",device-mobile-033,2026-09-03T14:31:27.823367+00:00,APPROVED,0,None
8e096726-b42a-4f6c-8f61-6d083be356d6,23,1185.19,IRCTC,Travel,"Hyderabad, IN",device-mobile-023,2026-09-03T14:33:20.823367+00:00,APPROVED,0,None
225992f0-4de8-42de-a8d5-b50fb64cb6cf,16,640.01,Uber,Travel,"Chennai, IN",device-mobile-016,2026-09-03T14:33:52.823367+00:00,APPROVED,0,None
6ec3d2c9-b1bc-422c-b821-4a41234ecfdd,32,353.98,Spotify,Entertainment,"Hyderabad, IN",device-mobile-032,2026-09-03T14:36:24.823367+00:00,APPROVED,0,None
0e546527-e5d8-46bc-8cc0-97462b9c842c,2,6203.02,Steam Games,Entertainment,"Pune, IN",device-mobile-002,2026-09-03T14:40:38.823367+00:00,APPROVED,0,None
cdedc911-10af-48db-a7fb-7e475c64edf1,32,670.52,Ola,Travel,"Hyderabad, IN",device-mobile-032,2026-09-03T14:45:52.823367+00:00,APPROVED,0,None
5a60cefa-9283-435c-86e6-0b52f25664ab,37,1198.0,Adani Gas,Utilities,"Kolkata, IN",device-mobile-037,2026-09-03T15:33:02.823367+00:00,APPROVED,0,None
624fcc4c-9fa2-4d7d-b5c4-965cf619171c,18,6521.34,Flipkart,Shopping,"Bengaluru, IN",device-mobile-018,2026-09-03T15:33:24.823367+00:00,APPROVED,0,None
90365f49-479f-4a78-a866-290038245985,38,1365.95,Steam Games,Shopping,"Lagos, NG",device-botnet-58,2026-09-03T15:56:03.823367+00:00,FLAGGED,1,FAILED_ATTEMPT_STUFFING
fb483044-a26b-4fb2-9eb2-f9db1b264bbf,32,1008.57,Instamart,Groceries,"Hyderabad, IN",device-mobile-032,2026-09-03T16:01:56.823367+00:00,APPROVED,0,None
9be320d9-cebe-45d4-b723-3fd1531d5b12,38,656.45,Dominos,Food & Dining,"Hyderabad, IN",device-mobile-038,2026-09-03T16:14:41.823367+00:00,APPROVED,0,None
fe8a75b9-0fd5-4ab1-9d61-bcf68d6f0ff2,30,654.53,Steam Games,Entertainment,"Bengaluru, IN",device-laptop-030,2026-09-03T16:25:14.823367+00:00,APPROVED,0,None
1103a907-106a-4e99-ada2-ad1a31b6f91f,45,1502.15,MakeMyTrip,Travel,"Kolkata, IN",device-mobile-045,2026-09-03T16:28:23.823367+00:00,APPROVED,0,None
d4264a42-e18f-472c-8dc6-7832b4e2e744,37,314.27,Amazon India,Shopping,"Kolkata, IN",device-mobile-037,2026-09-03T16:40:52.823367+00:00,APPROVED,0,None
7d479772-3fae-4b4e-a0df-d26aed36ef59,43,35970.98,Zara,Shopping,"Cayman Islands, KY",device-mobile-043,2026-09-03T16:58:20.823367+00:00,SUSPICIOUS,1,LOCATION_HOPPING
25cd9e8d-1a5f-4517-b31a-69ba2f046b97,1,1416.78,Tata Power,Utilities,"Bengaluru, IN",device-mobile-001,2026-09-03T16:58:31.823367+00:00,APPROVED,0,None
f025f501-7c35-4ced-aada-2dc4b46911e7,15,1197.48,McDonald's,Food & Dining,"Bengaluru, IN",device-mobile-015,2026-09-03T17:02:38.823367+00:00,APPROVED,0,None
7787ff00-69c5-4273-8476-52ef760b9b0b,1,1216.78,BigBasket,Groceries,"Bengaluru, IN",device-mobile-001,2026-09-03T17:03:21.823367+00:00,APPROVED,0,None
7125c5c3-fea1-4d94-bc92-430e43201b25,13,1704.37,Netflix,Entertainment,"Hyderabad, IN",device-mobile-013,2026-09-03T17:05:51.823367+00:00,APPROVED,0,None
d48d846a-547c-4ccc-9bae-baa785defe6c,6,733.91,Adani Gas,Utilities,"Hyderabad, IN",device-mobile-006,2026-09-03T17:24:43.823367+00:00,APPROVED,0,None
7646216b-de81-4a02-b277-d2c452f9c982,4,1266.59,McDonald's,Food & Dining,"Bengaluru, IN",device-mobile-004,2026-09-03T17:27:26.823367+00:00,APPROVED,0,None
9ac2cd26-3deb-4ac9-9094-aa5a12886d47,10,4116.69,Myntra,Shopping,"Mumbai, IN",device-mobile-010,2026-09-03T17:27:46.823367+00:00,APPROVED,0,None
89b8d439-7fea-49af-823b-ce94bcea564b,43,490.09,PVR Cinemas,Entertainment,"Pune, IN",device-mobile-043,2026-09-03T17:34:25.823367+00:00,APPROVED,0,None
dad05d55-de39-4e39-97ae-b877584f95b9,14,1254.9,Netflix,Entertainment,"Chennai, IN",device-mobile-014,2026-09-03T17:37:28.823367+00:00,APPROVED,0,None
45910390-5030-400b-977d-4d20827242b7,13,4224.49,Ola,Travel,"Hyderabad, IN",device-mobile-013,2026-09-03T17:41:00.823367+00:00,APPROVED,0,None
6559c990-bcaa-4902-a05b-98bc8f291545,26,3927.17,BookMyShow,Entertainment,"Ahmedabad, IN",device-mobile-026,2026-09-03T17:53:05.823367+00:00,APPROVED,0,None
6298531e-92c3-4476-b8ec-bceb86e525bc,15,1346.09,Barbeque Nation,Food & Dining,"Kolkata, IN",device-mobile-015,2026-09-03T17:53:13.823367+00:00,APPROVED,0,None
de9b8845-06cd-4229-9e85-1285c092bfdf,37,915.91,Swiggy,Food & Dining,"Kolkata, IN",device-mobile-037,2026-09-03T17:54:17.823367+00:00,APPROVED,0,None
378748f1-524d-45ff-9df7-3aa72e694193,18,4974.88,Zara,Shopping,"Kolkata, IN",device-mobile-018,2026-09-03T18:02:31.823367+00:00,APPROVED,0,None
84c397b0-e2a7-4db2-b4be-66d0b494182a,12,3123.47,Zara,Shopping,"Chennai, IN",device-mobile-012,2026-09-03T18:06:55.823367+00:00,APPROVED,0,None
642ecfca-1ecf-4c67-9379-bc9e3009a3e5,43,251.73,Dominos,Food & Dining,"Pune, IN",device-mobile-043,2026-09-03T18:18:19.823367+00:00,APPROVED,0,None
6f77d7ed-3c68-4ba6-9071-257e01f38cae,24,1155.38,Ajio,Shopping,"Bengaluru, IN",device-mobile-024,2026-09-03T18:22:08.823367+00:00,APPROVED,0,None
f47307b1-5b2e-4446-97a0-0a698ec1aaec,1,3865.64,Myntra,Shopping,"Bengaluru, IN",device-mobile-001,2026-09-03T18:26:21.823367+00:00,APPROVED,0,None
e84f292a-1e5c-41a5-95fb-265a712a11fd,29,1996.75,Adani Gas,Utilities,"Pune, IN",device-mobile-029,2026-09-03T18:41:40.823367+00:00,APPROVED,0,None
19a3e751-b927-44c6-98c9-b0e0f960d81d,47,806.2,Bescom,Utilities,"Bengaluru, IN",device-laptop-047,2026-09-03T18:43:45.823367+00:00,APPROVED,0,None
e0e135dc-c542-43e8-9e90-2e8fb9e0021d,42,15713.78,Amazon India,Shopping,"Delhi, IN",device-mobile-042,2026-09-03T18:56:03.823367+00:00,SUSPICIOUS,1,RAPID_BURST
c75a45b0-e7e7-499d-93f8-57c059b209ae,9,2216.11,Jio Recharge,Utilities,"Pune, IN",device-mobile-009,2026-09-03T19:11:10.823367+00:00,APPROVED,0,None
4e5f8bbe-5b77-46a7-a6dc-4858520908ce,34,2395.1,Starbucks,Food & Dining,"Hyderabad, IN",device-mobile-034,2026-09-03T19:17:00.823367+00:00,APPROVED,0,None
ae44c3e6-3770-45aa-86df-e94ff41f1d68,5,1213.76,BookMyShow,Entertainment,"Mumbai, IN",device-mobile-005,2026-09-03T19:36:58.823367+00:00,APPROVED,0,None
26e79a56-724c-457a-9b0b-c7619382c039,4,2177.65,MakeMyTrip,Travel,"Bengaluru, IN",device-mobile-004,2026-09-03T19:48:02.823367+00:00,APPROVED,0,None
465373c1-ed82-4521-8d35-0c4deee1f36d,24,20735.14,IRCTC,Travel,"Lagos, NG",device-mobile-024,2026-09-03T20:01:00.823367+00:00,SUSPICIOUS,1,LOCATION_HOPPING
cdb67696-1fb7-49ed-89fa-3db12f76754d,30,1182.12,BookMyShow,Entertainment,"Bengaluru, IN",device-mobile-030,2026-09-03T20:11:18.823367+00:00,APPROVED,0,None
67bdfd50-4b8c-47f8-8031-82ae4d5168bf,24,794.36,MakeMyTrip,Travel,"Bengaluru, IN",device-mobile-024,2026-09-03T20:14:53.823367+00:00,APPROVED,0,None
8471ae63-1551-4c3c-b0f7-4766a7f1e8ba,29,3537.92,Myntra,Shopping,"Pune, IN",device-mobile-029,2026-09-03T20:15:00.823367+00:00,APPROVED,0,None
af389a8b-60ae-44e0-ae06-c9f4a80d773c,15,1144.75,Reliance Digital,Electronics,"Pune, IN",device-mobile-015,2026-09-03T20:21:16.823367+00:00,APPROVED,0,None
a52c149a-dec7-4fd4-b286-d1e9e2480df7,23,2643.85,Netflix,Entertainment,"Hyderabad, IN",device-laptop-023,2026-09-03T20:21:18.823367+00:00,APPROVED,0,None
9a0a8eae-1d42-4c5a-92da-856badc604ed,4,2387.98,IndiGo,Travel,"Bengaluru, IN",device-mobile-004,2026-09-03T20:34:37.823367+00:00,APPROVED,0,None
87ffe836-a233-4546-aa06-e53322ed6dfd,1,1749.52,Malabar Gold,Luxury & Jewelry,"Bengaluru, IN",device-mobile-001,2026-09-03T20:35:42.823367+00:00,APPROVED,0,None
cb058491-af5d-48b3-a3df-cd20da574104,43,609.03,Adani Gas,Utilities,"Pune, IN",device-mobile-043,2026-09-03T20:36:26.823367+00:00,APPROVED,0,None
95a2e2dd-da7b-4763-b415-e0e4c22574d6,24,1599.63,Zara,Shopping,"Bengaluru, IN",device-mobile-024,2026-09-03T20:39:17.823367+00:00,APPROVED,0,None
d57960dd-5d92-40ed-a616-e803b8c05cd3,37,287047.85,Tiffany & Co,Luxury & Jewelry,"Kolkata, IN",device-mobile-037,2026-09-03T20:45:58.823367+00:00,FLAGGED,1,HIGH_AMOUNT_SPIKE
f339989b-958a-4c25-90f7-020be94c251e,14,485.16,Booking.com,Travel,"Chennai, IN",device-mobile-014,2026-09-03T20:48:32.823367+00:00,APPROVED,0,None
2001d73b-b5fc-4e01-81f7-2e7afef3069e,32,29987.74,Apple Store,Electronics,"Bengaluru, IN",device-emulator-root-9340,2026-09-03T20:49:37.823367+00:00,SUSPICIOUS,1,UNRECOGNIZED_DEVICE
1a3910fb-53f6-4411-bd2c-35b1b3ac8636,3,7875.33,Samsung Store,Electronics,"Delhi, IN",device-mobile-003,2026-09-03T20:52:48.823367+00:00,APPROVED,0,None
f805d922-fca5-4518-840b-2ed89e436d39,31,632.0,Apple Store,Electronics,"Delhi, IN",device-mobile-031,2026-09-03T20:52:49.823367+00:00,APPROVED,0,None
78ce8632-b82c-44a3-9b62-503c61d88acb,30,15882.17,Amazon India,Shopping,"Bengaluru, IN",device-mobile-030,2026-09-03T20:53:22.823367+00:00,SUSPICIOUS,1,RAPID_BURST
d7b785f2-05ac-4956-b753-8210b35568d7,10,5129.5,Ajio,Shopping,"Mumbai, IN",device-mobile-010,2026-09-03T20:54:33.823367+00:00,APPROVED,0,None
fd8e3e0c-2420-4b57-84c7-913937e36810,12,3814.69,MakeMyTrip,Travel,"Chennai, IN",device-mobile-012,2026-09-03T21:01:38.823367+00:00,APPROVED,0,None
d0ecb69f-d752-44dd-8be7-8735aa8b097e,10,11011.99,Zara,Shopping,"Mumbai, IN",device-mobile-010,2026-09-03T21:15:46.823367+00:00,APPROVED,0,None
cf1c2f0e-1972-41d8-8e22-438795fdc76f,20,464.25,Amazon India,Shopping,"Chennai, IN",device-mobile-020,2026-09-03T21:47:36.823367+00:00,APPROVED,0,None
a9ddf747-d28b-434e-93c6-53976c7f62bd,43,534.78,Samsung Store,Electronics,"Pune, IN",device-mobile-043,2026-09-03T21:53:39.823367+00:00,APPROVED,0,None
8d043021-3b1c-4faa-b844-6ede6f0de80a,10,1613.25,Amazon India,Shopping,"Mumbai, IN",device-mobile-010,2026-09-03T21:53:51.823367+00:00,APPROVED,0,None
b013a12d-eb18-48c4-af67-bdcaf577ec29,40,47592.63,Apple Store,Electronics,"Ahmedabad, IN",device-emulator-root-3495,2026-09-03T22:23:00.823367+00:00,SUSPICIOUS,1,UNRECOGNIZED_DEVICE
be36c0e1-d2ac-4022-b2d9-5816bd47031d,16,346.23,Zara,Shopping,"Chennai, IN",device-mobile-016,2026-09-03T22:33:34.823367+00:00,APPROVED,0,None
fa5da568-cad1-478b-9a6f-bf2b022dcb02,24,1924.25,Amazon India,Shopping,"Bengaluru, IN",device-mobile-024,2026-09-03T22:33:34.823367+00:00,APPROVED,0,None
08552325-a47f-4633-a673-59ad34c2bddc,48,3528.27,BookMyShow,Entertainment,"Bengaluru, IN",device-mobile-048,2026-09-03T22:33:43.823367+00:00,APPROVED,0,None
6388c98a-cb92-4fde-8982-45f40815c5a1,37,2284.04,Booking.com,Travel,"Kolkata, IN",device-mobile-037,2026-09-03T22:35:21.823367+00:00,APPROVED,0,None
f35d0347-aa0c-4522-9ce6-e2ecafee0d5b,21,1415.02,BookMyShow,Entertainment,"Chennai, IN",device-mobile-021,2026-09-03T22:40:58.823367+00:00,APPROVED,0,None
d233ba20-1a80-40ac-b5a1-5423623a2628,7,1598.33,IndiGo,Travel,"Mumbai, IN",device-mobile-007,2026-09-03T22:42:35.823367+00:00,APPROVED,0,None
51ff0c85-4d9f-4520-b714-fb1893781d3d,25,2158.35,Croma,Electronics,"Bengaluru, IN",device-mobile-025,2026-09-03T22:43:31.823367+00:00,APPROVED,0,None
d6b9ab38-e936-4aaa-9f59-58eeff99b18d,28,1195.72,Instamart,Groceries,"Chennai, IN",device-mobile-028,2026-09-03T22:49:33.823367+00:00,APPROVED,0,None
e1670d4f-753d-4a00-8e33-180dea1f5cef,32,926.43,Bescom,Utilities,"Hyderabad, IN",device-mobile-032,2026-09-03T23:11:01.823367+00:00,APPROVED,0,None
22c6bf8f-b269-40c5-a1e0-71607fa109ad,3,1483.64,Swiggy,Food & Dining,"Delhi, IN",device-mobile-003,2026-09-03T23:17:13.823367+00:00,APPROVED,0,None
6985c026-1628-45cb-ac59-39fd4315e591,9,3606.66,BigBasket,Groceries,"Pune, IN",device-mobile-009,2026-09-03T23:34:03.823367+00:00,APPROVED,0,None
3fa9fcb5-5c43-46d3-9e75-2a3c658bd7ad,45,1625.69,Steam Games,Entertainment,"Kolkata, IN",device-mobile-045,2026-09-03T23:55:36.823367+00:00,APPROVED,0,None
37db0017-2813-4fa5-9d56-3fb57fa7cf52,34,5904.68,Croma,Electronics,"Hyderabad, IN",device-mobile-034,2026-09-04T00:13:09.823367+00:00,APPROVED,0,None
b3353a6f-2371-4748-8d80-c644db2d451a,41,1276.14,Zomato,Food & Dining,"Ahmedabad, IN",device-mobile-041,2026-09-04T00:18:50.823367+00:00,APPROVED,0,None
f4e03a07-055c-4e1a-b6e9-be95d75cc6e3,28,1402.67,Airtel Bill,Utilities,"Chennai, IN",device-mobile-028,2026-09-04T00:23:50.823367+00:00,APPROVED,0,None
df9454cd-f7aa-49b5-bc47-478406720c82,35,4261.53,Uber,Travel,"Mumbai, IN",device-mobile-035,2026-09-04T00:28:25.823367+00:00,APPROVED,0,None
8f7215cf-8367-46fc-ac6a-36d2bfebb081,44,7008.34,Airtel Bill,Utilities,"Kolkata, IN",device-mobile-044,2026-09-04T00:56:29.823367+00:00,APPROVED,0,None
db43ebee-947f-4bee-9d85-2ea931d10a88,46,3401.24,Vijay Sales,Electronics,"Delhi, IN",device-mobile-046,2026-09-04T00:58:42.823367+00:00,APPROVED,0,None
4536f1e1-769c-4177-afde-237c3a4917cc,31,2447.04,MakeMyTrip,Travel,"Delhi, IN",device-mobile-031,2026-09-04T01:02:46.823367+00:00,APPROVED,0,None
6f6761cc-08c8-4f45-b414-3a33f8d83030,27,1397.76,Netflix,Entertainment,"Hyderabad, IN",device-mobile-027,2026-09-04T01:07:53.823367+00:00,APPROVED,0,None
2fb5b839-928c-47ef-b67f-3abc06d3f5b2,5,805.96,Blinkit,Groceries,"Mumbai, IN",device-mobile-005,2026-09-04T01:10:14.823367+00:00,APPROVED,0,None
a604f3f4-18ad-4834-93c9-2dd54fe556e9,40,1323.7,Spotify,Entertainment,"Ahmedabad, IN",device-mobile-040,2026-09-04T01:19:36.823367+00:00,APPROVED,0,None
037bf034-ab81-4ec5-93ad-9b9b2e53a0a3,25,25781.97,IndiGo,Travel,"Lagos, NG",device-mobile-025,2026-09-04T01:22:55.823367+00:00,SUSPICIOUS,1,LOCATION_HOPPING
546bd2a5-3832-4427-9def-10997835f1d6,23,689.42,Reliance Digital,Electronics,"Hyderabad, IN",device-mobile-023,2026-09-04T01:28:31.823367+00:00,APPROVED,0,None
7e875df7-c742-43af-9fac-5a331214afaa,10,1545.83,Zepto,Groceries,"Mumbai, IN",device-mobile-010,2026-09-04T01:39:12.823367+00:00,APPROVED,0,None
5e38ec11-7489-478f-9fe5-210585a05889,39,2787.78,DMart,Groceries,"Chennai, IN",device-mobile-039,2026-09-04T01:52:40.823367+00:00,APPROVED,0,None
9cb4ec7e-f08a-4d81-ada5-0a43846c9634,24,2067.28,Flipkart,Shopping,"Bengaluru, IN",device-mobile-024,2026-09-04T01:54:27.823367+00:00,APPROVED,0,None
433077f1-3e00-404d-803d-1642516eb0c0,50,371.97,Airtel Bill,Utilities,"Kolkata, IN",device-mobile-050,2026-09-04T02:03:16.823367+00:00,APPROVED,0,None
d35c5b7b-a8ee-486a-8460-5b44e809cbf9,14,804.35,Airtel Bill,Utilities,"Chennai, IN",device-mobile-014,2026-09-04T02:19:17.823367+00:00,APPROVED,0,None
c28b9ca3-78a4-4d8a-9320-739929f5ff9b,29,1995.13,Tata Power,Utilities,"Pune, IN",device-laptop-029,2026-09-04T02:23:59.823367+00:00,APPROVED,0,None
ad577781-688e-4f76-9b54-f38d31dcf4c1,46,14155.29,Amazon India,Shopping,"Delhi, IN",device-mobile-046,2026-09-04T02:28:14.823367+00:00,SUSPICIOUS,1,RAPID_BURST
9fe0c198-6e06-4d6f-8d1f-f166af271436,42,2647.16,DMart,Groceries,"Delhi, IN",device-mobile-042,2026-09-04T02:43:29.823367+00:00,APPROVED,0,None
7f1ec9f4-8807-4d73-9714-bd2521955f42,18,2526.78,Myntra,Shopping,"Bengaluru, IN",device-mobile-018,2026-09-04T02:55:35.823367+00:00,APPROVED,0,None
7550f546-1de7-4f32-82f6-8d5e5ba386fa,31,1831.71,Apple Store,Electronics,"Delhi, IN",device-mobile-031,2026-09-04T02:56:59.823367+00:00,APPROVED,0,None
034e02f8-d0b0-4d29-8269-8c1b4df78eed,48,1064.58,Zepto,Groceries,"Bengaluru, IN",device-mobile-048,2026-09-04T02:57:29.823367+00:00,APPROVED,0,None
76645fc8-973e-4e39-b9a5-7124331b882e,18,1945.76,Malabar Gold,Luxury & Jewelry,"Bengaluru, IN",device-mobile-018,2026-09-04T02:59:46.823367+00:00,APPROVED,0,None
340654e7-769e-4ef5-9de8-89a692a3fdac,39,4666.71,Dominos,Food & Dining,"Chennai, IN",device-mobile-039,2026-09-04T03:03:07.823367+00:00,APPROVED,0,None
b1c15981-ca1e-4b0c-b91f-e3b0c5e938d3,17,1394.12,Booking.com,Travel,"Mumbai, IN",device-mobile-017,2026-09-04T03:25:20.823367+00:00,APPROVED,0,None
789f4e01-9c3b-4a1c-9237-b97124630e68,39,1336.96,DMart,Groceries,"Chennai, IN",device-mobile-039,2026-09-04T03:28:19.823367+00:00,APPROVED,0,None
3fe5423d-3f1e-47df-a13e-44ba6b002dda,7,701.63,Adani Gas,Utilities,"Mumbai, IN",device-laptop-007,2026-09-04T03:50:23.823367+00:00,APPROVED,0,None
a2b6b015-c704-4a21-ad45-31480b1b067a,2,9173.27,Zomato,Food & Dining,"Ahmedabad, IN",device-mobile-002,2026-09-04T03:56:46.823367+00:00,APPROVED,0,None
49d9f2b3-be3f-4176-9eca-655f3d1758db,31,1021.33,Instamart,Groceries,"Delhi, IN",device-laptop-031,2026-09-04T03:57:41.823367+00:00,APPROVED,0,None
a5ff59b4-6220-4672-806e-4df4bdde8970,33,1084.99,Steam Games,Entertainment,"Kolkata, IN",device-mobile-033,2026-09-04T04:10:41.823367+00:00,APPROVED,0,None
03236ed3-80c2-4e0b-866f-cc304a084313,36,2051.64,BigBasket,Groceries,"Mumbai, IN",device-mobile-036,2026-09-04T04:12:23.823367+00:00,APPROVED,0,None
3763524d-3a5c-408b-976f-c29d07be6820,8,2532.96,Ajio,Shopping,"Kolkata, IN",device-mobile-008,2026-09-04T04:14:08.823367+00:00,APPROVED,0,None
d655cf86-5d11-4f34-914c-278b3e95d4e3,39,2311.86,McDonald's,Food & Dining,"Chennai, IN",device-mobile-039,2026-09-04T04:19:34.823367+00:00,APPROVED,0,None
2398731b-0867-424c-bb3a-96716b5fb6de,28,1742.67,Jio Recharge,Utilities,"Pune, IN",device-mobile-028,2026-09-04T04:28:50.823367+00:00,APPROVED,0,None
081e723a-1fc6-4e67-98d6-b8d002bbed62,7,1357.5,Reliance Digital,Electronics,"Mumbai, IN",device-mobile-007,2026-09-04T04:29:01.823367+00:00,APPROVED,0,None
baf29734-6c47-4f31-aaef-c22fcb0671ec,35,3498.98,PVR Cinemas,Entertainment,"Mumbai, IN",device-mobile-035,2026-09-04T04:34:23.823367+00:00,APPROVED,0,None
c693b91b-af76-4ac7-a001-bdc409c37516,16,1781.68,Flipkart,Shopping,"Bengaluru, IN",device-laptop-016,2026-09-04T05:02:44.823367+00:00,APPROVED,0,None
1628e1f2-07a2-441e-ae21-5111eeb0068f,19,1813.54,Blinkit,Groceries,"Kolkata, IN",device-mobile-019,2026-09-04T05:47:51.823367+00:00,APPROVED,0,None
feeadbd5-98b4-48ef-975a-e94b35880f56,19,2695.9,Bescom,Utilities,"Kolkata, IN",device-mobile-019,2026-09-04T05:50:20.823367+00:00,APPROVED,0,None
790c4c69-e3a8-4f45-9b87-e9b87c6f2f7b,1,1829.52,Barbeque Nation,Food & Dining,"Bengaluru, IN",device-mobile-001,2026-09-04T05:52:26.823367+00:00,APPROVED,0,None
b9afa95a-e944-4e92-ab40-3d179fd8084e,3,3618.43,Adani Gas,Utilities,"Delhi, IN",device-mobile-003,2026-09-04T06:26:50.823367+00:00,APPROVED,0,None
8c7797ff-fa81-4da3-a5bd-593f9c2d0fda,43,405.21,Blinkit,Groceries,"Pune, IN",device-mobile-043,2026-09-04T06:32:31.823367+00:00,APPROVED,0,None
065d872b-2d35-4405-a559-d28b38b7b703,4,3459.89,Nature's Basket,Groceries,"Bengaluru, IN",device-mobile-004,2026-09-04T06:33:58.823367+00:00,APPROVED,0,None
1b34b8e9-e136-42a3-b743-a5cde1373e6b,28,1347.65,Nature's Basket,Groceries,"Chennai, IN",device-mobile-028,2026-09-04T06:34:34.823367+00:00,APPROVED,0,None
b2035e6f-f684-4683-b293-52ec3386d848,33,44165.31,Apple Store,Electronics,"Mumbai, IN",device-emulator-root-8242,2026-09-04T06:35:57.823367+00:00,SUSPICIOUS,1,UNRECOGNIZED_DEVICE
bb4f4ee4-25ab-4f88-8fd5-f7509dea5cdb,22,777.19,Netflix,Entertainment,"Bengaluru, IN",device-mobile-022,2026-09-04T06:38:08.823367+00:00,APPROVED,0,None
b22a30d6-3a6b-401b-85fe-c6bb39b81b63,13,2298.57,Instamart,Groceries,"Hyderabad, IN",device-mobile-013,2026-09-04T06:47:49.823367+00:00,APPROVED,0,None
53a55969-0473-469b-8112-7c1d72efee5e,48,2302.22,Amazon India,Shopping,"Bengaluru, IN",device-mobile-048,2026-09-04T06:58:12.823367+00:00,APPROVED,0,None
3199ba3c-b2f3-479b-b958-a6f80162e601,20,3016.23,Spotify,Entertainment,"Pune, IN",device-laptop-020,2026-09-04T07:08:22.823367+00:00,APPROVED,0,None
6cd05e72-c19c-4d89-ad88-53664b48a714,24,2577.97,H&M,Shopping,"Ahmedabad, IN",device-mobile-024,2026-09-04T07:13:02.823367+00:00,APPROVED,0,None
4a29f561-36fe-4dfa-827c-2708568fe180,3,1374.65,H&M,Shopping,"Delhi, IN",device-mobile-003,2026-09-04T07:16:20.823367+00:00,APPROVED,0,None
1cbdaabf-8818-4d12-a927-6c63b90706ec,26,2556.11,Spotify,Entertainment,"Ahmedabad, IN",device-mobile-026,2026-09-04T07:17:59.823367+00:00,APPROVED,0,None
431df6f6-f9e7-4491-9876-34813a277e18,47,1377.38,Barbeque Nation,Food & Dining,"Bengaluru, IN",device-mobile-047,2026-09-04T07:42:32.823367+00:00,APPROVED,0,None
2f4fc434-9bc7-47b1-a4da-ed89a265f8fd,39,694.23,Bescom,Utilities,"Chennai, IN",device-mobile-039,2026-09-04T07:44:50.823367+00:00,APPROVED,0,None
181a8021-0f69-414b-827e-3be9a132c3f4,5,1104.41,Samsung Store,Electronics,"Mumbai, IN",device-mobile-005,2026-09-04T08:14:09.823367+00:00,APPROVED,0,None
b51059df-a67e-4f3a-b40f-4f9d503962ba,44,23422.01,Booking.com,Travel,"Lagos, NG",device-mobile-044,2026-09-04T08:23:19.823367+00:00,SUSPICIOUS,1,LOCATION_HOPPING
68bd4ab9-6ab8-4b60-90c6-83f909409484,1,1347.49,BigBasket,Groceries,"Bengaluru, IN",device-mobile-001,2026-09-04T08:31:29.823367+00:00,APPROVED,0,None
5912265f-8008-4fc6-8012-4ab65817d168,29,3180.81,PVR Cinemas,Entertainment,"Pune, IN",device-mobile-029,2026-09-04T08:39:14.823367+00:00,APPROVED,0,None
bb1818ad-dae6-4c32-9089-0763542fb3b2,9,3270.52,Flipkart,Shopping,"Hyderabad, IN",device-mobile-009,2026-09-04T08:49:23.823367+00:00,APPROVED,0,None
b0cc6cc4-c1c9-42be-a9a6-b4916e0cf423,27,3496.45,BigBasket,Groceries,"Chennai, IN",device-mobile-027,2026-09-04T08:57:23.823367+00:00,APPROVED,0,None
fcd528ae-c67e-4c0e-b898-ef5117f49293,24,1638.36,Netflix,Entertainment,"Bengaluru, IN",device-mobile-024,2026-09-04T09:06:57.823367+00:00,APPROVED,0,None
3de0a39c-0b2c-43b2-af5a-678b4f9278fb,9,5420.66,BookMyShow,Entertainment,"Pune, IN",device-laptop-009,2026-09-04T09:16:40.823367+00:00,APPROVED,0,None
0cc33cdd-fe27-458a-882d-71af91b3ff9e,25,1480.05,BigBasket,Groceries,"Bengaluru, IN",device-mobile-025,2026-09-04T09:20:21.823367+00:00,APPROVED,0,None
9067d681-7db6-4de2-b5aa-196f5a66fc91,10,2386.35,Swiggy,Food & Dining,"Mumbai, IN",device-mobile-010,2026-09-04T09:29:51.823367+00:00,APPROVED,0,None
3832fc06-8bfe-406c-a55f-4f198dff777b,19,980.09,Samsung Store,Electronics,"Kolkata, IN",device-mobile-019,2026-09-04T09:35:02.823367+00:00,APPROVED,0,None
193a2d54-c3ff-40b7-83b8-9f3d89022aa2,42,2516.03,BookMyShow,Entertainment,"Delhi, IN",device-mobile-042,2026-09-04T09:57:07.823367+00:00,APPROVED,0,None
2d783060-f8ea-4b74-a874-a3a70f187876,47,2341.29,Zara,Shopping,"Chennai, IN",device-mobile-047,2026-09-04T10:02:29.823367+00:00,APPROVED,0,None
bf92c1a9-806f-476b-85a3-de60ddc68cb7,40,738.71,Barbeque Nation,Food & Dining,"Delhi, IN",device-mobile-040,2026-09-04T10:20:38.823367+00:00,APPROVED,0,None
e6ef6680-65f7-499c-98cc-f1a6479beb6b,40,1416.78,Adani Gas,Utilities,"Ahmedabad, IN",device-mobile-040,2026-09-04T10:27:01.823367+00:00,APPROVED,0,None
824b64da-78a8-45ae-9f7d-eac0187664e9,10,3240.55,PVR Cinemas,Entertainment,"Mumbai, IN",device-mobile-010,2026-09-04T10:30:31.823367+00:00,APPROVED,0,None
30c31261-d75b-426d-900b-ac6dba226409,50,730.99,IRCTC,Travel,"Kolkata, IN",device-mobile-050,2026-09-04T10:43:06.823367+00:00,APPROVED,0,None
d17542d4-f206-4de7-8404-abde9442a7a1,25,977.19,Spotify,Entertainment,"Bengaluru, IN",device-mobile-025,2026-09-04T10:49:57.823367+00:00,APPROVED,0,None
cadf23d4-7984-4f40-8823-6634d80cfb2f,31,2411.91,Vijay Sales,Electronics,"Delhi, IN",device-mobile-031,2026-09-04T11:12:57.823367+00:00,APPROVED,0,None
20df1a83-b822-43cf-a30e-669f85cd8f32,34,1313.97,Airtel Bill,Utilities,"Hyderabad, IN",device-mobile-034,2026-09-04T11:14:19.823367+00:00,APPROVED,0,None
d7dfb566-4d5e-427c-af3c-7212757ede0c,49,1021.37,Zepto,Groceries,"Delhi, IN",device-mobile-049,2026-09-04T11:20:21.823367+00:00,APPROVED,0,None
b07e7820-4a93-4b7d-954c-364615ce85c2,39,1531.94,Swiggy,Food & Dining,"Hyderabad, IN",device-mobile-039,2026-09-04T11:21:17.823367+00:00,APPROVED,0,None
3712d8fc-00fa-4803-8f70-897c2830a130,2,5190.65,Croma,Electronics,"Pune, IN",device-mobile-002,2026-09-04T11:29:16.823367+00:00,APPROVED,0,None
ed642c40-d128-4c80-8782-d549e0c0b9a5,5,477.44,Myntra,Shopping,"Mumbai, IN",device-mobile-005,2026-09-04T11:38:15.823367+00:00,APPROVED,0,None
d7287dfe-fd7c-4eaf-a224-a08406233aca,10,3250.72,Flipkart,Shopping,"Mumbai, IN",device-mobile-010,2026-09-04T11:39:37.823367+00:00,APPROVED,0,None
152a114d-a88d-4e00-8059-9f76caf089fd,13,1838.49,Bescom,Utilities,"Hyderabad, IN",device-mobile-013,2026-09-04T11:43:40.823367+00:00,APPROVED,0,None
a4603567-b94e-49bd-adc5-9a5a922a9f79,41,655.42,Rolex Boutique,Luxury & Jewelry,"Ahmedabad, IN",device-mobile-041,2026-09-04T11:54:54.823367+00:00,APPROVED,0,None
64c6aff0-abd1-42ee-875d-aeeb4bf44590,23,914.87,Samsung Store,Electronics,"Hyderabad, IN",device-mobile-023,2026-09-04T11:58:03.823367+00:00,APPROVED,0,None
652994f5-d1b7-4e84-9b75-42c0fa1eb54a,8,1569.88,Myntra,Shopping,"Kolkata, IN",device-mobile-008,2026-09-04T12:02:33.823367+00:00,APPROVED,0,None
bc70fb83-9ac0-4a5d-99fe-bcc731accea9,32,943.01,Zomato,Food & Dining,"Hyderabad, IN",device-mobile-032,2026-09-04T12:18:55.823367+00:00,APPROVED,0,None
bff12d66-e1ca-4c69-8642-741106ca69ff,38,1079.6,Myntra,Shopping,"Hyderabad, IN",device-mobile-038,2026-09-04T12:45:08.823367+00:00,APPROVED,0,None
2bc612a8-8718-4226-96d2-db624045392f,10,6441.24,Swiggy,Food & Dining,"Mumbai, IN",device-laptop-010,2026-09-04T12:49:19.823367+00:00,APPROVED,0,None
f81c2209-9227-4de2-bd49-d375f095c619,36,1476.86,H&M,Shopping,"Mumbai, IN",device-mobile-036,2026-09-04T13:01:33.823367+00:00,APPROVED,0,None
eb1a74b6-4601-43f5-b731-6fe5b9978380,15,1854.64,Nature's Basket,Groceries,"Kolkata, IN",device-mobile-015,2026-09-04T13:12:24.823367+00:00,APPROVED,0,None
71afcd8d-1a97-4c71-892e-cde3649885c1,8,3833.01,Zara,Shopping,"Kolkata, IN",device-mobile-008,2026-09-04T13:19:51.823367+00:00,APPROVED,0,None
12502b52-3ddb-46fd-91d0-746155b1b243,15,778.43,BigBasket,Groceries,"Kolkata, IN",device-mobile-015,2026-09-04T13:30:39.823367+00:00,APPROVED,0,None
83dc61b8-c3d5-4cf6-98f9-81ded693a9a4,35,4739.91,Zomato,Food & Dining,"Mumbai, IN",device-mobile-035,2026-09-04T13:44:13.823367+00:00,APPROVED,0,None
15e02e18-bf84-461a-91a3-28fd4fa7d8d6,5,412.96,IRCTC,Travel,"Delhi, IN",device-mobile-005,2026-09-04T13:46:27.823367+00:00,APPROVED,0,None
e31f2967-4bcc-4f08-a9fc-ec7bd51728cf,26,1820.23,Spotify,Entertainment,"Ahmedabad, IN",device-mobile-026,2026-09-04T13:49:58.823367+00:00,APPROVED,0,None
b3d1ad24-70e5-4053-86b1-b67099718fbe,13,3134.63,Airtel Bill,Utilities,"Hyderabad, IN",device-mobile-013,2026-09-04T13:55:49.823367+00:00,APPROVED,0,None
e07ce8a0-c322-44af-b7ba-3a702a495356,46,3256.6,Vijay Sales,Electronics,"Delhi, IN",device-mobile-046,2026-09-04T14:02:34.823367+00:00,APPROVED,0,None
a7a999e8-21d7-488e-a193-f292623130e1,13,2053.04,DMart,Groceries,"Hyderabad, IN",device-mobile-013,2026-09-04T14:03:26.823367+00:00,APPROVED,0,None
9a14b7b6-e349-4954-9b2f-180a5e672c6e,1,1236.39,Swiggy,Food & Dining,"Bengaluru, IN",device-mobile-001,2026-09-04T14:29:55.823367+00:00,APPROVED,0,None
3044a03e-f144-49cd-9bdb-92085c8b2e90,39,1245.11,Nature's Basket,Groceries,"Chennai, IN",device-mobile-039,2026-09-04T14:30:50.823367+00:00,APPROVED,0,None
8a1616f7-6945-4540-8ac0-11b47d3f27e1,19,3622.47,Zepto,Groceries,"Kolkata, IN",device-mobile-019,2026-09-04T14:38:50.823367+00:00,APPROVED,0,None
fe16997a-d37b-4af1-b338-c6e419a7321f,19,988.57,Croma,Electronics,"Kolkata, IN",device-mobile-019,2026-09-04T14:39:46.823367+00:00,APPROVED,0,None
5b4ce717-0002-48d7-93be-550ca37113ba,50,2497.96,Barbeque Nation,Food & Dining,"Kolkata, IN",device-mobile-050,2026-09-04T14:48:52.823367+00:00,APPROVED,0,None
bde76a15-45e4-4b1c-87b1-feeacccd1055,30,782.49,Bescom,Utilities,"Bengaluru, IN",device-mobile-030,2026-09-04T14:49:01.823367+00:00,APPROVED,0,None
c1488e5b-cb01-4355-9b80-f51d03bf9484,23,2364.06,Croma,Electronics,"Hyderabad, IN",device-laptop-023,2026-09-04T14:58:21.823367+00:00,APPROVED,0,None
280bd6ba-fec6-413b-bddf-625c29043b21,39,1784.74,Netflix,Entertainment,"Chennai, IN",device-mobile-039,2026-09-04T14:59:49.823367+00:00,APPROVED,0,None
e5cff8bd-921c-4afe-a341-4e827da881a3,44,4599.3,Flipkart,Shopping,"Kolkata, IN",device-mobile-044,2026-09-04T15:10:57.823367+00:00,APPROVED,0,None
3e5eeb1c-cb1a-48ee-956f-f455968bc282,35,2452.1,Airtel Bill,Utilities,"Hyderabad, IN",device-mobile-035,2026-09-04T15:12:37.823367+00:00,APPROVED,0,None
239c5733-d6db-417c-9abd-c46dd1dc24d7,19,3107.15,Starbucks,Food & Dining,"Kolkata, IN",device-mobile-019,2026-09-04T15:15:04.823367+00:00,APPROVED,0,None
fa06b7d3-d6b2-460c-9549-5390d29f5f7c,33,3291.48,Airtel Bill,Utilities,"Kolkata, IN",device-mobile-033,2026-09-04T15:20:53.823367+00:00,APPROVED,0,None
d24c0a7f-2d8d-454d-b6fb-dc2467b94ae5,14,2446.79,BookMyShow,Entertainment,"Chennai, IN",device-mobile-014,2026-09-04T15:25:09.823367+00:00,APPROVED,0,None
7112c751-b4f5-4c09-b5d1-9ef98d98f0df,36,2972.98,Ola,Travel,"Mumbai, IN",device-laptop-036,2026-09-04T15:25:17.823367+00:00,APPROVED,0,None
8fc08a79-0a47-401d-9c5a-58239b107f1c,29,1288.59,Instamart,Groceries,"Pune, IN",device-mobile-029,2026-09-04T15:27:35.823367+00:00,APPROVED,0,None
d8dd334c-bbd1-469c-afc8-69ac37449faf,45,871.65,IndiGo,Travel,"Kolkata, IN",device-mobile-045,2026-09-04T15:53:51.823367+00:00,APPROVED,0,None
b412d86b-a4e7-4c1a-a887-5a021de69e98,44,2907.2,Booking.com,Travel,"Kolkata, IN",device-mobile-044,2026-09-04T15:55:05.823367+00:00,APPROVED,0,None
5375bbe6-adca-48f1-a5f5-b89c7c24a823,14,8025.29,Amazon India,Shopping,"Chennai, IN",device-mobile-014,2026-09-04T16:08:01.823367+00:00,SUSPICIOUS,1,RAPID_BURST
4dff54ef-4c0d-4c4b-ac96-347b76e90d90,42,1568.06,Samsung Store,Electronics,"Delhi, IN",device-mobile-042,2026-09-04T16:28:36.823367+00:00,APPROVED,0,None
ab8b2ccb-be6a-44f5-87b9-cea66c36c81b,17,2597.37,Nature's Basket,Groceries,"Mumbai, IN",device-mobile-017,2026-09-04T17:11:30.823367+00:00,APPROVED,0,None
dd65b179-1369-4e18-aa52-f1e2d194ed35,16,1388.05,Dominos,Food & Dining,"Pune, IN",device-mobile-016,2026-09-04T17:13:59.823367+00:00,APPROVED,0,None
696a7f36-8e5f-48cb-b55f-e937199ad75a,22,213.92,Instamart,Groceries,"Bengaluru, IN",device-mobile-022,2026-09-04T17:41:45.823367+00:00,APPROVED,0,None
6f3b9f7a-12d2-451e-a31c-18d706798c92,49,1181.03,Apple Store,Electronics,"Delhi, IN",device-mobile-049,2026-09-04T17:47:38.823367+00:00,APPROVED,0,None
c08d8779-4e15-40e8-b37d-81b79025dc69,29,3199.76,Booking.com,Travel,"Kolkata, IN",device-mobile-029,2026-09-04T17:55:53.823367+00:00,APPROVED,0,None
2a3181cf-20b6-4ef6-9038-d1803f18a5a8,48,3192.77,Zepto,Groceries,"Pune, IN",device-mobile-048,2026-09-04T18:41:50.823367+00:00,APPROVED,0,None
ad7ffed1-7c9f-47b8-a0fb-9b8c7fae14f4,44,2103.84,Uber,Travel,"Kolkata, IN",device-mobile-044,2026-09-04T18:42:49.823367+00:00,APPROVED,0,None
2cb7d601-e248-4585-9b6a-bd65a649045f,3,2536.37,Airtel Bill,Utilities,"Delhi, IN",device-mobile-003,2026-09-04T18:50:15.823367+00:00,APPROVED,0,None
10430516-1a34-4ab9-9ee4-fd2038c6c926,47,1233.03,Vijay Sales,Electronics,"Bengaluru, IN",device-mobile-047,2026-09-04T19:00:53.823367+00:00,APPROVED,0,None
4ac2cfd6-f65f-4c8c-b7af-f3dc794d8df9,15,5291.06,Croma,Electronics,"Kolkata, IN",device-mobile-015,2026-09-04T19:02:50.823367+00:00,APPROVED,0,None
614e6823-27de-4782-9aa6-f7421743aa5b,30,750.58,Reliance Digital,Electronics,"Bengaluru, IN",device-laptop-030,2026-09-04T19:06:08.823367+00:00,APPROVED,0,None
ed16ec57-bdf0-43ba-a5aa-ce0f82625d01,37,719.48,BookMyShow,Entertainment,"Hyderabad, IN",device-mobile-037,2026-09-04T19:16:20.823367+00:00,APPROVED,0,None
c99fb60f-f0c1-4a89-b4db-199d91929543,15,4073.72,McDonald's,Food & Dining,"Delhi, IN",device-mobile-015,2026-09-04T19:28:31.823367+00:00,APPROVED,0,None
587af7f7-40a5-476b-b6fe-9bbc64086723,22,787.48,Jio Recharge,Utilities,"Bengaluru, IN",device-mobile-022,2026-09-04T19:29:56.823367+00:00,APPROVED,0,None
64f55f6a-a0d5-4c75-8ce2-5570dad8dfa6,3,146192.09,Tanishq,Luxury & Jewelry,"Delhi, IN",device-mobile-003,2026-09-04T19:35:27.823367+00:00,FLAGGED,1,HIGH_AMOUNT_SPIKE
18e04c89-4d3f-4243-8595-23fbe241db33,30,966.85,Tata Power,Utilities,"Bengaluru, IN",device-mobile-030,2026-09-04T19:36:44.823367+00:00,APPROVED,0,None
c62401bf-b87d-4282-93ff-63650fd664a1,1,1172.28,Apple Store,Electronics,"Bengaluru, IN",device-mobile-001,2026-09-04T19:47:10.823367+00:00,APPROVED,0,None
eb8f52a2-2f44-4112-a9ca-f9256aa9235d,39,84894.24,Apple Store,Electronics,"Bengaluru, IN",device-emulator-root-4388,2026-09-04T19:55:46.823367+00:00,SUSPICIOUS,1,UNRECOGNIZED_DEVICE
63edf698-69f5-4f13-ba2c-f638fabebf0b,8,2267.14,H&M,Shopping,"Delhi, IN",device-mobile-008,2026-09-04T20:00:11.823367+00:00,APPROVED,0,None
304d7ec2-8861-4755-bf8b-7a724f2473f3,19,1265.82,Reliance Digital,Electronics,"Kolkata, IN",device-mobile-019,2026-09-04T20:04:59.823367+00:00,APPROVED,0,None
1fdbe82e-2e41-4f3a-9a5f-5c82925032f8,30,502.2,Vijay Sales,Electronics,"Bengaluru, IN",device-laptop-030,2026-09-04T20:11:18.823367+00:00,APPROVED,0,None
0f8a0df6-0a68-41ff-9a64-038b0e239582,23,1523.42,IndiGo,Travel,"Hyderabad, IN",device-mobile-023,2026-09-04T20:12:07.823367+00:00,APPROVED,0,None
b0396a82-9afb-4e06-b2bf-699da7b9cd77,36,5921.5,Croma,Electronics,"Mumbai, IN",device-mobile-036,2026-09-04T20:21:44.823367+00:00,APPROVED,0,None
818e73e8-5ec8-4f32-bff0-3533b35e5946,35,1823.82,Apple Store,Electronics,"Kolkata, IN",device-mobile-035,2026-09-04T20:41:19.823367+00:00,APPROVED,0,None
d4cde768-d4a6-4526-80f7-370206a742f8,10,2025.83,BigBasket,Groceries,"Mumbai, IN",device-laptop-010,2026-09-04T20:53:58.823367+00:00,APPROVED,0,None
9f54910e-cc97-41ff-a4c2-5d450aba276f,17,1185.03,McDonald's,Food & Dining,"Mumbai, IN",device-mobile-017,2026-09-04T20:54:49.823367+00:00,APPROVED,0,None
76497a51-3812-4a92-aa64-db1aafa3aa56,25,1609.94,Dominos,Food & Dining,"Bengaluru, IN",device-mobile-025,2026-09-04T21:00:00.823367+00:00,APPROVED,0,None
9f0b867a-ca51-46e3-a10f-a8e8380f5152,49,3382.32,Vijay Sales,Electronics,"Delhi, IN",device-laptop-049,2026-09-04T21:02:58.823367+00:00,APPROVED,0,None
87334ebb-4d93-41b3-bb70-dc8ed51b5e44,37,1262.47,Instamart,Groceries,"Mumbai, IN",device-mobile-037,2026-09-04T21:08:07.823367+00:00,APPROVED,0,None
38c38157-9abf-4a7e-ae08-596c9a723d0e,19,2888.2,Steam Games,Shopping,"Cayman Islands, KY",device-botnet-36,2026-09-04T21:49:36.823367+00:00,FLAGGED,1,FAILED_ATTEMPT_STUFFING
047f36ee-140b-4c14-8575-e9246ba69171,22,496.77,Zepto,Groceries,"Bengaluru, IN",device-mobile-022,2026-09-04T22:03:50.823367+00:00,APPROVED,0,None
bcf54cf5-9404-46cc-a4c0-b3af44e90b3a,24,1622.0,Amazon India,Shopping,"Pune, IN",device-mobile-024,2026-09-04T22:03:55.823367+00:00,APPROVED,0,None
dcd9419e-3157-48e0-8c4f-259360479c82,32,291.52,PVR Cinemas,Entertainment,"Hyderabad, IN",device-mobile-032,2026-09-04T22:09:51.823367+00:00,APPROVED,0,None
a58f2834-2aad-458d-8792-abef41bf7fb3,18,935.3,Amazon India,Shopping,"Bengaluru, IN",device-mobile-018,2026-09-04T23:03:27.823367+00:00,APPROVED,0,None
20d37bf9-b489-4d2f-8130-d14b64ec33f9,2,4312.95,Vijay Sales,Electronics,"Mumbai, IN",device-mobile-002,2026-09-04T23:56:59.823367+00:00,APPROVED,0,None
4afad9ef-2756-4a6c-9def-0e1734fb8069,28,2643.87,H&M,Shopping,"Hyderabad, IN",device-mobile-028,2026-09-05T00:15:05.823367+00:00,APPROVED,0,None
2ed1769f-f314-4f92-95f0-b2e1edfda173,18,1448.29,Nature's Basket,Groceries,"Bengaluru, IN",device-mobile-018,2026-09-05T00:21:57.823367+00:00,APPROVED,0,None
14014cd8-a28a-4a6e-a516-0a08cae4fb04,47,2187.61,Zepto,Groceries,"Bengaluru, IN",device-mobile-047,2026-09-05T00:22:55.823367+00:00,APPROVED,0,None
3cda3b89-a72d-40eb-a8cb-24140df5f6cb,49,1097.68,Ajio,Shopping,"Delhi, IN",device-laptop-049,2026-09-05T00:40:24.823367+00:00,APPROVED,0,None
8b392fee-9ae8-48b3-bbd9-71bd1762a8d4,1,3994.48,Instamart,Groceries,"Bengaluru, IN",device-mobile-001,2026-09-05T01:06:10.823367+00:00,APPROVED,0,None
1a167ebc-12f1-4183-949f-714580a114f8,12,2629.87,Apple Store,Electronics,"Chennai, IN",device-mobile-012,2026-09-05T01:16:59.823367+00:00,APPROVED,0,None
594d1270-65cc-4866-ba3d-dfc40d2496bd,40,1550.77,Ola,Travel,"Ahmedabad, IN",device-mobile-040,2026-09-05T01:17:03.823367+00:00,APPROVED,0,None
d4d329e6-4480-4202-aa4d-ae866f952ead,6,329228.04,Croma,Electronics,"Hyderabad, IN",device-mobile-006,2026-09-05T01:21:08.823367+00:00,FLAGGED,1,HIGH_AMOUNT_SPIKE
0a7daa26-dd29-4c59-bc79-defd8bdb64fd,16,1582.42,Tata Power,Utilities,"Chennai, IN",device-mobile-016,2026-09-05T01:21:23.823367+00:00,APPROVED,0,None
9d40acbe-e5b4-4f2c-8718-82b7611cdef9,30,897.32,Reliance Digital,Electronics,"Bengaluru, IN",device-mobile-030,2026-09-05T01:22:52.823367+00:00,APPROVED,0,None
33442f4e-7f3e-4c05-a6aa-c1bf22ef7be7,29,1951.75,BigBasket,Groceries,"Pune, IN",device-mobile-029,2026-09-05T01:35:05.823367+00:00,APPROVED,0,None
8bcab96a-a9d5-42d1-92c7-08f6a472321d,39,61381.72,Apple Store,Electronics,"Pune, IN",device-emulator-root-3285,2026-09-05T01:50:23.823367+00:00,SUSPICIOUS,1,UNRECOGNIZED_DEVICE
d2c604d2-f2d2-44a2-80f4-af1b03980e3d,50,706.92,Flipkart,Shopping,"Kolkata, IN",device-mobile-050,2026-09-05T01:53:05.823367+00:00,APPROVED,0,None
3a39ec89-341e-45b4-a82f-b7b2fe94d29d,1,343182.0,Malabar Gold,Luxury & Jewelry,"Bengaluru, IN",device-mobile-001,2026-09-05T01:56:04.823367+00:00,FLAGGED,1,HIGH_AMOUNT_SPIKE
2c681335-e2bb-4661-b123-1108ed2a0e39,23,759.48,Zepto,Groceries,"Hyderabad, IN",device-laptop-023,2026-09-05T01:58:11.823367+00:00,APPROVED,0,None
23a7a828-581b-484b-87ee-ea7cbc51ce92,9,71743.69,Apple Store,Electronics,"Kolkata, IN",device-emulator-root-4250,2026-09-05T01:58:30.823367+00:00,SUSPICIOUS,1,UNRECOGNIZED_DEVICE
e0acaf0a-ea45-4b51-a1ee-510be51a7ed9,4,3242.13,MakeMyTrip,Travel,"Bengaluru, IN",device-mobile-004,2026-09-05T02:19:33.823367+00:00,APPROVED,0,None
89630ac3-4154-42e6-88cc-05460b01d4ae,21,8977.92,Instamart,Groceries,"Chennai, IN",device-mobile-021,2026-09-05T02:37:20.823367+00:00,APPROVED,0,None
99043b87-c92a-4be1-a282-c5202e82788c,45,1291.69,Booking.com,Travel,"Kolkata, IN",device-mobile-045,2026-09-05T02:37:25.823367+00:00,APPROVED,0,None
d186fc48-c7e0-4161-be20-e5c099a1b556,49,1588.89,Spotify,Entertainment,"Delhi, IN",device-mobile-049,2026-09-05T02:37:27.823367+00:00,APPROVED,0,None
11552767-c2f4-4e3d-9d17-8ffaeea3e7c1,24,2149.22,Barbeque Nation,Food & Dining,"Bengaluru, IN",device-laptop-024,2026-09-05T02:43:07.823367+00:00,APPROVED,0,None
bf9bdbe7-5bf1-41a5-abeb-d2c4725c3cd0,36,2818.31,PVR Cinemas,Entertainment,"Mumbai, IN",device-mobile-036,2026-09-05T02:56:06.823367+00:00,APPROVED,0,None
27100acc-d5ef-4387-95bc-c8041f6d8b80,50,3362.86,Flipkart,Shopping,"Kolkata, IN",device-mobile-050,2026-09-05T02:57:15.823367+00:00,APPROVED,0,None
89477cae-812e-4eae-9374-600caf575a19,3,2742.81,Swiggy,Food & Dining,"Delhi, IN",device-laptop-003,2026-09-05T03:03:40.823367+00:00,APPROVED,0,None
79507768-5361-4889-9f06-a508ab9e792e,50,1326.2,Ola,Travel,"Kolkata, IN",device-mobile-050,2026-09-05T03:10:17.823367+00:00,APPROVED,0,None
c8d0dd04-9208-41c9-a429-5b4e14afc999,28,4165.51,Steam Games,Shopping,"Lagos, NG",device-botnet-15,2026-09-05T03:10:48.823367+00:00,FLAGGED,1,FAILED_ATTEMPT_STUFFING
d81339cb-4692-4f0f-b1fc-7a05191547c1,32,500.94,Blinkit,Groceries,"Hyderabad, IN",device-mobile-032,2026-09-05T03:28:08.823367+00:00,APPROVED,0,None
e03f0b38-fb89-4fdb-ab9f-06de14d32b6f,48,3970.12,BigBasket,Groceries,"Bengaluru, IN",device-mobile-048,2026-09-05T03:45:34.823367+00:00,APPROVED,0,None
16ac6e21-886b-4223-a6e6-949eee9905db,37,1828.56,Swiggy,Food & Dining,"Kolkata, IN",device-mobile-037,2026-09-05T03:45:39.823367+00:00,APPROVED,0,None
a5a1a425-0a38-400e-8568-fbe5b307f639,41,288.86,H&M,Shopping,"Ahmedabad, IN",device-mobile-041,2026-09-05T03:57:29.823367+00:00,APPROVED,0,None
14226e99-72ca-4176-84dd-60d4584d4144,7,611.97,Ola,Travel,"Mumbai, IN",device-mobile-007,2026-09-05T04:07:50.823367+00:00,APPROVED,0,None
6715a8fa-babf-40ac-9db8-cff350aa1aa4,24,1159.13,Nature's Basket,Groceries,"Bengaluru, IN",device-mobile-024,2026-09-05T04:14:17.823367+00:00,APPROVED,0,None
ca912db3-f61d-46d8-8967-78b3bf78559d,3,1585.04,Steam Games,Entertainment,"Delhi, IN",device-mobile-003,2026-09-05T04:18:46.823367+00:00,APPROVED,0,None
c9b1af84-79e1-4f11-bb11-b0d18d0a8dbf,39,4586.01,BigBasket,Groceries,"Ahmedabad, IN",device-mobile-039,2026-09-05T04:23:26.823367+00:00,APPROVED,0,None
a08d9602-3b23-45c6-a1a4-827e0b6331ee,8,1553.34,IndiGo,Travel,"Kolkata, IN",device-mobile-008,2026-09-05T04:29:51.823367+00:00,APPROVED,0,None
41360a0e-4bf9-4cc6-91bc-3e46620deb78,30,687.71,Ola,Travel,"Bengaluru, IN",device-laptop-030,2026-09-05T04:37:44.823367+00:00,APPROVED,0,None
fb73e5b8-e9ad-43a0-8aca-2106b0d37517,13,2179.35,H&M,Shopping,"Hyderabad, IN",device-mobile-013,2026-09-05T04:38:09.823367+00:00,APPROVED,0,None
57a9084c-dec4-4107-aad5-2eeaf474b3a6,27,2058.8,Spotify,Entertainment,"Ahmedabad, IN",device-mobile-027,2026-09-05T05:01:10.823367+00:00,APPROVED,0,None
84b06e7f-e61c-4924-9953-f6ab8cffd8a7,36,1309.35,Samsung Store,Electronics,"Mumbai, IN",device-mobile-036,2026-09-05T05:03:00.823367+00:00,APPROVED,0,None
065225ad-c0a3-4184-bee2-da9a124425fd,14,1384.91,Amazon India,Shopping,"Kolkata, IN",device-mobile-014,2026-09-05T05:04:11.823367+00:00,APPROVED,0,None
f47bae0a-97bd-4dbf-950f-dd4fe8392f18,9,2539.03,IndiGo,Travel,"Pune, IN",device-mobile-009,2026-09-05T05:09:43.823367+00:00,APPROVED,0,None
e2a688a3-eaee-4b76-870c-312b9549a54d,15,1006.61,Barbeque Nation,Food & Dining,"Kolkata, IN",device-mobile-015,2026-09-05T05:11:47.823367+00:00,APPROVED,0,None
4784ea52-93c9-4a17-b5fb-a8558cf47dfb,46,1143.88,H&M,Shopping,"Delhi, IN",device-mobile-046,2026-09-05T05:27:04.823367+00:00,APPROVED,0,None
998e0cde-ca57-4f18-9234-c3be41c0525c,44,2059.49,Jio Recharge,Utilities,"Hyderabad, IN",device-mobile-044,2026-09-05T05:28:40.823367+00:00,APPROVED,0,None
87454238-1937-4b22-92d6-5c73031c2944,1,667.22,Instamart,Groceries,"Bengaluru, IN",device-mobile-001,2026-09-05T05:29:21.823367+00:00,APPROVED,0,None
4e78e681-418a-4350-a070-1284304c1e51,40,436.82,H&M,Shopping,"Ahmedabad, IN",device-mobile-040,2026-09-05T05:36:04.823367+00:00,APPROVED,0,None
2e8567af-947c-4520-ac7f-a7a7063355b6,6,1282.61,Reliance Digital,Electronics,"Hyderabad, IN",device-mobile-006,2026-09-05T05:39:21.823367+00:00,APPROVED,0,None
222a2fb9-2f12-4241-ba8c-ffccdc07ae05,17,1433.9,Barbeque Nation,Food & Dining,"Mumbai, IN",device-mobile-017,2026-09-05T05:43:53.823367+00:00,APPROVED,0,None
39ff7d1e-de5b-48a2-aa46-73d213c6b31c,23,2348.29,Ola,Travel,"Hyderabad, IN",device-mobile-023,2026-09-05T05:50:42.823367+00:00,APPROVED,0,None
c9f5039e-a18d-42ea-93b7-084b67a7cd7f,19,1519.25,Reliance Digital,Electronics,"Kolkata, IN",device-mobile-019,2026-09-05T06:00:15.823367+00:00,APPROVED,0,None
c454659d-e184-425f-914b-a330b3bc6215,28,1476.08,Spotify,Entertainment,"Chennai, IN",device-mobile-028,2026-09-05T06:10:31.823367+00:00,APPROVED,0,None
f15e10cd-1c0d-4217-b224-c60a87e0cbf9,34,3001.53,BookMyShow,Entertainment,"Hyderabad, IN",device-laptop-034,2026-09-05T06:14:56.823367+00:00,APPROVED,0,None
1fe185f2-911c-472f-8b00-b8622f2cf687,31,334878.4,Croma,Electronics,"Delhi, IN",device-mobile-031,2026-09-05T06:33:48.823367+00:00,FLAGGED,1,HIGH_AMOUNT_SPIKE
92bc7dca-bf1b-4616-8c36-410bfdbd549b,19,1421.37,Steam Games,Entertainment,"Kolkata, IN",device-mobile-019,2026-09-05T06:37:48.823367+00:00,APPROVED,0,None
cfcf88ee-c2d3-400f-aabd-8ea37144214a,22,798.9,IndiGo,Travel,"Bengaluru, IN",device-mobile-022,2026-09-05T06:38:10.823367+00:00,APPROVED,0,None
290dc54e-1aff-4c41-b23b-d9a0317a75c5,37,1336.09,Steam Games,Entertainment,"Pune, IN",device-mobile-037,2026-09-05T06:44:30.823367+00:00,APPROVED,0,None
b9e6a449-c27d-4a2b-8ec6-7a7f46af5ef2,1,1644.94,H&M,Shopping,"Ahmedabad, IN",device-mobile-001,2026-09-05T07:04:35.823367+00:00,APPROVED,0,None
c221859d-05d6-4d5f-a235-d10b7117eec2,14,733.46,Dominos,Food & Dining,"Delhi, IN",device-mobile-014,2026-09-05T07:17:41.823367+00:00,APPROVED,0,None
01ff856c-c92e-41d5-b64a-ec9311150fb1,38,439.41,PVR Cinemas,Entertainment,"Hyderabad, IN",device-mobile-038,2026-09-05T07:27:57.823367+00:00,APPROVED,0,None
5a4b62cb-bdeb-4184-9241-0d3a1835dbe2,36,2237.54,Amazon India,Shopping,"Mumbai, IN",device-laptop-036,2026-09-05T07:29:01.823367+00:00,APPROVED,0,None
648c6afe-3c56-496a-99ad-e2eac886c713,43,810.86,Croma,Electronics,"Pune, IN",device-mobile-043,2026-09-05T07:30:07.823367+00:00,APPROVED,0,None
72ee44e3-4263-4042-95fb-5368b9b6f273,31,2731.72,IndiGo,Travel,"Delhi, IN",device-mobile-031,2026-09-05T07:49:08.823367+00:00,APPROVED,0,None
2a0b725a-fe69-483d-a366-f50da0f5c3ef,22,462.61,BookMyShow,Entertainment,"Bengaluru, IN",device-mobile-022,2026-09-05T07:56:31.823367+00:00,APPROVED,0,None
91b2ea51-822d-48ed-8759-6ad58428ac7f,5,436.13,DMart,Groceries,"Mumbai, IN",device-mobile-005,2026-09-05T08:02:18.823367+00:00,APPROVED,0,None
284bf6ee-03e9-4bf0-8714-187e2017f393,8,1544.28,Uber,Travel,"Kolkata, IN",device-mobile-008,2026-09-05T08:08:17.823367+00:00,APPROVED,0,None
9ed863cc-bac2-40e5-906c-f7ab918c43d7,33,359.29,Zomato,Food & Dining,"Kolkata, IN",device-mobile-033,2026-09-05T08:10:41.823367+00:00,APPROVED,0,None
5175ef3a-f1ff-48be-9fb1-e3eb3057e8c9,3,3014.21,Zara,Shopping,"Delhi, IN",device-mobile-003,2026-09-05T08:21:56.823367+00:00,APPROVED,0,None
6c189d46-acd8-4883-acbd-c114ab7bcd80,48,2324.41,BigBasket,Groceries,"Bengaluru, IN",device-mobile-048,2026-09-05T08:29:29.823367+00:00,APPROVED,0,None
413fb52c-61a2-4069-be2f-50a4bb6ebbb2,8,3530.9,BigBasket,Groceries,"Kolkata, IN",device-mobile-008,2026-09-05T08:29:31.823367+00:00,APPROVED,0,None
92d061ff-b7fd-4288-a504-c405659902ac,14,793.73,Zepto,Groceries,"Chennai, IN",device-mobile-014,2026-09-05T08:39:04.823367+00:00,APPROVED,0,None
60b48198-4110-4139-a8fc-872836eed3fa,15,2341.08,PVR Cinemas,Entertainment,"Kolkata, IN",device-mobile-015,2026-09-05T08:51:36.823367+00:00,APPROVED,0,None
f266dd60-7c65-40fe-a583-f1a3d9d916a1,5,1220.4,Nature's Basket,Groceries,"Mumbai, IN",device-mobile-005,2026-09-05T08:51:53.823367+00:00,APPROVED,0,None
fd2196aa-38c2-4570-b4a7-9a39e8749131,30,1470.17,Croma,Electronics,"Bengaluru, IN",device-mobile-030,2026-09-05T08:56:53.823367+00:00,APPROVED,0,None
4fc9b324-cfd9-4b99-8de2-3c01aceee555,44,2180.17,Jio Recharge,Utilities,"Kolkata, IN",device-laptop-044,2026-09-05T09:24:05.823367+00:00,APPROVED,0,None
5190e515-f2f2-4b3f-9a0c-da60ddb75b4b,44,1839.57,Booking.com,Travel,"Kolkata, IN",device-mobile-044,2026-09-05T09:27:22.823367+00:00,APPROVED,0,None
b5e8414d-8c1a-43d3-a758-f0deca3f6343,24,1774.17,Blinkit,Groceries,"Bengaluru, IN",device-mobile-024,2026-09-05T09:35:51.823367+00:00,APPROVED,0,None
7e3f4b00-ea0e-41dd-b474-f095f277b703,40,1682.39,Netflix,Entertainment,"Ahmedabad, IN",device-mobile-040,2026-09-05T09:38:47.823367+00:00,APPROVED,0,None
eb731037-d145-4e30-bc23-d916c7811183,19,2075.19,Uber,Travel,"Kolkata, IN",device-mobile-019,2026-09-05T09:39:25.823367+00:00,APPROVED,0,None
f9c8d0c0-56a5-477b-8d6b-b7444548075e,16,931.95,Apple Store,Electronics,"Chennai, IN",device-mobile-016,2026-09-05T09:58:47.823367+00:00,APPROVED,0,None
b96bf66d-b030-4c2e-a54b-b2c2348cbf36,49,1188.14,Airtel Bill,Utilities,"Delhi, IN",device-mobile-049,2026-09-05T10:03:50.823367+00:00,APPROVED,0,None
e44c6c16-8c1d-4f71-a99a-eae98d6800fc,36,3274.01,Dominos,Food & Dining,"Mumbai, IN",device-mobile-036,2026-09-05T10:04:22.823367+00:00,APPROVED,0,None
d501f744-8990-4d36-8c0f-2cf418fe06da,7,2514.41,Booking.com,Travel,"Mumbai, IN",device-mobile-007,2026-09-05T10:05:36.823367+00:00,APPROVED,0,None
ca10ff44-7839-4665-841d-5ee68144799b,13,2185.69,Samsung Store,Electronics,"Pune, IN",device-mobile-013,2026-09-05T10:19:18.823367+00:00,APPROVED,0,None
d204d11c-47a5-46ba-a4b7-2d1e592be375,19,2651.0,Tata Power,Utilities,"Kolkata, IN",device-mobile-019,2026-09-05T10:50:09.823367+00:00,APPROVED,0,None
f6cadb02-6fd7-4e6e-a8da-5df6640cfdae,16,1785.47,Vijay Sales,Electronics,"Chennai, IN",device-mobile-016,2026-09-05T11:00:00.823367+00:00,APPROVED,0,None
c027235d-0e3b-4309-bd1c-4855c5f69a2e,42,314020.58,Malabar Gold,Luxury & Jewelry,"Delhi, IN",device-mobile-042,2026-09-05T11:10:06.823367+00:00,FLAGGED,1,HIGH_AMOUNT_SPIKE
22fdf5d3-83f6-4319-bf97-c8f872ff653f,42,1951.52,Airtel Bill,Utilities,"Delhi, IN",device-mobile-042,2026-09-05T11:17:32.823367+00:00,APPROVED,0,None
0383e112-c855-4971-a64d-47a62cfcd5e3,10,2061.37,Instamart,Groceries,"Mumbai, IN",device-laptop-010,2026-09-05T11:41:22.823367+00:00,APPROVED,0,None
422e0db6-1122-4a6d-ad1c-f4a21e8c7e14,19,1230.94,Flipkart,Shopping,"Kolkata, IN",device-mobile-019,2026-09-05T11:41:32.823367+00:00,APPROVED,0,None
39964f9e-45eb-41f8-9350-ff3c180a4d1a,22,6540.97,Adani Gas,Utilities,"Bengaluru, IN",device-mobile-022,2026-09-05T11:50:17.823367+00:00,APPROVED,0,None
579e420d-1d81-4dfc-b3ae-23398023e224,45,1249.3,Jio Recharge,Utilities,"Kolkata, IN",device-mobile-045,2026-09-05T12:01:47.823367+00:00,APPROVED,0,None
c1841983-557e-405e-84d8-ba24c17262e6,16,1094.32,Flipkart,Shopping,"Chennai, IN",device-mobile-016,2026-09-05T12:05:52.823367+00:00,APPROVED,0,None
02c0d7b6-d42c-4b03-a92e-814ea1eaaf1d,46,6813.75,Barbeque Nation,Food & Dining,"Hyderabad, IN",device-mobile-046,2026-09-05T12:54:32.823367+00:00,APPROVED,0,None
16d4427b-eb80-470e-827a-04e93f5f73ac,6,1453.38,Instamart,Groceries,"Hyderabad, IN",device-mobile-006,2026-09-05T12:55:30.823367+00:00,APPROVED,0,None
1f5ee362-ef7e-4105-bcf6-4e5279786db9,7,353.2,BigBasket,Groceries,"Mumbai, IN",device-mobile-007,2026-09-05T12:58:10.823367+00:00,APPROVED,0,None
c99b93cd-0b72-41f5-b42f-3ac873a28dae,10,3100.66,Barbeque Nation,Food & Dining,"Mumbai, IN",device-mobile-010,2026-09-05T13:02:58.823367+00:00,APPROVED,0,None
1665f319-9282-4cc5-86e6-909bac9ab272,36,2352.83,Adani Gas,Utilities,"Mumbai, IN",device-mobile-036,2026-09-05T13:10:22.823367+00:00,APPROVED,0,None
b754e5b5-dba2-427e-b589-b263060f84a4,12,3376.78,Starbucks,Food & Dining,"Chennai, IN",device-mobile-012,2026-09-05T13:18:41.823367+00:00,APPROVED,0,None
b2d23563-2de2-462f-9b69-efac0bd78a94,24,1286.83,Ajio,Shopping,"Delhi, IN",device-mobile-024,2026-09-05T13:50:18.823367+00:00,APPROVED,0,None
3feb3b32-00ef-4102-8542-0f47fc76377a,41,1219.02,Instamart,Groceries,"Ahmedabad, IN",device-mobile-041,2026-09-05T13:54:45.823367+00:00,APPROVED,0,None
d4cc8d76-15a8-4a9a-9826-79ce5dfee282,12,3315.96,PVR Cinemas,Entertainment,"Chennai, IN",device-mobile-012,2026-09-05T13:58:18.823367+00:00,APPROVED,0,None
42c12e41-5a74-4dfa-a36d-c5a2357ce4ac,35,5959.81,Rolex Boutique,Luxury & Jewelry,"Mumbai, IN",device-mobile-035,2026-09-05T14:15:04.823367+00:00,APPROVED,0,None
6db3db52-cba0-4161-a479-ffbae8122f46,31,3288.41,McDonald's,Food & Dining,"Delhi, IN",device-laptop-031,2026-09-05T14:27:37.823367+00:00,APPROVED,0,None
722679b2-3183-45d8-bed7-fdce0989be7d,47,948.99,Netflix,Entertainment,"Bengaluru, IN",device-mobile-047,2026-09-05T14:31:25.823367+00:00,APPROVED,0,None
234d8375-52ca-4574-8b48-458da92d26f7,17,1199.82,Reliance Digital,Electronics,"Mumbai, IN",device-mobile-017,2026-09-05T14:34:33.823367+00:00,APPROVED,0,None
6080e3d2-17a3-4c3a-8808-ee657c38b1cf,48,2026.74,Myntra,Shopping,"Bengaluru, IN",device-mobile-048,2026-09-05T15:09:30.823367+00:00,APPROVED,0,None
0b2c3fa4-a7c0-492c-9836-4a0be21a2066,48,3360.25,Flipkart,Shopping,"Bengaluru, IN",device-mobile-048,2026-09-05T15:12:36.823367+00:00,APPROVED,0,None
5d2131d2-9f3f-4f44-aeb0-1faf2f859c45,23,2674.05,H&M,Shopping,"Hyderabad, IN",device-mobile-023,2026-09-05T15:17:44.823367+00:00,APPROVED,0,None
f06ccffb-32f1-46aa-8c37-fdb7a245b838,11,870.69,Airtel Bill,Utilities,"Delhi, IN",device-mobile-011,2026-09-05T15:30:35.823367+00:00,APPROVED,0,None
c08f4b83-82d7-4fd4-921c-36fbba59d2b9,20,1004.73,Netflix,Entertainment,"Pune, IN",device-mobile-020,2026-09-05T16:10:48.823367+00:00,APPROVED,0,None
050ef761-e0f8-44ca-a357-b0e5ac8cf1f1,9,2969.16,Adani Gas,Utilities,"Pune, IN",device-laptop-009,2026-09-05T16:11:25.823367+00:00,APPROVED,0,None
e01c82a9-d236-4b4e-915c-a6685525336f,30,421.29,IndiGo,Travel,"Bengaluru, IN",device-mobile-030,2026-09-05T16:11:36.823367+00:00,APPROVED,0,None
1d4d8631-2bc6-4a46-a306-be4e5fdea48c,44,1966.0,Airtel Bill,Utilities,"Kolkata, IN",device-laptop-044,2026-09-05T16:14:09.823367+00:00,APPROVED,0,None
ba89a46f-e184-4bf4-b5be-a5cd15706087,37,3039.48,Swiggy,Food & Dining,"Kolkata, IN",device-mobile-037,2026-09-05T16:26:08.823367+00:00,APPROVED,0,None
a33d5f07-163b-428e-b313-ec1bd28b99ec,38,803.48,Blinkit,Groceries,"Hyderabad, IN",device-laptop-038,2026-09-05T16:57:39.823367+00:00,APPROVED,0,None
28908ad8-af24-42f0-9fcf-6030637bd9d8,1,760.12,Reliance Digital,Electronics,"Bengaluru, IN",device-mobile-001,2026-09-05T16:57:44.823367+00:00,APPROVED,0,None
68645741-4672-40e3-8239-89ad260b7adc,3,3788.12,Samsung Store,Electronics,"Delhi, IN",device-mobile-003,2026-09-05T17:34:50.823367+00:00,APPROVED,0,None
37e63325-75b2-463e-b5b5-645c09c3c7e9,44,4224.91,BookMyShow,Entertainment,"Kolkata, IN",device-mobile-044,2026-09-05T17:34:50.823367+00:00,APPROVED,0,None
593dea7a-1168-433d-a9a4-b9f127dc651f,42,1540.97,McDonald's,Food & Dining,"Delhi, IN",device-mobile-042,2026-09-05T17:35:38.823367+00:00,APPROVED,0,None
a3122835-5eeb-401c-b5f8-bc8f8c3e5905,7,555.28,Starbucks,Food & Dining,"Mumbai, IN",device-mobile-007,2026-09-05T17:40:09.823367+00:00,APPROVED,0,None
1e821cd2-e014-419e-b37e-ca9033887260,1,1587.03,Myntra,Shopping,"Bengaluru, IN",device-mobile-001,2026-09-05T17:53:04.823367+00:00,APPROVED,0,None
b9194b53-7359-4918-a16a-5f067a6bb714,30,320.74,Myntra,Shopping,"Bengaluru, IN",device-mobile-030,2026-09-05T18:08:33.823367+00:00,APPROVED,0,None
30e8008a-a5d2-4db0-a09b-fa8837d4af4e,21,13946.06,Amazon India,Shopping,"Chennai, IN",device-mobile-021,2026-09-05T18:10:30.823367+00:00,SUSPICIOUS,1,RAPID_BURST
fa6cc704-77ee-45a8-95ce-73784b694743,2,288785.05,Vijay Sales,Electronics,"Pune, IN",device-mobile-002,2026-09-05T18:19:50.823367+00:00,FLAGGED,1,HIGH_AMOUNT_SPIKE
21d12270-0f14-4442-bf37-9f503172350a,4,1525.94,Airtel Bill,Utilities,"Bengaluru, IN",device-mobile-004,2026-09-05T18:20:57.823367+00:00,APPROVED,0,None
f8934211-ed42-4161-b957-fb0da7687bf5,4,2936.98,Nature's Basket,Groceries,"Bengaluru, IN",device-mobile-004,2026-09-05T18:31:05.823367+00:00,APPROVED,0,None
c42bc1bc-29c3-47c3-922a-7d7ed4d0b853,35,2810.32,Netflix,Entertainment,"Mumbai, IN",device-mobile-035,2026-09-05T18:32:18.823367+00:00,APPROVED,0,None
f2fac218-60da-46e9-932a-5e8a8e56d04f,13,2102.09,Dominos,Food & Dining,"Hyderabad, IN",device-laptop-013,2026-09-05T18:36:08.823367+00:00,APPROVED,0,None
df8cd4c4-0a1f-40e8-9117-39af691ceaaa,28,5569.58,Jio Recharge,Utilities,"Chennai, IN",device-mobile-028,2026-09-05T18:41:00.823367+00:00,APPROVED,0,None
04584c56-dbd6-4584-a19f-6d6e6ca5c245,22,462.59,Steam Games,Entertainment,"Bengaluru, IN",device-mobile-022,2026-09-05T18:42:14.823367+00:00,APPROVED,0,None
f14ad56c-1bba-415f-92ce-40561260b681,20,1209.27,Apple Store,Electronics,"Pune, IN",device-mobile-020,2026-09-05T18:54:32.823367+00:00,APPROVED,0,None
8d2918e3-0ade-4a45-a84e-8b49bf98fd93,27,1080.54,H&M,Shopping,"Chennai, IN",device-mobile-027,2026-09-05T18:59:49.823367+00:00,APPROVED,0,None
9be07a18-5686-470d-95b9-54d872a7d86e,49,2567.51,Zara,Shopping,"Delhi, IN",device-mobile-049,2026-09-05T19:00:22.823367+00:00,APPROVED,0,None
10445a73-4325-4f3a-8b84-9a4ae53a1672,24,900.59,Airtel Bill,Utilities,"Bengaluru, IN",device-mobile-024,2026-09-05T19:02:17.823367+00:00,APPROVED,0,None
c9612db8-389c-4d63-9046-caf2d00b76c3,11,272.33,Instamart,Groceries,"Delhi, IN",device-laptop-011,2026-09-05T19:23:08.823367+00:00,APPROVED,0,None
e233178b-8a69-4908-8fdc-5f2487819af2,35,2579.5,Ajio,Shopping,"Mumbai, IN",device-mobile-035,2026-09-05T19:24:11.823367+00:00,APPROVED,0,None
c4eaad1a-24b8-431f-95a4-0a7d14cf8604,2,3173.37,Instamart,Groceries,"Pune, IN",device-mobile-002,2026-09-05T19:27:42.823367+00:00,APPROVED,0,None
c8b73798-05bb-49fb-bda0-bbe55fa49bed,49,1129.02,Uber,Travel,"Delhi, IN",device-mobile-049,2026-09-05T19:30:04.823367+00:00,APPROVED,0,None
a6ab1017-f8e7-4aff-817b-826d87453231,1,1480.92,Booking.com,Travel,"Bengaluru, IN",device-mobile-001,2026-09-05T19:37:14.823367+00:00,APPROVED,0,None
d8187ce3-0cd5-4a05-b3c9-5dec3ce3097e,5,781.01,Flipkart,Shopping,"Mumbai, IN",device-mobile-005,2026-09-05T20:13:39.823367+00:00,APPROVED,0,None
b65a6b12-bbfb-4e21-8046-1322110bf12e,24,308284.55,Apple Store,Electronics,"Bengaluru, IN",device-mobile-024,2026-09-05T20:22:52.823367+00:00,FLAGGED,1,HIGH_AMOUNT_SPIKE
355ebf31-edad-4a8a-863d-867b291499b5,1,1228.15,Ajio,Shopping,"Bengaluru, IN",device-mobile-001,2026-09-05T20:23:55.823367+00:00,APPROVED,0,None
bb1f9f9f-df9a-41b7-80db-5a2bd16fd68b,1,2458.12,DMart,Groceries,"Bengaluru, IN",device-mobile-001,2026-09-05T20:27:46.823367+00:00,APPROVED,0,None
edf5a531-ff62-4e85-8de7-27b67d4e28df,9,77652.8,Apple Store,Electronics,"Bengaluru, IN",device-emulator-root-6714,2026-09-05T20:34:05.823367+00:00,SUSPICIOUS,1,UNRECOGNIZED_DEVICE
59816195-f391-4d7d-a0e5-f42b5d863ea9,10,2816.91,Vijay Sales,Electronics,"Mumbai, IN",device-mobile-010,2026-09-05T20:36:36.823367+00:00,APPROVED,0,None
3f0ba704-5fbd-4605-8022-2f26ff398976,1,2884.91,DMart,Groceries,"Bengaluru, IN",device-mobile-001,2026-09-05T20:40:09.823367+00:00,APPROVED,0,None
80d45321-fe8f-4949-b9a0-876bcf0c959a,39,2777.03,Booking.com,Travel,"Chennai, IN",device-mobile-039,2026-09-05T20:43:59.823367+00:00,APPROVED,0,None
df4956c9-fef0-4cc7-8598-1cfbefd7a097,26,3696.35,Jio Recharge,Utilities,"Ahmedabad, IN",device-mobile-026,2026-09-05T20:45:37.823367+00:00,APPROVED,0,None
06552afc-2566-4fd5-91e9-9dc617ce0f1f,50,60012.43,Apple Store,Electronics,"Hyderabad, IN",device-emulator-root-9099,2026-09-05T21:32:07.823367+00:00,SUSPICIOUS,1,UNRECOGNIZED_DEVICE
fd51a615-4668-41e5-a8d0-18c3c056a1d0,9,5189.83,Reliance Digital,Electronics,"Pune, IN",device-mobile-009,2026-09-05T21:41:12.823367+00:00,APPROVED,0,None
257509a4-647d-4df2-9f81-4530e84bba0f,6,692.4,Barbeque Nation,Food & Dining,"Hyderabad, IN",device-mobile-006,2026-09-05T22:01:40.823367+00:00,APPROVED,0,None
de7dab02-4230-4a34-9ccd-4a05555f080b,34,2996.17,Croma,Electronics,"Hyderabad, IN",device-mobile-034,2026-09-05T22:13:34.823367+00:00,APPROVED,0,None
6a0765d9-e72b-458e-8803-fbcf4d8b9b45,30,408.77,Amazon India,Shopping,"Bengaluru, IN",device-laptop-030,2026-09-05T22:16:09.823367+00:00,APPROVED,0,None
d6d03179-28e7-429a-b14d-29eb20311e07,14,756.01,IndiGo,Travel,"Chennai, IN",device-mobile-014,2026-09-05T22:22:29.823367+00:00,APPROVED,0,None
888c192b-5b72-4daf-b513-fb63447cd07f,10,2504.19,Bescom,Utilities,"Mumbai, IN",device-mobile-010,2026-09-05T22:40:39.823367+00:00,APPROVED,0,None
5852e954-8fdc-43a4-b4e5-9d0390405b0a,11,1141.76,McDonald's,Food & Dining,"Delhi, IN",device-laptop-011,2026-09-05T22:56:14.823367+00:00,APPROVED,0,None
b594e903-fac8-4965-b3e5-7e78d7173e84,25,2231.75,Adani Gas,Utilities,"Bengaluru, IN",device-mobile-025,2026-09-05T22:58:59.823367+00:00,APPROVED,0,None
9a01db67-bb11-4998-9bf6-55004ac1c3a2,12,2282.38,Amazon India,Shopping,"Chennai, IN",device-mobile-012,2026-09-05T23:01:30.823367+00:00,APPROVED,0,None
4d70814a-13b3-4fde-b021-452b81784eec,5,1078.14,Zepto,Groceries,"Mumbai, IN",device-mobile-005,2026-09-05T23:06:03.823367+00:00,APPROVED,0,None
d62371d9-e7a2-4a97-a5b0-0d48b75010ef,7,524.64,Blinkit,Groceries,"Bengaluru, IN",device-mobile-007,2026-09-05T23:17:44.823367+00:00,APPROVED,0,None
c4759aab-c72c-45af-9c14-4b75344b133d,18,1885.43,Instamart,Groceries,"Bengaluru, IN",device-mobile-018,2026-09-05T23:22:12.823367+00:00,APPROVED,0,None
68f2584e-d307-4917-b8b9-2731691b1168,44,3934.38,Zepto,Groceries,"Kolkata, IN",device-mobile-044,2026-09-05T23:24:06.823367+00:00,APPROVED,0,None
8b67c61b-ddac-488d-a775-ff354c324391,14,805.71,MakeMyTrip,Travel,"Chennai, IN",device-mobile-014,2026-09-05T23:47:39.823367+00:00,APPROVED,0,None
4841b3e3-e932-4e31-bb3f-64d64dfd0790,27,1763.6,Reliance Digital,Electronics,"Chennai, IN",device-mobile-027,2026-09-05T23:51:37.823367+00:00,APPROVED,0,None
7cdd7301-41f3-4717-9501-8274a97c0dda,3,2223.55,Booking.com,Travel,"Delhi, IN",device-mobile-003,2026-09-05T23:52:17.823367+00:00,APPROVED,0,None
6d7e9562-4a15-4ca9-ad78-0796244bd293,49,72964.63,Apple Store,Electronics,"Bengaluru, IN",device-emulator-root-7735,2026-09-06T00:07:56.823367+00:00,SUSPICIOUS,1,UNRECOGNIZED_DEVICE
952dee0c-08ae-4dd5-8052-906ff95a3628,22,852.09,Zara,Shopping,"Bengaluru, IN",device-mobile-022,2026-09-06T00:18:15.823367+00:00,APPROVED,0,None
643809e6-bc6f-4a5a-ac2a-26193137241c,32,1509.4,BigBasket,Groceries,"Hyderabad, IN",device-mobile-032,2026-09-06T00:22:54.823367+00:00,APPROVED,0,None
f880abfc-9ea2-43ee-8405-01ec11be96fe,28,2574.28,Reliance Digital,Electronics,"Hyderabad, IN",device-mobile-028,2026-09-06T00:48:57.823367+00:00,APPROVED,0,None
8744a3f8-b34d-4258-9c67-180aae42a96a,45,173169.18,Samsung Store,Electronics,"Kolkata, IN",device-mobile-045,2026-09-06T00:49:55.823367+00:00,FLAGGED,1,HIGH_AMOUNT_SPIKE
c02063ee-ba9b-4936-a8c1-04412dc97e8b,31,4630.88,Zepto,Groceries,"Delhi, IN",device-mobile-031,2026-09-06T00:53:47.823367+00:00,APPROVED,0,None
4ece7895-d020-4469-8960-2a8c2cb0086f,35,3041.59,Ola,Travel,"Mumbai, IN",device-mobile-035,2026-09-06T01:06:12.823367+00:00,APPROVED,0,None
080c5fe6-eb3f-45b0-a2b2-8ce29ab0f157,37,1743.88,Starbucks,Food & Dining,"Kolkata, IN",device-mobile-037,2026-09-06T01:18:30.823367+00:00,APPROVED,0,None
fa6eff03-07ef-4571-b0e5-305105242c8c,41,622.57,Ajio,Shopping,"Ahmedabad, IN",device-mobile-041,2026-09-06T01:28:04.823367+00:00,APPROVED,0,None
7cb8a715-a3b0-4a71-9a64-e2bd95d9b4b5,49,1903.44,BookMyShow,Entertainment,"Delhi, IN",device-mobile-049,2026-09-06T01:36:38.823367+00:00,APPROVED,0,None
2cce56c6-d841-43cf-8b10-57cb755164b6,11,428.1,Starbucks,Food & Dining,"Delhi, IN",device-mobile-011,2026-09-06T01:39:48.823367+00:00,APPROVED,0,None
77c8f6bd-7b95-44f3-bce5-983218302e93,28,1768.27,DMart,Groceries,"Chennai, IN",device-mobile-028,2026-09-06T01:54:12.823367+00:00,APPROVED,0,None
a3f117f7-99ce-4b4d-9fe0-d8afa4ea4fcf,6,561.01,Samsung Store,Electronics,"Hyderabad, IN",device-mobile-006,2026-09-06T02:14:11.823367+00:00,APPROVED,0,None
2a615080-a0d5-4f2b-9fc3-e013436262d8,44,1550.32,Starbucks,Food & Dining,"Kolkata, IN",device-mobile-044,2026-09-06T02:15:09.823367+00:00,APPROVED,0,None
01f44f4c-596c-477a-bf27-1aed824f447b,18,2564.61,Booking.com,Travel,"Bengaluru, IN",device-mobile-018,2026-09-06T02:22:45.823367+00:00,APPROVED,0,None
595008aa-df9c-4ac0-b819-19ea95d66921,30,614.1,Zara,Shopping,"Bengaluru, IN",device-mobile-030,2026-09-06T02:33:15.823367+00:00,APPROVED,0,None
3b1519fe-4908-43f2-8986-eeb07c0ea227,45,1029.78,H&M,Shopping,"Kolkata, IN",device-mobile-045,2026-09-06T02:34:49.823367+00:00,APPROVED,0,None
791d1ec4-b045-4d0f-9c71-8888168b3a29,4,3311.51,Zomato,Food & Dining,"Bengaluru, IN",device-mobile-004,2026-09-06T02:35:00.823367+00:00,APPROVED,0,None
6b16e2de-b6c9-4006-8d5e-52b17d3541ef,1,2584.06,Apple Store,Electronics,"Bengaluru, IN",device-mobile-001,2026-09-06T02:43:07.823367+00:00,APPROVED,0,None
76197fa6-f8c8-4584-a398-9d8ec204b6d0,34,10002.78,IndiGo,Travel,"Hyderabad, IN",device-mobile-034,2026-09-06T03:03:03.823367+00:00,APPROVED,0,None
cf37fe9a-9499-4bff-befb-3bce72c3dadb,33,22676.79,IndiGo,Travel,"Bucharest, RO",device-mobile-033,2026-09-06T03:19:58.823367+00:00,SUSPICIOUS,1,LOCATION_HOPPING
10727d85-a6aa-4eea-9972-e94a400a24ff,18,2550.59,Airtel Bill,Utilities,"Bengaluru, IN",device-mobile-018,2026-09-06T03:26:37.823367+00:00,APPROVED,0,None
90ea9329-2319-4811-9bd6-89dc75db2d65,36,3863.74,Amazon India,Shopping,"Mumbai, IN",device-mobile-036,2026-09-06T03:27:09.823367+00:00,APPROVED,0,None
3e42c013-fc41-4ca5-aafe-26446bd9eda9,16,1162.54,Zara,Shopping,"Chennai, IN",device-mobile-016,2026-09-06T03:53:03.823367+00:00,APPROVED,0,None
f6ed9646-3630-4c62-9464-d3972890e3e6,48,1998.24,CaratLane,Luxury & Jewelry,"Bengaluru, IN",device-mobile-048,2026-09-06T04:04:27.823367+00:00,APPROVED,0,None
a5ef22e8-f15d-42bd-8f74-22b05ee65341,25,1731.67,Netflix,Entertainment,"Bengaluru, IN",device-mobile-025,2026-09-06T04:07:06.823367+00:00,APPROVED,0,None
bb507a90-e994-4bcb-a79a-9eabc06c235a,8,3180.06,Amazon India,Shopping,"Kolkata, IN",device-mobile-008,2026-09-06T04:08:08.823367+00:00,APPROVED,0,None
2761fb35-c853-42d3-bf8b-fd58c4489c94,1,1082.45,Amazon India,Shopping,"Bengaluru, IN",device-mobile-001,2026-09-06T04:18:26.823367+00:00,APPROVED,0,None
d6a72954-a950-452c-bcd8-9ff79bcfdd4e,12,2294.29,Adani Gas,Utilities,"Chennai, IN",device-mobile-012,2026-09-06T04:19:33.823367+00:00,APPROVED,0,None
3b591ff5-0f11-42b1-adab-e2b315b3bfaa,49,1701.18,Rolex Boutique,Luxury & Jewelry,"Delhi, IN",device-mobile-049,2026-09-06T04:34:21.823367+00:00,APPROVED,0,None
3087f3f0-0344-47ed-9fa2-51ff457643cd,45,1021.12,Zara,Shopping,"Kolkata, IN",device-mobile-045,2026-09-06T04:35:28.823367+00:00,APPROVED,0,None
c026ce29-8ac9-47aa-9de9-8fe2af30df13,5,807.33,Flipkart,Shopping,"Mumbai, IN",device-mobile-005,2026-09-06T04:47:20.823367+00:00,APPROVED,0,None
eb837f42-b80f-496b-a8bb-6927208ec0b6,22,624.15,Booking.com,Travel,"Ahmedabad, IN",device-mobile-022,2026-09-06T04:49:31.823367+00:00,APPROVED,0,None
b2f6107e-ae75-4094-8a89-bfc15cd4af08,43,537.7,Dominos,Food & Dining,"Pune, IN",device-mobile-043,2026-09-06T05:13:06.823367+00:00,APPROVED,0,None
6ecbe96c-3efc-43bf-a988-395cac28a7d0,15,1438.6,Bescom,Utilities,"Kolkata, IN",device-mobile-015,2026-09-06T05:42:23.823367+00:00,APPROVED,0,None
cc7636c8-70e4-48e5-9c62-46794a9cecf6,2,3430.14,Airtel Bill,Utilities,"Pune, IN",device-mobile-002,2026-09-06T06:07:58.823367+00:00,APPROVED,0,None
0ab1fb44-ab22-41db-a5c0-f31668ef8df2,5,1044.68,Netflix,Entertainment,"Mumbai, IN",device-mobile-005,2026-09-06T06:10:13.823367+00:00,APPROVED,0,None
76a31271-bd1c-4e7b-97b1-a1f71b522f6f,42,5302.87,Steam Games,Entertainment,"Bengaluru, IN",device-mobile-042,2026-09-06T06:10:33.823367+00:00,APPROVED,0,None
da07f2d9-9836-44cc-8af1-79fa25eecad2,16,551.79,Airtel Bill,Utilities,"Chennai, IN",device-mobile-016,2026-09-06T06:21:52.823367+00:00,APPROVED,0,None
64b42b00-c101-467e-b938-c9ff2cacb7ba,40,408.0,Nature's Basket,Groceries,"Ahmedabad, IN",device-mobile-040,2026-09-06T06:22:20.823367+00:00,APPROVED,0,None
88e2b533-7781-497b-a4fc-79e52b355cab,29,1688.99,Zara,Shopping,"Pune, IN",device-mobile-029,2026-09-06T06:22:56.823367+00:00,APPROVED,0,None
e365946d-f951-4eb8-968e-1e6758ad8f6e,28,1261.62,Adani Gas,Utilities,"Chennai, IN",device-mobile-028,2026-09-06T06:27:12.823367+00:00,APPROVED,0,None
6b35539e-ecf5-4ed7-8a98-489c4d83b88c,16,573.6,Swiggy,Food & Dining,"Chennai, IN",device-laptop-016,2026-09-06T06:58:03.823367+00:00,APPROVED,0,None
417db898-b302-4ef2-9436-2a625982455d,21,2375.61,Bescom,Utilities,"Chennai, IN",device-mobile-021,2026-09-06T07:04:46.823367+00:00,APPROVED,0,None
a508a5da-b75b-4037-9bf2-ccd104e45d55,38,723.83,Flipkart,Shopping,"Hyderabad, IN",device-mobile-038,2026-09-06T07:10:27.823367+00:00,APPROVED,0,None
a603e149-a8c5-4e5c-a6b8-2f90d0d3a47f,4,2529.91,McDonald's,Food & Dining,"Mumbai, IN",device-mobile-004,2026-09-06T07:11:54.823367+00:00,APPROVED,0,None
c70418a2-6225-474d-9477-c9d06dbe270a,15,2034.28,Zomato,Food & Dining,"Kolkata, IN",device-mobile-015,2026-09-06T07:15:23.823367+00:00,APPROVED,0,None
e0b4e1a5-1017-49f9-b8a0-104b72dd5a10,4,10031.25,Ajio,Shopping,"Bengaluru, IN",device-mobile-004,2026-09-06T07:17:47.823367+00:00,APPROVED,0,None
b2437955-8e61-4098-b62c-41a81eef8f6c,29,1491.14,Nature's Basket,Groceries,"Pune, IN",device-mobile-029,2026-09-06T07:20:10.823367+00:00,APPROVED,0,None
16a53244-2db6-46f1-8de1-cff2d38d1989,25,2055.05,DMart,Groceries,"Bengaluru, IN",device-mobile-025,2026-09-06T07:25:47.823367+00:00,APPROVED,0,None
6a459c77-4f51-4308-8c31-fb82362cb13b,45,1160.07,Blinkit,Groceries,"Kolkata, IN",device-mobile-045,2026-09-06T07:30:58.823367+00:00,APPROVED,0,None
417e1306-d8fa-4775-97b5-707d0b02f55a,39,922.23,Jio Recharge,Utilities,"Chennai, IN",device-mobile-039,2026-09-06T07:36:46.823367+00:00,APPROVED,0,None
7f2e4409-d834-4a31-8459-fc6efd6139c3,24,1021.02,PVR Cinemas,Entertainment,"Bengaluru, IN",device-mobile-024,2026-09-06T07:41:28.823367+00:00,APPROVED,0,None
35c1b560-a534-4b74-8238-8260dd72c882,41,1067.65,Myntra,Shopping,"Ahmedabad, IN",device-mobile-041,2026-09-06T07:50:41.823367+00:00,APPROVED,0,None
33c31feb-ed75-4be4-bcdc-1239c74be1ac,41,2003.93,BookMyShow,Entertainment,"Ahmedabad, IN",device-mobile-041,2026-09-06T07:52:08.823367+00:00,APPROVED,0,None
91812aa2-9273-430c-809c-3031b46413c2,50,854.73,Bescom,Utilities,"Kolkata, IN",device-mobile-050,2026-09-06T08:06:24.823367+00:00,APPROVED,0,None
2b716486-188b-492b-87bb-2ead5767ac98,23,1273.62,BookMyShow,Entertainment,"Hyderabad, IN",device-mobile-023,2026-09-06T08:21:41.823367+00:00,APPROVED,0,None
0806b0e7-2e39-4da6-9607-a6f18503c5e5,26,3041.79,Zara,Shopping,"Ahmedabad, IN",device-mobile-026,2026-09-06T08:25:21.823367+00:00,APPROVED,0,None
ca99fecd-610c-4a89-8057-12ec4027c520,49,880.51,Ola,Travel,"Delhi, IN",device-mobile-049,2026-09-06T08:47:09.823367+00:00,APPROVED,0,None
962391c7-1c2b-4142-bd13-b250a8e63099,10,1691.56,Flipkart,Shopping,"Mumbai, IN",device-laptop-010,2026-09-06T08:50:25.823367+00:00,APPROVED,0,None
ec72a7dc-4ef1-422a-824d-01f0d4c90d75,24,1827.58,Swiggy,Food & Dining,"Bengaluru, IN",device-mobile-024,2026-09-06T08:52:50.823367+00:00,APPROVED,0,None
4fa3ef0c-bd6b-4b98-a4f1-278534ed89aa,22,671.31,Spotify,Entertainment,"Bengaluru, IN",device-mobile-022,2026-09-06T08:54:06.823367+00:00,APPROVED,0,None
efaa9261-9e14-44a7-a203-cc8dc35ffe98,13,2006.88,PVR Cinemas,Entertainment,"Hyderabad, IN",device-laptop-013,2026-09-06T09:02:03.823367+00:00,APPROVED,0,None
4933d5a9-9a7c-45e6-ac0e-d0d66e4fd85a,6,1985.02,Myntra,Shopping,"Hyderabad, IN",device-mobile-006,2026-09-06T09:07:45.823367+00:00,APPROVED,0,None
2522b975-47fe-4f81-ab55-b7293b289009,12,3317.42,Apple Store,Electronics,"Chennai, IN",device-mobile-012,2026-09-06T09:21:07.823367+00:00,APPROVED,0,None
7751d207-15bb-40c1-aa8e-a54d1aa4ef01,15,958.94,Zepto,Groceries,"Kolkata, IN",device-mobile-015,2026-09-06T09:32:26.823367+00:00,APPROVED,0,None
996f3f16-7ab9-4ae6-b8ee-345184d2df3a,46,3938.67,Dominos,Food & Dining,"Delhi, IN",device-mobile-046,2026-09-06T09:33:35.823367+00:00,APPROVED,0,None
4c1c1a3e-5822-4474-82ee-160d2e413970,4,2214.78,BookMyShow,Entertainment,"Bengaluru, IN",device-mobile-004,2026-09-06T09:37:57.823367+00:00,APPROVED,0,None
4d33f83f-fba1-434c-b57d-72a4f069148d,36,3327.21,Uber,Travel,"Mumbai, IN",device-mobile-036,2026-09-06T09:38:21.823367+00:00,APPROVED,0,None
5fa89873-e418-43c8-9ea5-1d62917ac0d0,2,3156.33,Uber,Travel,"Pune, IN",device-mobile-002,2026-09-06T10:02:00.823367+00:00,APPROVED,0,None
79ba25d7-f482-4123-98dc-de60d8311242,11,800.94,PVR Cinemas,Entertainment,"Delhi, IN",device-mobile-011,2026-09-06T10:16:49.823367+00:00,APPROVED,0,None
3bf38b4c-f5de-4d4c-8327-1598584ea299,21,2914.66,IRCTC,Travel,"Chennai, IN",device-laptop-021,2026-09-06T10:48:52.823367+00:00,APPROVED,0,None
6ee3e196-c47b-4840-9670-857efcc4255c,29,2487.27,Netflix,Entertainment,"Pune, IN",device-mobile-029,2026-09-06T10:59:56.823367+00:00,APPROVED,0,None
31301258-cd31-4a98-ac91-628f15c72bd6,26,1940.12,Vijay Sales,Electronics,"Ahmedabad, IN",device-mobile-026,2026-09-06T11:02:48.823367+00:00,APPROVED,0,None
b3d37c2a-fedd-4e44-9959-16f7caf82603,47,2149.61,BigBasket,Groceries,"Bengaluru, IN",device-mobile-047,2026-09-06T11:07:39.823367+00:00,APPROVED,0,None
0005c0ee-9378-4905-bf60-1ae7eeee2632,4,1583.95,Booking.com,Travel,"Bengaluru, IN",device-laptop-004,2026-09-06T11:11:53.823367+00:00,APPROVED,0,None
c7eba840-41b8-4243-8517-558709c0887b,17,776.57,Ajio,Shopping,"Mumbai, IN",device-mobile-017,2026-09-06T11:14:54.823367+00:00,APPROVED,0,None
1fe532d4-a8df-4f5d-98bf-bee4b634de7d,37,2321.77,Ajio,Shopping,"Pune, IN",device-mobile-037,2026-09-06T11:29:19.823367+00:00,APPROVED,0,None
8a55f565-cfb8-48c5-b490-d752172a8bcd,34,4171.18,McDonald's,Food & Dining,"Hyderabad, IN",device-mobile-034,2026-09-06T11:38:50.823367+00:00,APPROVED,0,None
a1d32e06-031a-4884-8cf1-f32f48909493,2,3355.98,H&M,Shopping,"Pune, IN",device-mobile-002,2026-09-06T11:52:10.823367+00:00,APPROVED,0,None
4bf29ebd-55a7-4273-b7dc-f2d6e21929de,25,1247.11,Netflix,Entertainment,"Bengaluru, IN",device-mobile-025,2026-09-06T11:57:49.823367+00:00,APPROVED,0,None
33f9cd57-c9a0-4d01-acee-f53642021bd6,34,3133.73,DMart,Groceries,"Hyderabad, IN",device-laptop-034,2026-09-06T11:59:52.823367+00:00,APPROVED,0,None
619fde3f-f197-4d44-815b-6c5b501891a8,9,2877.0,Flipkart,Shopping,"Pune, IN",device-laptop-009,2026-09-06T12:01:26.823367+00:00,APPROVED,0,None
637f5331-f82d-4d0e-b7c9-4bd05a8eeb88,28,3418.68,Reliance Digital,Electronics,"Chennai, IN",device-mobile-028,2026-09-06T12:03:01.823367+00:00,APPROVED,0,None
93cc8ee0-be3b-4520-9053-bf0ad85335c4,50,499.01,Zepto,Groceries,"Kolkata, IN",device-mobile-050,2026-09-06T12:18:27.823367+00:00,APPROVED,0,None
5b269eaf-0dec-42f1-8c84-95acd8e41088,1,2051.36,Zara,Shopping,"Bengaluru, IN",device-mobile-001,2026-09-06T12:21:35.823367+00:00,APPROVED,0,None
8b574531-8641-4c3e-8994-d88cfec8c207,25,2535.2,Tata Power,Utilities,"Bengaluru, IN",device-mobile-025,2026-09-06T12:21:38.823367+00:00,APPROVED,0,None
b720a05c-829e-4a79-beb9-5d9eb98b3e6d,46,4418.0,Myntra,Shopping,"Delhi, IN",device-mobile-046,2026-09-06T12:22:50.823367+00:00,APPROVED,0,None
4219579b-fb08-43da-8824-36161e30acb6,38,876.34,Barbeque Nation,Food & Dining,"Hyderabad, IN",device-mobile-038,2026-09-06T12:26:54.823367+00:00,APPROVED,0,None
32d62afe-f7cc-4436-afbd-007e6d0eb8dd,19,3374.44,Swiggy,Food & Dining,"Kolkata, IN",device-mobile-019,2026-09-06T12:32:07.823367+00:00,APPROVED,0,None
cd9ded59-7f8f-4217-8f3b-04be28ff6949,42,2209.87,Starbucks,Food & Dining,"Delhi, IN",device-mobile-042,2026-09-06T12:32:27.823367+00:00,APPROVED,0,None
50d7f1dd-fcaa-4f90-8982-674906ffb431,21,2846.67,Amazon India,Shopping,"Chennai, IN",device-mobile-021,2026-09-06T12:33:01.823367+00:00,APPROVED,0,None
bcceb964-c939-4641-9ed8-119581924f98,9,1475.16,IRCTC,Travel,"Pune, IN",device-mobile-009,2026-09-06T12:42:49.823367+00:00,APPROVED,0,None
960e15da-4dea-4c0e-a3ab-417ba53dc4b2,26,7168.01,Amazon India,Shopping,"Ahmedabad, IN",device-mobile-026,2026-09-06T12:44:08.823367+00:00,SUSPICIOUS,1,RAPID_BURST
177ee4dc-ea58-4bee-a7c0-193def57d147,21,93315.79,Apple Store,Electronics,"Chennai, IN",device-emulator-root-2799,2026-09-06T12:47:06.823367+00:00,SUSPICIOUS,1,UNRECOGNIZED_DEVICE
bed87436-05a5-40ee-ba6c-c4079e33f159,43,770.3,Flipkart,Shopping,"Pune, IN",device-mobile-043,2026-09-06T13:06:00.823367+00:00,APPROVED,0,None
0252c71a-6fa9-4957-993d-3f42f8e3ce6b,14,1362.22,Apple Store,Electronics,"Chennai, IN",device-mobile-014,2026-09-06T13:11:33.823367+00:00,APPROVED,0,None
4a9a4476-a5f1-4d40-8b97-f95f95725e1b,21,1056.81,Amazon India,Shopping,"Chennai, IN",device-mobile-021,2026-09-06T13:17:59.823367+00:00,APPROVED,0,None
f7d65cdb-92a0-4abb-8ff1-9168aa5d0b95,48,5164.96,Ajio,Shopping,"Bengaluru, IN",device-mobile-048,2026-09-06T13:21:33.823367+00:00,APPROVED,0,None
df8a68b2-1af9-4664-9281-90adca2836ed,23,302567.52,Apple Store,Electronics,"Hyderabad, IN",device-mobile-023,2026-09-06T13:25:38.823367+00:00,FLAGGED,1,HIGH_AMOUNT_SPIKE
96a3850c-eb09-4cec-bd63-f38c956576d3,36,3115.83,Myntra,Shopping,"Mumbai, IN",device-mobile-036,2026-09-06T13:36:57.823367+00:00,APPROVED,0,None
1d9a219a-1015-48f6-8d6a-7a665d0ebb56,22,1112.33,Dominos,Food & Dining,"Bengaluru, IN",device-mobile-022,2026-09-06T13:40:13.823367+00:00,APPROVED,0,None
a079873a-3b05-4d6a-8c79-526fcce707d0,5,920.62,Croma,Electronics,"Mumbai, IN",device-mobile-005,2026-09-06T13:59:01.823367+00:00,APPROVED,0,None
c9c0b9a9-d9c6-4105-bd77-2b18e853a3bd,33,667.39,PVR Cinemas,Entertainment,"Kolkata, IN",device-mobile-033,2026-09-06T14:10:26.823367+00:00,APPROVED,0,None
6fa167ce-bbd4-4c62-bee3-7d1c2502b8ff,17,872.19,Samsung Store,Electronics,"Mumbai, IN",device-mobile-017,2026-09-06T14:14:22.823367+00:00,APPROVED,0,None
aeef26e6-4bb0-4e44-bfd1-ed1f93c33ca4,16,956.31,Tata Power,Utilities,"Pune, IN",device-mobile-016,2026-09-06T14:26:46.823367+00:00,APPROVED,0,None
505094e8-f130-467e-a412-fd4869e4dbf9,5,1711.91,H&M,Shopping,"Mumbai, IN",device-mobile-005,2026-09-06T14:41:48.823367+00:00,APPROVED,0,None
a312c494-61c0-4473-ba44-9253ef9e0611,39,17285.9,MakeMyTrip,Travel,"Lagos, NG",device-mobile-039,2026-09-06T14:48:44.823367+00:00,SUSPICIOUS,1,LOCATION_HOPPING
91a9c775-b62f-4fd8-908b-bcac82271088,37,1098.48,Myntra,Shopping,"Kolkata, IN",device-mobile-037,2026-09-06T14:50:54.823367+00:00,APPROVED,0,None
b03678fe-5f52-42fa-905e-cc767414bc7c,44,4085.97,MakeMyTrip,Travel,"Kolkata, IN",device-mobile-044,2026-09-06T14:54:19.823367+00:00,APPROVED,0,None
a40e55a5-4c86-4dc4-959e-fa1a83d12517,26,7383.13,Rolex Boutique,Luxury & Jewelry,"Delhi, IN",device-mobile-026,2026-09-06T15:11:58.823367+00:00,APPROVED,0,None
0ddc508c-2d5c-4373-9ea7-e9192552df3c,27,1452.47,IndiGo,Travel,"Chennai, IN",device-mobile-027,2026-09-06T15:19:34.823367+00:00,APPROVED,0,None
11d97e5e-5949-4d04-8858-16eddda073f3,6,723.31,Flipkart,Shopping,"Hyderabad, IN",device-mobile-006,2026-09-06T15:33:52.823367+00:00,APPROVED,0,None
adabd3b5-375c-4175-9153-6e00f25913cb,7,818.73,Dominos,Food & Dining,"Mumbai, IN",device-mobile-007,2026-09-06T16:30:15.823367+00:00,APPROVED,0,None
f24d7f1c-a0b7-4011-a271-1e0bbe1d541e,25,1090.51,Tata Power,Utilities,"Bengaluru, IN",device-mobile-025,2026-09-06T16:36:31.823367+00:00,APPROVED,0,None
807360bb-65af-487d-93e6-18ddaff75a24,14,2623.99,MakeMyTrip,Travel,"Chennai, IN",device-mobile-014,2026-09-06T16:37:24.823367+00:00,APPROVED,0,None
eb457eff-1eed-4a43-bbe5-416949a8548a,44,5821.16,Nature's Basket,Groceries,"Kolkata, IN",device-laptop-044,2026-09-06T16:46:38.823367+00:00,APPROVED,0,None
eb27e409-474f-43ca-83a7-b9c76cbc599a,21,3324.4,Jio Recharge,Utilities,"Chennai, IN",device-mobile-021,2026-09-06T17:04:46.823367+00:00,APPROVED,0,None
ca59529b-38ce-4da5-aa43-2efa282a4878,10,1934.58,Steam Games,Entertainment,"Mumbai, IN",device-laptop-010,2026-09-06T17:06:00.823367+00:00,APPROVED,0,None
eecefd72-9c39-48bb-85c9-e7f999cf4f40,42,3606.15,Steam Games,Shopping,"Singapore, SG",device-botnet-10,2026-09-06T17:22:47.823367+00:00,FLAGGED,1,FAILED_ATTEMPT_STUFFING
9448fb7e-a486-466d-9696-d727fc60fd85,28,4523.08,Flipkart,Shopping,"Chennai, IN",device-mobile-028,2026-09-06T17:25:42.823367+00:00,APPROVED,0,None
11c4d2fe-4c84-44e9-85bd-f67783ab2cbb,7,1221.84,Dominos,Food & Dining,"Pune, IN",device-mobile-007,2026-09-06T17:31:43.823367+00:00,APPROVED,0,None
c1529fe2-cd62-4974-9994-b7cc4f54695c,27,396.45,Instamart,Groceries,"Chennai, IN",device-mobile-027,2026-09-06T17:33:27.823367+00:00,APPROVED,0,None
82da8314-6722-4998-a0d6-8fd91e2980f9,6,489.02,Ajio,Shopping,"Hyderabad, IN",device-mobile-006,2026-09-06T17:53:21.823367+00:00,APPROVED,0,None
ae2a1939-1eb7-45d3-a7b8-6ea5b87f5c1e,32,1423.57,Starbucks,Food & Dining,"Hyderabad, IN",device-mobile-032,2026-09-06T17:54:53.823367+00:00,APPROVED,0,None
ca8296cc-e3fc-44c3-8eb2-2d9d9565f9a1,7,1151.12,Ola,Travel,"Mumbai, IN",device-mobile-007,2026-09-06T18:00:07.823367+00:00,APPROVED,0,None
0bea5608-a841-4eaf-895d-ba5ad0247d1f,2,5586.53,Tata Power,Utilities,"Pune, IN",device-mobile-002,2026-09-06T18:06:25.823367+00:00,APPROVED,0,None
17f7df0b-e318-420c-821e-1c1bcc63f622,26,3621.33,Jio Recharge,Utilities,"Ahmedabad, IN",device-mobile-026,2026-09-06T18:06:42.823367+00:00,APPROVED,0,None
cbc12fb7-789d-435a-87ce-378c52403538,17,679.61,Ajio,Shopping,"Mumbai, IN",device-mobile-017,2026-09-06T18:10:04.823367+00:00,APPROVED,0,None
77889c06-c5aa-4fc7-8d34-1e55acb9fabb,23,1483.93,Ajio,Shopping,"Hyderabad, IN",device-mobile-023,2026-09-06T18:18:52.823367+00:00,APPROVED,0,None
64434a97-bb72-459b-9199-819b64f73899,42,2498.95,IRCTC,Travel,"Delhi, IN",device-mobile-042,2026-09-06T18:19:11.823367+00:00,APPROVED,0,None
f2721baa-3655-468c-9831-9043894e4cd1,15,1328.94,MakeMyTrip,Travel,"Kolkata, IN",device-mobile-015,2026-09-06T18:30:26.823367+00:00,APPROVED,0,None
d9db0e71-5149-4e36-ab5c-b23beb2df464,4,1422.74,BookMyShow,Entertainment,"Chennai, IN",device-mobile-004,2026-09-06T18:35:03.823367+00:00,APPROVED,0,None
1434d0c1-31fa-4e11-9eb4-812ab657f135,16,3100.37,Zomato,Food & Dining,"Pune, IN",device-mobile-016,2026-09-06T18:39:03.823367+00:00,APPROVED,0,None
4a05af3d-f18d-4f23-9ee9-deaa9d45f1c3,32,2667.04,Dominos,Food & Dining,"Hyderabad, IN",device-mobile-032,2026-09-06T18:47:06.823367+00:00,APPROVED,0,None
7df94b11-aa40-4acb-82d7-c666a863f88d,9,3143.69,Spotify,Entertainment,"Pune, IN",device-mobile-009,2026-09-06T19:03:11.823367+00:00,APPROVED,0,None
65d631b9-051e-4d96-a0d4-11de0294a46a,46,2719.76,Amazon India,Shopping,"Delhi, IN",device-mobile-046,2026-09-06T19:05:15.823367+00:00,APPROVED,0,None
74514147-997e-4eeb-ab26-710755a74cb4,47,802.81,Zara,Shopping,"Bengaluru, IN",device-laptop-047,2026-09-06T19:13:32.823367+00:00,APPROVED,0,None
662e9758-f289-439d-9a80-5a0cf9375f49,44,19505.57,Zara,Shopping,"London, UK",device-mobile-044,2026-09-06T19:18:09.823367+00:00,SUSPICIOUS,1,LOCATION_HOPPING
cc8529cc-9334-4e9a-a808-51faf213f40b,2,2118.8,Malabar Gold,Luxury & Jewelry,"Mumbai, IN",device-mobile-002,2026-09-06T19:21:34.823367+00:00,APPROVED,0,None
663cca31-82b9-44b7-9f05-79284bfeb1d7,14,878.43,H&M,Shopping,"Chennai, IN",device-mobile-014,2026-09-06T19:35:42.823367+00:00,APPROVED,0,None
f0884c3b-ad16-48a0-88bf-21773d3895f5,34,2844.95,Dominos,Food & Dining,"Hyderabad, IN",device-mobile-034,2026-09-06T19:38:54.823367+00:00,APPROVED,0,None
2e05a53f-bb9b-497a-93b8-c44fbe59cc6d,49,1792.92,Blinkit,Groceries,"Delhi, IN",device-mobile-049,2026-09-06T19:46:23.823367+00:00,APPROVED,0,None
69496f04-be8a-49c4-93d7-a3e52ff722b5,22,799.76,Blinkit,Groceries,"Bengaluru, IN",device-mobile-022,2026-09-06T19:53:34.823367+00:00,APPROVED,0,None
d66af1a5-7713-489f-96ab-f4440e75d12f,35,2110.45,DMart,Groceries,"Mumbai, IN",device-mobile-035,2026-09-06T19:59:13.823367+00:00,APPROVED,0,None
8d5ee78f-0507-4121-8746-16a29cc71e0c,45,1588.28,IndiGo,Travel,"Kolkata, IN",device-mobile-045,2026-09-06T20:09:43.823367+00:00,APPROVED,0,None
a3b8a748-2f41-49ec-a9d6-b68d234e4e02,16,1094.1,BigBasket,Groceries,"Chennai, IN",device-mobile-016,2026-09-06T20:11:44.823367+00:00,APPROVED,0,None
1a2bc819-4f26-40b7-85e9-644cdacb8b64,33,19273.21,Amazon India,Shopping,"Kolkata, IN",device-mobile-033,2026-09-06T20:16:16.823367+00:00,SUSPICIOUS,1,RAPID_BURST
9db43dec-b65d-4497-aec6-f9c1fae81164,26,2323.67,Zepto,Groceries,"Pune, IN",device-mobile-026,2026-09-06T20:21:31.823367+00:00,APPROVED,0,None
19a41199-493c-4280-9916-d7217da2c27f,17,826.62,Ajio,Shopping,"Mumbai, IN",device-laptop-017,2026-09-06T20:29:08.823367+00:00,APPROVED,0,None
ca028f82-1a3c-4956-8980-d9acbc7ec710,39,1923.92,Amazon India,Shopping,"Chennai, IN",device-mobile-039,2026-09-06T20:29:42.823367+00:00,APPROVED,0,None
4ef5344c-969d-4a9b-a50c-96e802c7690b,41,1049.15,Ajio,Shopping,"Ahmedabad, IN",device-mobile-041,2026-09-06T20:32:10.823367+00:00,APPROVED,0,None
6f296183-058c-4939-9d2a-23bec2682a76,13,2964.12,Booking.com,Travel,"Hyderabad, IN",device-mobile-013,2026-09-06T20:37:43.823367+00:00,APPROVED,0,None
11e94ccb-b276-41e7-82d2-9bb14f6cac28,16,872.57,Blinkit,Groceries,"Chennai, IN",device-mobile-016,2026-09-06T20:38:37.823367+00:00,APPROVED,0,None
58117625-c7e1-4118-91df-6d84075705f2,34,3036.87,Blinkit,Groceries,"Hyderabad, IN",device-mobile-034,2026-09-06T20:41:40.823367+00:00,APPROVED,0,None
2110bdd0-393e-41ce-93d8-5b6c0d4a31f3,20,830.46,Zara,Shopping,"Pune, IN",device-laptop-020,2026-09-06T20:44:58.823367+00:00,APPROVED,0,None
a28b03e5-8721-4918-9d10-2a5eaf894970,9,2722.61,H&M,Shopping,"Pune, IN",device-mobile-009,2026-09-06T20:51:58.823367+00:00,APPROVED,0,None
17d227b3-f5c8-4bdc-8162-7b32e8c251b8,34,280071.76,Malabar Gold,Luxury & Jewelry,"Hyderabad, IN",device-mobile-034,2026-09-06T21:00:44.823367+00:00,FLAGGED,1,HIGH_AMOUNT_SPIKE
8ea5476f-6a59-41e9-8955-e1144a035cb5,44,4136.91,Myntra,Shopping,"Kolkata, IN",device-mobile-044,2026-09-06T21:09:09.823367+00:00,APPROVED,0,None
6a1b7823-c3ee-4f66-8f28-172d596e27fe,32,647.34,Samsung Store,Electronics,"Pune, IN",device-mobile-032,2026-09-06T21:21:02.823367+00:00,APPROVED,0,None
94d84720-aebb-4ce6-8393-9f6f22dc40f2,7,766.78,Vijay Sales,Electronics,"Mumbai, IN",device-mobile-007,2026-09-06T21:33:31.823367+00:00,APPROVED,0,None
6d57da35-d2f8-4df3-beaf-a95dc0ec8510,43,742.2,Flipkart,Shopping,"Pune, IN",device-mobile-043,2026-09-06T21:36:21.823367+00:00,APPROVED,0,None
913b7ba5-fbe7-48fc-9915-385120c6cd96,14,2248.98,Myntra,Shopping,"Chennai, IN",device-mobile-014,2026-09-06T21:38:35.823367+00:00,APPROVED,0,None
6a4c075b-7dae-48d3-bb13-ce5084325c52,41,232.44,Steam Games,Entertainment,"Ahmedabad, IN",device-mobile-041,2026-09-06T21:42:09.823367+00:00,APPROVED,0,None
f5d95f62-9323-4421-8a85-bbdfdfb17ce4,35,3397.79,Ajio,Shopping,"Mumbai, IN",device-mobile-035,2026-09-06T21:46:34.823367+00:00,APPROVED,0,None
fb97f3a2-5695-4349-9607-a2464ac90874,2,6333.7,Apple Store,Electronics,"Pune, IN",device-mobile-002,2026-09-06T21:48:19.823367+00:00,APPROVED,0,None
331f89f9-efa6-4df1-8df4-03ed2fdf18ab,12,5785.28,Apple Store,Electronics,"Chennai, IN",device-mobile-012,2026-09-06T21:51:48.823367+00:00,APPROVED,0,None
7c32428d-1253-417e-a5e5-38730202d4b3,40,2669.86,IndiGo,Travel,"Ahmedabad, IN",device-mobile-040,2026-09-06T22:06:09.823367+00:00,APPROVED,0,None
a5aeae3a-df06-4b6a-8d52-0c9480a27af5,36,1561.73,Booking.com,Travel,"Mumbai, IN",device-laptop-036,2026-09-06T22:14:02.823367+00:00,APPROVED,0,None
17af1d3a-8481-40e0-b960-9eb51a2574dc,26,1522.45,Airtel Bill,Utilities,"Ahmedabad, IN",device-mobile-026,2026-09-06T22:20:52.823367+00:00,APPROVED,0,None
dc521c66-1fd8-44d2-85a7-a05f11ce5647,11,351.12,Nature's Basket,Groceries,"Delhi, IN",device-mobile-011,2026-09-06T22:27:39.823367+00:00,APPROVED,0,None
bd34dd4f-fdf0-4d88-9bdb-5f8ef8386853,10,5170.16,MakeMyTrip,Travel,"Mumbai, IN",device-mobile-010,2026-09-06T22:31:44.823367+00:00,APPROVED,0,None
a5758c2c-675e-4c3f-a3ff-d8e8433bfb43,15,2357.14,IRCTC,Travel,"Bengaluru, IN",device-mobile-015,2026-09-06T22:32:43.823367+00:00,APPROVED,0,None
b27e5411-8cf3-426d-addc-48a9fa951a86,16,1363.59,Zomato,Food & Dining,"Chennai, IN",device-laptop-016,2026-09-06T22:35:13.823367+00:00,APPROVED,0,None
99853510-537a-4d83-ac1e-20d82969c188,31,3285.25,McDonald's,Food & Dining,"Delhi, IN",device-mobile-031,2026-09-06T22:43:52.823367+00:00,APPROVED,0,None
7fbf5132-1e27-4d1b-a0ee-5d359adac535,41,581.73,Amazon India,Shopping,"Bengaluru, IN",device-mobile-041,2026-09-06T22:43:58.823367+00:00,APPROVED,0,None
745487b1-730e-4c2c-88bc-0b33701c798d,27,2465.05,Jio Recharge,Utilities,"Chennai, IN",device-mobile-027,2026-09-06T22:50:44.823367+00:00,APPROVED,0,None
5d93e11a-e75d-4712-a0f9-f27a72751c57,50,1211.03,Bescom,Utilities,"Kolkata, IN",device-laptop-050,2026-09-06T22:59:35.823367+00:00,APPROVED,0,None
5963078e-94f2-4cc7-883e-673e57c6e96b,17,659.63,Zara,Shopping,"Mumbai, IN",device-mobile-017,2026-09-06T23:09:24.823367+00:00,APPROVED,0,None
41e64f08-848b-428b-a42b-a44140200403,24,1303.93,Croma,Electronics,"Bengaluru, IN",device-mobile-024,2026-09-06T23:16:01.823367+00:00,APPROVED,0,None
79f8025e-24ab-4129-a9fd-91b048f92972,5,581.41,PVR Cinemas,Entertainment,"Mumbai, IN",device-mobile-005,2026-09-06T23:50:17.823367+00:00,APPROVED,0,None
4e9aabbb-b58d-4154-908d-99e9e6f33cb0,47,1370.72,Blinkit,Groceries,"Bengaluru, IN",device-mobile-047,2026-09-07T00:17:01.823367+00:00,APPROVED,0,None
6f819b77-d2aa-4caf-9066-c50c554a51be,32,1215.69,BigBasket,Groceries,"Hyderabad, IN",device-mobile-032,2026-09-07T01:03:57.823367+00:00,APPROVED,0,None
237cb70e-ebd5-43b3-a3fe-3838ab4e70bb,34,1252.05,Nature's Basket,Groceries,"Hyderabad, IN",device-mobile-034,2026-09-07T01:07:38.823367+00:00,APPROVED,0,None
63388e08-35d3-4c92-98d1-5cdbfde88e41,16,2684.22,Zara,Shopping,"Chennai, IN",device-mobile-016,2026-09-07T01:14:06.823367+00:00,APPROVED,0,None
c02b2218-3f75-4240-83e8-19607c1f64e1,28,2122.69,Bescom,Utilities,"Chennai, IN",device-mobile-028,2026-09-07T01:14:44.823367+00:00,APPROVED,0,None
195ab762-91de-4314-8c85-9f42ae7d6362,27,733.17,McDonald's,Food & Dining,"Chennai, IN",device-mobile-027,2026-09-07T01:29:11.823367+00:00,APPROVED,0,None
e6dbaef0-790d-4487-a436-c28a2aafe748,16,72866.42,Apple Store,Electronics,"Chennai, IN",device-emulator-root-1402,2026-09-07T01:30:07.823367+00:00,SUSPICIOUS,1,UNRECOGNIZED_DEVICE
75d351ad-4042-4fff-90b3-d453763adab1,13,3873.91,Tata Power,Utilities,"Hyderabad, IN",device-laptop-013,2026-09-07T01:41:58.823367+00:00,APPROVED,0,None
aca79f4c-6325-4574-84b6-b0cde543d916,23,474.36,Starbucks,Food & Dining,"Hyderabad, IN",device-mobile-023,2026-09-07T02:09:05.823367+00:00,APPROVED,0,None
d8574eda-f19e-4bbf-a9f1-2425fc69c093,39,2469.67,Zara,Shopping,"Chennai, IN",device-mobile-039,2026-09-07T02:28:52.823367+00:00,APPROVED,0,None
bf9ea91f-c229-49f0-8676-2d4e0592c137,26,1662.77,BookMyShow,Entertainment,"Ahmedabad, IN",device-laptop-026,2026-09-07T02:31:47.823367+00:00,APPROVED,0,None
a59a474b-07fa-489a-9935-719c07ec3146,15,1383.15,Nature's Basket,Groceries,"Kolkata, IN",device-mobile-015,2026-09-07T02:38:27.823367+00:00,APPROVED,0,None
69c2d382-60c0-4383-a09b-314a07fcd296,20,1277.93,Starbucks,Food & Dining,"Pune, IN",device-mobile-020,2026-09-07T02:45:52.823367+00:00,APPROVED,0,None
30e2d9f7-2e20-4e91-8830-29a3b08672ad,18,1259.12,Uber,Travel,"Bengaluru, IN",device-mobile-018,2026-09-07T02:59:32.823367+00:00,APPROVED,0,None
7c2efbf2-9ae6-4ad5-9a88-1e9dce68d47b,49,1484.96,Barbeque Nation,Food & Dining,"Delhi, IN",device-mobile-049,2026-09-07T03:02:14.823367+00:00,APPROVED,0,None
b03dd07d-29ab-40c5-9b65-5b02701399e1,50,745.78,BigBasket,Groceries,"Kolkata, IN",device-laptop-050,2026-09-07T03:07:53.823367+00:00,APPROVED,0,None
8ba21c51-8fc3-49f9-bdfd-f0518a2a1336,14,1883.52,Zara,Shopping,"Chennai, IN",device-mobile-014,2026-09-07T03:08:34.823367+00:00,APPROVED,0,None
cc746fc5-67a2-4d0c-9c58-8c08f6f60a09,30,1132.67,Steam Games,Entertainment,"Hyderabad, IN",device-laptop-030,2026-09-07T03:36:48.823367+00:00,APPROVED,0,None
3bfee0c0-0710-425f-8aa3-16f43b41b78e,3,2074.5,Blinkit,Groceries,"Delhi, IN",device-mobile-003,2026-09-07T03:38:19.823367+00:00,APPROVED,0,None
5942f9df-9acd-4971-bb7d-e3472e0f883c,50,671.05,Nature's Basket,Groceries,"Kolkata, IN",device-mobile-050,2026-09-07T03:41:08.823367+00:00,APPROVED,0,None
86ea8168-3e72-4b7b-bd16-95778b60f871,16,878.08,Bescom,Utilities,"Chennai, IN",device-mobile-016,2026-09-07T03:48:28.823367+00:00,APPROVED,0,None
a8b9c8b9-d2d0-4fd4-a4f0-63058b790336,27,1905.66,Vijay Sales,Electronics,"Chennai, IN",device-mobile-027,2026-09-07T03:53:31.823367+00:00,APPROVED,0,None
ab0a8ef0-8b7e-4d21-a320-71c546b88df0,2,2661.83,BookMyShow,Entertainment,"Pune, IN",device-mobile-002,2026-09-07T03:55:14.823367+00:00,APPROVED,0,None
0a4cd092-0ab3-476f-8369-20c8a9396573,9,2435.77,Uber,Travel,"Pune, IN",device-mobile-009,2026-09-07T04:14:13.823367+00:00,APPROVED,0,None
6825563c-baa4-4944-94ca-ddc551bd53f3,13,2237.62,Tata Power,Utilities,"Hyderabad, IN",device-mobile-013,2026-09-07T04:16:13.823367+00:00,APPROVED,0,None
108e03f3-6092-42bc-9aa3-1b8560456674,39,7252.69,Vijay Sales,Electronics,"Chennai, IN",device-mobile-039,2026-09-07T04:16:14.823367+00:00,APPROVED,0,None
137c552c-5936-4468-80b0-b9862e9178df,10,1899.65,Tanishq,Luxury & Jewelry,"Mumbai, IN",device-mobile-010,2026-09-07T04:17:07.823367+00:00,APPROVED,0,None
4d1a0cec-cc5e-4d34-b919-f6384c301ac0,4,2264.84,Reliance Digital,Electronics,"Bengaluru, IN",device-mobile-004,2026-09-07T04:18:32.823367+00:00,APPROVED,0,None
4ca5f74e-9389-446f-9cb4-da09a1147627,13,3520.38,Adani Gas,Utilities,"Hyderabad, IN",device-mobile-013,2026-09-07T04:46:56.823367+00:00,APPROVED,0,None
8dd9098e-024a-414f-afc2-f26d3e52eca1,17,2047.77,Starbucks,Food & Dining,"Mumbai, IN",device-mobile-017,2026-09-07T04:47:41.823367+00:00,APPROVED,0,None
578a8ba1-fa45-4b8c-82d0-ccc2465c0ddc,9,4622.58,PVR Cinemas,Entertainment,"Pune, IN",device-laptop-009,2026-09-07T05:11:38.823367+00:00,APPROVED,0,None
7dfeeee0-a51a-4ba9-80a1-e47e815a0f7c,8,2340.93,Ajio,Shopping,"Kolkata, IN",device-mobile-008,2026-09-07T05:19:12.823367+00:00,APPROVED,0,None
ae7b2205-8221-45e0-a8bf-ca76bb99e1a2,38,1211.1,Samsung Store,Electronics,"Hyderabad, IN",device-mobile-038,2026-09-07T05:21:12.823367+00:00,APPROVED,0,None
c6a036f9-72cf-431f-8001-5c8f73c6f359,9,2541.17,BookMyShow,Entertainment,"Pune, IN",device-mobile-009,2026-09-07T05:28:10.823367+00:00,APPROVED,0,None
a429b969-ff2b-4d60-aa79-d412ad6cb7ed,43,697.6,DMart,Groceries,"Pune, IN",device-laptop-043,2026-09-07T05:28:49.823367+00:00,APPROVED,0,None
d6d6dc28-c850-4ad7-a610-f3ed234e96ec,35,5413.84,Swiggy,Food & Dining,"Mumbai, IN",device-mobile-035,2026-09-07T05:57:14.823367+00:00,APPROVED,0,None
0abc8e8d-1cf3-4581-87f0-cb9eb301f1c1,11,1058.8,Tata Power,Utilities,"Delhi, IN",device-mobile-011,2026-09-07T06:01:59.823367+00:00,APPROVED,0,None
4cef2802-c7f2-4d7d-8507-88dfc5aa0edb,4,3570.53,Zepto,Groceries,"Bengaluru, IN",device-mobile-004,2026-09-07T06:16:44.823367+00:00,APPROVED,0,None
0dbde9f0-14e8-4fe9-b0ab-406555cd6eed,35,3924.44,Starbucks,Food & Dining,"Mumbai, IN",device-mobile-035,2026-09-07T06:20:57.823367+00:00,APPROVED,0,None
394f7dbc-8fdd-41ba-8722-ca1ce755b2d1,32,54225.0,Apple Store,Electronics,"Pune, IN",device-emulator-root-1591,2026-09-07T06:21:28.823367+00:00,SUSPICIOUS,1,UNRECOGNIZED_DEVICE
e0c49702-1ad1-470e-99a1-04d8d8c5a597,12,5092.14,Vijay Sales,Electronics,"Chennai, IN",device-mobile-012,2026-09-07T06:30:17.823367+00:00,APPROVED,0,None
ebd606cf-326e-4c38-b7b3-b470ff5d92a9,47,1599.35,MakeMyTrip,Travel,"Pune, IN",device-mobile-047,2026-09-07T06:50:15.823367+00:00,APPROVED,0,None
fa7810e4-ffed-4e3a-b558-5e0c6db88552,40,3272.17,Zomato,Food & Dining,"Ahmedabad, IN",device-mobile-040,2026-09-07T06:52:59.823367+00:00,APPROVED,0,None
616a5260-9d07-46c8-9db4-d214a056389a,5,7855.71,Amazon India,Shopping,"Mumbai, IN",device-mobile-005,2026-09-07T06:59:37.823367+00:00,SUSPICIOUS,1,RAPID_BURST
0943674e-d970-4f0d-8180-9c467bb0cde9,45,1551.51,BigBasket,Groceries,"Kolkata, IN",device-mobile-045,2026-09-07T07:05:31.823367+00:00,APPROVED,0,None
d32f4410-631f-4c39-88ad-8d78beb9f432,40,1818.27,Booking.com,Travel,"Kolkata, IN",device-mobile-040,2026-09-07T07:06:01.823367+00:00,APPROVED,0,None
70917456-051d-4132-86af-158d0b11a73d,5,1149.52,Zepto,Groceries,"Mumbai, IN",device-mobile-005,2026-09-07T07:23:36.823367+00:00,APPROVED,0,None
bff41bed-2e35-43d8-a42b-37c6eafe9dd1,33,1320.87,Airtel Bill,Utilities,"Kolkata, IN",device-mobile-033,2026-09-07T07:32:18.823367+00:00,APPROVED,0,None
29e3c2aa-7207-4b29-ae54-9f6d85dfbded,7,4845.88,Steam Games,Shopping,"Moscow, RU",device-botnet-60,2026-09-07T07:33:29.823367+00:00,FLAGGED,1,FAILED_ATTEMPT_STUFFING
b584bfbd-ddd3-47a0-b18a-9d3ad092d3b3,32,48438.73,Apple Store,Electronics,"Mumbai, IN",device-emulator-root-5700,2026-09-07T07:44:35.823367+00:00,SUSPICIOUS,1,UNRECOGNIZED_DEVICE
1b070793-2dec-460f-97a0-3ba2495bce07,41,1297.87,MakeMyTrip,Travel,"Ahmedabad, IN",device-mobile-041,2026-09-07T07:47:34.823367+00:00,APPROVED,0,None
0defb82f-8fdf-4d8c-8ac3-4ca4517ca267,12,84144.72,Tanishq,Luxury & Jewelry,"Chennai, IN",device-mobile-012,2026-09-07T07:49:26.823367+00:00,FLAGGED,1,HIGH_AMOUNT_SPIKE
f62fbb5e-ee33-4766-9672-fad3d0782b01,15,1250.69,Myntra,Shopping,"Kolkata, IN",device-mobile-015,2026-09-07T07:51:54.823367+00:00,APPROVED,0,None
6b2e3994-8468-4faa-812d-21c566d321aa,11,9979.54,Amazon India,Shopping,"Delhi, IN",device-mobile-011,2026-09-07T07:58:05.823367+00:00,SUSPICIOUS,1,RAPID_BURST
6e96770e-353e-4955-b5ec-18ae1197a359,18,1632.35,Amazon India,Shopping,"Bengaluru, IN",device-mobile-018,2026-09-07T08:00:04.823367+00:00,APPROVED,0,None
3623d6b5-de3d-46f9-bbf8-457343fd9516,38,1669.7,Zara,Shopping,"Hyderabad, IN",device-mobile-038,2026-09-07T08:00:30.823367+00:00,APPROVED,0,None
ec381e65-9248-47f7-82d2-7f4cfb382843,20,1564.3,PVR Cinemas,Entertainment,"Pune, IN",device-mobile-020,2026-09-07T08:04:29.823367+00:00,APPROVED,0,None
a82f22c4-c930-4e77-95bc-a3b11bfb611e,7,657.78,IndiGo,Travel,"Mumbai, IN",device-mobile-007,2026-09-07T08:17:37.823367+00:00,APPROVED,0,None
78899612-a669-4027-906e-9f231e4c00b1,18,2629.93,Blinkit,Groceries,"Bengaluru, IN",device-mobile-018,2026-09-07T08:26:41.823367+00:00,APPROVED,0,None
201aa53d-0c4a-49cc-8d39-9682eea60d36,45,1409.64,Uber,Travel,"Kolkata, IN",device-mobile-045,2026-09-07T08:30:22.823367+00:00,APPROVED,0,None
88d40a0f-1b90-4d60-80da-6553c960e1e5,19,888.46,Starbucks,Food & Dining,"Kolkata, IN",device-mobile-019,2026-09-07T08:36:09.823367+00:00,APPROVED,0,None
0c2577fc-df60-41a3-ae9d-6c3cbc156212,7,462.91,Jio Recharge,Utilities,"Mumbai, IN",device-laptop-007,2026-09-07T08:38:41.823367+00:00,APPROVED,0,None
ac060639-3272-4904-978d-3793acf9dbf1,31,2171.58,Instamart,Groceries,"Delhi, IN",device-mobile-031,2026-09-07T08:48:55.823367+00:00,APPROVED,0,None
496bbec6-e6b6-41ed-9532-3d27c82107de,24,3392.03,Flipkart,Shopping,"Bengaluru, IN",device-laptop-024,2026-09-07T09:10:34.823367+00:00,APPROVED,0,None
2e4c859a-b0c6-492e-8776-b4ecd7b93635,17,24718.68,Amazon India,Shopping,"Mumbai, IN",device-mobile-017,2026-09-07T09:12:27.823367+00:00,SUSPICIOUS,1,RAPID_BURST
c463050c-3e2d-4a7c-896e-fea4c34b9f34,43,1544.99,Airtel Bill,Utilities,"Pune, IN",device-mobile-043,2026-09-07T09:19:56.823367+00:00,APPROVED,0,None
cfba8f3b-1aef-4765-94e7-8e1268abca4f,18,1907.01,Samsung Store,Electronics,"Bengaluru, IN",device-mobile-018,2026-09-07T09:21:59.823367+00:00,APPROVED,0,None
81244bdd-7b03-42b4-a33c-93a372016d6e,24,717.81,Spotify,Entertainment,"Bengaluru, IN",device-mobile-024,2026-09-07T09:40:56.823367+00:00,APPROVED,0,None
9aac74fc-9c94-4a76-aa5f-9d96fd3218b7,38,709.18,Zara,Shopping,"Hyderabad, IN",device-mobile-038,2026-09-07T09:51:22.823367+00:00,APPROVED,0,None
34caadae-80ea-46b8-bd7a-3d41ed19551b,30,579.57,Bescom,Utilities,"Bengaluru, IN",device-mobile-030,2026-09-07T10:00:38.823367+00:00,APPROVED,0,None
27d4bde0-0c79-42e6-be30-c39f5e745494,17,2481.35,BookMyShow,Entertainment,"Mumbai, IN",device-mobile-017,2026-09-07T10:00:56.823367+00:00,APPROVED,0,None
85b7ac8e-df89-43a6-baf0-5c912b8dbe82,21,1310.02,Vijay Sales,Electronics,"Chennai, IN",device-mobile-021,2026-09-07T10:10:22.823367+00:00,APPROVED,0,None
2da6c6a9-c916-44f2-a9c4-49fc09f2ab5a,50,365.23,Zara,Shopping,"Kolkata, IN",device-laptop-050,2026-09-07T10:22:15.823367+00:00,APPROVED,0,None
301b74bb-f5e1-4afd-b4d0-d1ac657b2c42,24,2059.4,McDonald's,Food & Dining,"Bengaluru, IN",device-mobile-024,2026-09-07T10:30:04.823367+00:00,APPROVED,0,None
995e6aaf-d424-4a5a-8e98-e926c2f07a59,6,787.38,Blinkit,Groceries,"Hyderabad, IN",device-mobile-006,2026-09-07T10:54:45.823367+00:00,APPROVED,0,None
f40daea2-2614-4423-a59f-09ff94862787,6,1241.81,Spotify,Entertainment,"Hyderabad, IN",device-mobile-006,2026-09-07T10:59:39.823367+00:00,APPROVED,0,None
eaba4311-2478-4109-86b7-f96232080676,19,898.06,Ajio,Shopping,"Kolkata, IN",device-mobile-019,2026-09-07T11:09:19.823367+00:00,APPROVED,0,None
7962d1ea-d157-4ba9-b205-e2fcbb001b03,32,632.89,Ola,Travel,"Hyderabad, IN",device-mobile-032,2026-09-07T11:21:49.823367+00:00,APPROVED,0,None
0d4cd206-6ad4-453d-8c67-ff1ce82508b9,20,1434.8,Zomato,Food & Dining,"Pune, IN",device-mobile-020,2026-09-07T11:22:41.823367+00:00,APPROVED,0,None
b1f257f9-1e19-4611-9cb0-0b6ce63f851a,25,2702.6,Bescom,Utilities,"Pune, IN",device-mobile-025,2026-09-07T11:22:50.823367+00:00,APPROVED,0,None
596eb916-bbf6-4ec9-90cf-bb6531cffcdb,49,2709.16,Zara,Shopping,"Delhi, IN",device-mobile-049,2026-09-07T11:24:14.823367+00:00,APPROVED,0,None
57f2b0c5-4051-4a98-974b-959c740655f0,47,1768.9,Spotify,Entertainment,"Bengaluru, IN",device-laptop-047,2026-09-07T11:45:38.823367+00:00,APPROVED,0,None
a73c4ce4-f57b-4629-9b50-dcd889b0eab8,8,5815.6,BigBasket,Groceries,"Kolkata, IN",device-mobile-008,2026-09-07T11:50:32.823367+00:00,APPROVED,0,None
f1904dbb-029a-4470-acea-baea4ec29455,32,937.32,Dominos,Food & Dining,"Hyderabad, IN",device-mobile-032,2026-09-07T12:01:51.823367+00:00,APPROVED,0,None
750b6352-5701-4a72-ae6d-7e752a2caa2c,49,1988.47,Zepto,Groceries,"Delhi, IN",device-mobile-049,2026-09-07T12:07:39.823367+00:00,APPROVED,0,None
e8c205f3-30f3-4aa8-b76a-80aedb0ed70f,1,1478.77,Blinkit,Groceries,"Bengaluru, IN",device-mobile-001,2026-09-07T12:08:02.823367+00:00,APPROVED,0,None
90eeb65a-1b76-4a91-af71-e9ed795da054,7,885.8,Vijay Sales,Electronics,"Mumbai, IN",device-mobile-007,2026-09-07T12:09:17.823367+00:00,APPROVED,0,None
aaef58f7-f571-4f19-90e7-55c30bb7c742,29,1878.41,Malabar Gold,Luxury & Jewelry,"Pune, IN",device-mobile-029,2026-09-07T12:11:28.823367+00:00,APPROVED,0,None
96e173ce-2fea-4ab4-bb2c-343f26c93d0a,24,1703.22,IRCTC,Travel,"Bengaluru, IN",device-mobile-024,2026-09-07T12:14:14.823367+00:00,APPROVED,0,None
4cadce01-f697-4de5-badd-355d46682413,16,1084.52,DMart,Groceries,"Chennai, IN",device-mobile-016,2026-09-07T12:31:28.823367+00:00,APPROVED,0,None
f246177c-a113-4468-9633-36375a0caf18,36,5286.24,Ola,Travel,"Mumbai, IN",device-mobile-036,2026-09-07T12:31:38.823367+00:00,APPROVED,0,None
0672b104-9bda-430e-82bf-dcc8b4316add,3,2302.77,Myntra,Shopping,"Delhi, IN",device-mobile-003,2026-09-07T12:34:04.823367+00:00,APPROVED,0,None
4c48abd8-e494-4a94-a62b-5cf3dc327b46,17,954.7,Apple Store,Electronics,"Mumbai, IN",device-mobile-017,2026-09-07T12:54:03.823367+00:00,APPROVED,0,None
bcd43fa0-86ea-4333-a4b9-1172fa240778,1,987.56,Blinkit,Groceries,"Bengaluru, IN",device-mobile-001,2026-09-07T12:57:24.823367+00:00,APPROVED,0,None
262fe5a9-71b0-468d-b4fa-3c2998dec0e6,35,5123.37,Vijay Sales,Electronics,"Mumbai, IN",device-mobile-035,2026-09-07T12:59:03.823367+00:00,APPROVED,0,None
ad15f4ee-040f-4f22-bb97-c06e1915befe,7,530.16,H&M,Shopping,"Mumbai, IN",device-laptop-007,2026-09-07T13:11:11.823367+00:00,APPROVED,0,None
596c7cba-1efb-4096-b394-03a4e91000fe,48,3390.37,CaratLane,Luxury & Jewelry,"Bengaluru, IN",device-mobile-048,2026-09-07T13:32:59.823367+00:00,APPROVED,0,None
a0477a74-912d-4b61-9989-0b52e64927db,6,1860.85,Booking.com,Travel,"Hyderabad, IN",device-mobile-006,2026-09-07T13:39:10.823367+00:00,APPROVED,0,None
3ff4142f-d987-4cbd-bbe8-94e2a6619b58,11,627.56,Samsung Store,Electronics,"Delhi, IN",device-mobile-011,2026-09-07T13:41:20.823367+00:00,APPROVED,0,None
b615ae7c-67e9-4e30-a5d8-e9a84bfe9031,49,3129.03,Airtel Bill,Utilities,"Delhi, IN",device-mobile-049,2026-09-07T13:59:19.823367+00:00,APPROVED,0,None
ff8800b1-735f-464f-93a2-67230f1c3ee1,19,36015.64,Apple Store,Electronics,"Delhi, IN",device-emulator-root-4981,2026-09-07T14:01:51.823367+00:00,SUSPICIOUS,1,UNRECOGNIZED_DEVICE
1d7169f2-1ca9-40b8-945b-ea7b1a598075,49,9869.34,Amazon India,Shopping,"Delhi, IN",device-mobile-049,2026-09-07T14:06:41.823367+00:00,SUSPICIOUS,1,RAPID_BURST
19199ba9-0b27-474e-878a-a4735705fb70,11,448.97,Flipkart,Shopping,"Delhi, IN",device-laptop-011,2026-09-07T14:23:29.823367+00:00,APPROVED,0,None
e8c43b7b-9e90-40db-a222-ba007aa1a7f0,16,1095.92,Reliance Digital,Electronics,"Chennai, IN",device-laptop-016,2026-09-07T14:33:50.823367+00:00,APPROVED,0,None
c9a5a29c-a182-43eb-9877-e444358cc504,15,3362.34,Steam Games,Shopping,"Singapore, SG",device-botnet-14,2026-09-07T14:40:30.823367+00:00,FLAGGED,1,FAILED_ATTEMPT_STUFFING
07dab358-7874-4f65-881a-ff12d8571ebf,45,1121.39,Spotify,Entertainment,"Kolkata, IN",device-mobile-045,2026-09-07T14:56:49.823367+00:00,APPROVED,0,None
5f7361c3-7017-4b9b-8cf6-539caf0569ef,25,6241.92,Jio Recharge,Utilities,"Bengaluru, IN",device-mobile-025,2026-09-07T15:42:31.823367+00:00,APPROVED,0,None
27d67ec5-3ded-46d5-96d8-93f5635a668e,6,1521.15,Steam Games,Entertainment,"Hyderabad, IN",device-mobile-006,2026-09-07T15:45:22.823367+00:00,APPROVED,0,None
44376693-26e9-4ca6-a264-ac1898aa8b80,27,591.49,Tanishq,Luxury & Jewelry,"Chennai, IN",device-mobile-027,2026-09-07T15:59:15.823367+00:00,APPROVED,0,None
0118bdfd-7a67-4b3f-b292-48a82be6d68b,43,1629.0,IRCTC,Travel,"Pune, IN",device-mobile-043,2026-09-07T16:12:25.823367+00:00,APPROVED,0,None
1de22b75-7bfa-47a5-808f-1541da39432c,20,1660.43,H&M,Shopping,"Pune, IN",device-mobile-020,2026-09-07T16:20:56.823367+00:00,APPROVED,0,None
28d8d986-b3e8-46bd-a4c0-53a0dff03bb2,24,979.78,Vijay Sales,Electronics,"Bengaluru, IN",device-mobile-024,2026-09-07T16:21:04.823367+00:00,APPROVED,0,None
9fc93e86-b520-4a8c-85ab-a67a10e106a9,1,2007.2,IndiGo,Travel,"Bengaluru, IN",device-mobile-001,2026-09-07T16:25:01.823367+00:00,APPROVED,0,None
d4730645-04ee-4c48-82cf-7137075d766a,27,1146.92,Steam Games,Entertainment,"Chennai, IN",device-mobile-027,2026-09-07T16:32:36.823367+00:00,APPROVED,0,None
22fe6c1e-3dab-45ef-ac99-bf950e24ea38,28,2041.98,Myntra,Shopping,"Chennai, IN",device-mobile-028,2026-09-07T16:49:56.823367+00:00,APPROVED,0,None
1305cfaf-a6d1-4b30-8b95-a6cdefb91b04,26,6866.97,Zara,Shopping,"Ahmedabad, IN",device-mobile-026,2026-09-07T16:50:11.823367+00:00,APPROVED,0,None
07d2c991-ab4a-4783-9e1d-d46607729b1e,41,1914.14,BookMyShow,Entertainment,"Ahmedabad, IN",device-mobile-041,2026-09-07T16:54:00.823367+00:00,APPROVED,0,None
6bfec282-c651-49c0-8466-24e2e3d939bf,10,5091.13,Vijay Sales,Electronics,"Mumbai, IN",device-laptop-010,2026-09-07T16:58:02.823367+00:00,APPROVED,0,None
39bad6e3-a322-4267-b87a-247dc9dd2420,13,6799.85,Ola,Travel,"Hyderabad, IN",device-mobile-013,2026-09-07T17:09:51.823367+00:00,APPROVED,0,None
5fedd44e-e1a3-4199-a52b-71fab61c6af0,43,464.02,Steam Games,Entertainment,"Pune, IN",device-mobile-043,2026-09-07T17:13:55.823367+00:00,APPROVED,0,None
beceed1e-a707-49ef-bddb-db0521c7fd28,48,2010.69,Dominos,Food & Dining,"Bengaluru, IN",device-mobile-048,2026-09-07T17:16:53.823367+00:00,APPROVED,0,None
5db077a0-6762-4750-996d-42c91546781f,7,504.09,Ola,Travel,"Mumbai, IN",device-mobile-007,2026-09-07T17:42:22.823367+00:00,APPROVED,0,None
29852dbe-5e11-40dc-ab97-9e9c24ba7995,33,1217.62,Spotify,Entertainment,"Kolkata, IN",device-mobile-033,2026-09-07T17:45:19.823367+00:00,APPROVED,0,None
a8abab1d-6ab7-4538-b10d-141792827faf,20,517.6,Airtel Bill,Utilities,"Pune, IN",device-mobile-020,2026-09-07T18:01:02.823367+00:00,APPROVED,0,None
53ca24b9-1a41-4b43-b3cd-1400f8456b54,34,2450.74,Ajio,Shopping,"Pune, IN",device-mobile-034,2026-09-07T18:14:26.823367+00:00,APPROVED,0,None
56bad5d2-67d1-49ee-9e29-8edfdffda3a9,39,1021.81,Ajio,Shopping,"Chennai, IN",device-mobile-039,2026-09-07T18:16:57.823367+00:00,APPROVED,0,None
28437465-340c-45a2-abf7-bca1395f8c75,46,1126.95,Flipkart,Shopping,"Delhi, IN",device-mobile-046,2026-09-07T18:21:12.823367+00:00,APPROVED,0,None
3b0f2d8c-cd6b-45fc-89f1-b0ee66bd4c8f,37,1875.86,Vijay Sales,Electronics,"Kolkata, IN",device-mobile-037,2026-09-07T18:31:08.823367+00:00,APPROVED,0,None
a3896a76-c919-4268-9ce8-ea8e676cbaef,38,147019.45,Reliance Digital,Electronics,"Hyderabad, IN",device-mobile-038,2026-09-07T18:39:55.823367+00:00,FLAGGED,1,HIGH_AMOUNT_SPIKE
e662638a-e772-44bd-bc3a-053af1f4fb76,23,918.74,Booking.com,Travel,"Hyderabad, IN",device-mobile-023,2026-09-07T19:08:14.823367+00:00,APPROVED,0,None
1275c4ea-7f90-4c80-80b8-d0eb382d5675,13,4238.25,Ajio,Shopping,"Hyderabad, IN",device-laptop-013,2026-09-07T19:12:56.823367+00:00,APPROVED,0,None
e1a061da-099c-4b99-a24f-9c14f3dcb0a0,9,3994.92,Samsung Store,Electronics,"Pune, IN",device-laptop-009,2026-09-07T19:15:41.823367+00:00,APPROVED,0,None
bcbe4b5b-40ad-44b5-974c-4d1a2970610e,6,1010.87,DMart,Groceries,"Hyderabad, IN",device-mobile-006,2026-09-07T19:17:20.823367+00:00,APPROVED,0,None
70e22f81-ef86-4a62-8069-4dad49e423ef,13,3287.07,Ajio,Shopping,"Hyderabad, IN",device-mobile-013,2026-09-07T19:24:29.823367+00:00,APPROVED,0,None
457fa88b-104f-4927-937a-bbab89ff85a4,21,2648.28,BigBasket,Groceries,"Kolkata, IN",device-mobile-021,2026-09-07T19:26:05.823367+00:00,APPROVED,0,None
9a7dba71-3b8d-41f0-98f4-d1b903edb36d,13,3063.39,Bescom,Utilities,"Hyderabad, IN",device-mobile-013,2026-09-07T19:40:34.823367+00:00,APPROVED,0,None
ac8353a7-7cf2-4333-a7bc-ab9989ad40c2,26,16297.85,Booking.com,Travel,"Dubai, AE",device-mobile-026,2026-09-07T19:53:05.823367+00:00,SUSPICIOUS,1,LOCATION_HOPPING
dfa9025b-5040-4b86-a456-e65da7efe434,19,1325.83,Zomato,Food & Dining,"Kolkata, IN",device-mobile-019,2026-09-07T20:09:08.823367+00:00,APPROVED,0,None
96b44f1c-9e0d-4b87-84a0-1e320a2cb0e9,24,1685.6,Netflix,Entertainment,"Bengaluru, IN",device-mobile-024,2026-09-07T20:09:23.823367+00:00,APPROVED,0,None
cdcf6ef4-0d46-4045-8112-f4b2c9f4ae6f,40,1606.51,Ajio,Shopping,"Ahmedabad, IN",device-mobile-040,2026-09-07T20:12:20.823367+00:00,APPROVED,0,None
72d8a22e-e4f2-4500-bed0-4bfdf957b012,30,239.64,Bescom,Utilities,"Ahmedabad, IN",device-mobile-030,2026-09-07T20:14:23.823367+00:00,APPROVED,0,None
bea0add8-f3de-428b-b888-82c8c5314a4f,11,153.78,Zara,Shopping,"Delhi, IN",device-mobile-011,2026-09-07T20:16:07.823367+00:00,APPROVED,0,None
ceeeb5ba-0617-441a-ade3-a18fa7e570b0,42,1052.56,IndiGo,Travel,"Delhi, IN",device-mobile-042,2026-09-07T20:37:00.823367+00:00,APPROVED,0,None
5596c42d-ec85-4098-b290-cb31a28e6b9e,17,1732.47,H&M,Shopping,"Mumbai, IN",device-mobile-017,2026-09-07T20:51:15.823367+00:00,APPROVED,0,None
be839cde-d7b6-43ea-a45d-9fdb115a633b,3,2549.78,Reliance Digital,Electronics,"Delhi, IN",device-mobile-003,2026-09-07T20:59:52.823367+00:00,APPROVED,0,None
1b648ff7-4415-43e3-894b-2b36f60e3132,33,265.15,Blinkit,Groceries,"Delhi, IN",device-mobile-033,2026-09-07T21:07:32.823367+00:00,APPROVED,0,None
34a0861b-f34e-484d-b03f-7082b2a3600c,47,869.35,PVR Cinemas,Entertainment,"Bengaluru, IN",device-mobile-047,2026-09-07T21:11:48.823367+00:00,APPROVED,0,None
c6b3def8-611a-4603-8b5d-c2d033b4ab2e,2,2389.34,BigBasket,Groceries,"Pune, IN",device-mobile-002,2026-09-07T21:13:19.823367+00:00,APPROVED,0,None
7b468823-7494-48b1-9331-4020c14456d0,47,1605.12,Adani Gas,Utilities,"Bengaluru, IN",device-mobile-047,2026-09-07T21:34:36.823367+00:00,APPROVED,0,None
cb57e30e-e541-4d61-8442-87000fb37dfa,50,1191.19,Reliance Digital,Electronics,"Kolkata, IN",device-mobile-050,2026-09-07T21:43:08.823367+00:00,APPROVED,0,None
60771344-811c-4f41-8790-7c10a02ee8e7,33,438.13,BookMyShow,Entertainment,"Kolkata, IN",device-mobile-033,2026-09-07T21:55:47.823367+00:00,APPROVED,0,None
1acc1358-6e89-422f-a514-3a8ca5c4f87d,43,20969.07,Amazon India,Shopping,"Pune, IN",device-mobile-043,2026-09-07T21:59:03.823367+00:00,SUSPICIOUS,1,RAPID_BURST
3c40670d-cadb-48d0-bd57-560ee2869701,31,4968.93,IndiGo,Travel,"Delhi, IN",device-mobile-031,2026-09-07T22:06:37.823367+00:00,APPROVED,0,None
7c85125c-4b35-4573-a9e7-57c4c9b5df55,45,799.47,Ajio,Shopping,"Kolkata, IN",device-mobile-045,2026-09-07T22:07:50.823367+00:00,APPROVED,0,None
2fbba077-bcc3-4037-9c94-45b9dff7b8b8,14,404.42,Spotify,Entertainment,"Chennai, IN",device-mobile-014,2026-09-07T22:12:52.823367+00:00,APPROVED,0,None
fa35a761-6d80-4e66-8c7e-7a92c23e028b,10,6687.67,Barbeque Nation,Food & Dining,"Mumbai, IN",device-mobile-010,2026-09-07T22:25:56.823367+00:00,APPROVED,0,None
828f84af-9425-4d60-b55c-ab5d58c9fc6f,38,1232.19,IndiGo,Travel,"Hyderabad, IN",device-mobile-038,2026-09-07T22:40:33.823367+00:00,APPROVED,0,None
d97ae0e4-dcb0-4e1e-ba59-b3a4300fec6b,19,2483.35,Flipkart,Shopping,"Kolkata, IN",device-mobile-019,2026-09-07T22:51:48.823367+00:00,APPROVED,0,None
ae43ef08-1301-41d1-adc1-3dc9c6d8efde,38,912.17,Ajio,Shopping,"Delhi, IN",device-mobile-038,2026-09-07T22:53:42.823367+00:00,APPROVED,0,None
cb878c76-9c2c-4b1b-b0e2-a4bf1bd58d13,12,3786.58,Instamart,Groceries,"Chennai, IN",device-mobile-012,2026-09-07T22:56:25.823367+00:00,APPROVED,0,None
f8ef5a2a-7e4b-4a26-b418-f82b99fcb230,45,767.71,Ajio,Shopping,"Kolkata, IN",device-mobile-045,2026-09-07T23:00:55.823367+00:00,APPROVED,0,None
8779ab7c-d336-4704-929b-383301c23e19,45,1509.12,Reliance Digital,Electronics,"Kolkata, IN",device-mobile-045,2026-09-07T23:02:13.823367+00:00,APPROVED,0,None
0327ea0d-71de-49b7-919b-b3fdab32a0fd,35,3514.09,Starbucks,Food & Dining,"Mumbai, IN",device-mobile-035,2026-09-07T23:10:41.823367+00:00,APPROVED,0,None
e6a6904c-c23c-42e4-9882-7cb4c8898695,16,946.42,Apple Store,Electronics,"Chennai, IN",device-laptop-016,2026-09-07T23:37:47.823367+00:00,APPROVED,0,None
19608edf-4ffa-401a-8e96-8a930322dbe1,47,1808.22,Vijay Sales,Electronics,"Bengaluru, IN",device-mobile-047,2026-09-07T23:42:45.823367+00:00,APPROVED,0,None
12624bcc-2e22-4de3-8974-ff384b9f959b,36,1942.02,BookMyShow,Entertainment,"Mumbai, IN",device-mobile-036,2026-09-07T23:45:57.823367+00:00,APPROVED,0,None
94c7d0e5-0c73-4c05-90fa-c2332a94ef26,29,1057.5,Zara,Shopping,"Pune, IN",device-mobile-029,2026-09-07T23:49:47.823367+00:00,APPROVED,0,None
f0bda98c-be71-42c5-86e8-8724e1a49984,45,1765.35,DMart,Groceries,"Kolkata, IN",device-mobile-045,2026-09-07T23:54:55.823367+00:00,APPROVED,0,None
99eecc01-08bb-411f-b037-e4a7198f97db,41,953.18,Nature's Basket,Groceries,"Chennai, IN",device-mobile-041,2026-09-08T00:28:13.823367+00:00,APPROVED,0,None
2aa2c0cc-ddf8-41f3-a4e4-5226a85a0075,29,2522.27,H&M,Shopping,"Pune, IN",device-laptop-029,2026-09-08T00:28:17.823367+00:00,APPROVED,0,None
431e9b25-41eb-40fa-a882-4dc0fee26515,23,1622.63,BigBasket,Groceries,"Hyderabad, IN",device-laptop-023,2026-09-08T00:34:49.823367+00:00,APPROVED,0,None
bce84589-1aec-4454-9414-1effc21293db,23,2372.35,Starbucks,Food & Dining,"Hyderabad, IN",device-laptop-023,2026-09-08T00:35:55.823367+00:00,APPROVED,0,None
95061e3e-b33e-411e-8f8d-47f3942da55a,22,1020.47,IndiGo,Travel,"Bengaluru, IN",device-mobile-022,2026-09-08T00:37:54.823367+00:00,APPROVED,0,None
60408c9d-a3fe-43de-9169-ca024e9790b7,18,1966.18,Tata Power,Utilities,"Bengaluru, IN",device-mobile-018,2026-09-08T01:06:03.823367+00:00,APPROVED,0,None
06583be3-86e6-4b84-a00e-f950a77feede,16,760.66,H&M,Shopping,"Chennai, IN",device-mobile-016,2026-09-08T01:21:46.823367+00:00,APPROVED,0,None
1c45d171-1d68-4c46-b40e-cf8c6a7bd5c5,48,4092.8,Netflix,Entertainment,"Bengaluru, IN",device-mobile-048,2026-09-08T01:27:44.823367+00:00,APPROVED,0,None
10c4cd1a-11d9-4ebc-9eca-2e9e1e7c332a,12,3205.17,Amazon India,Shopping,"Chennai, IN",device-mobile-012,2026-09-08T01:36:09.823367+00:00,APPROVED,0,None
9859be6d-4421-454a-980f-50d536c0e45d,35,2423.94,Bescom,Utilities,"Mumbai, IN",device-mobile-035,2026-09-08T01:58:31.823367+00:00,APPROVED,0,None
4519ce6c-7713-48ee-bb20-ad3dfd94bcfa,23,1486.4,PVR Cinemas,Entertainment,"Hyderabad, IN",device-mobile-023,2026-09-08T02:10:47.823367+00:00,APPROVED,0,None
5099dc6e-2e33-4e4d-996b-29c9b6b75767,7,697.77,Vijay Sales,Electronics,"Mumbai, IN",device-laptop-007,2026-09-08T02:11:06.823367+00:00,APPROVED,0,None
7b628927-903a-4baf-b90a-9b197f7f19c6,6,1752.38,BigBasket,Groceries,"Hyderabad, IN",device-mobile-006,2026-09-08T02:20:37.823367+00:00,APPROVED,0,None
4767e665-176c-4544-8e3a-4af93f87eb52,10,1738.14,Steam Games,Entertainment,"Mumbai, IN",device-laptop-010,2026-09-08T02:20:57.823367+00:00,APPROVED,0,None
05ad43b6-b105-4d04-b8c3-5fc52e51d054,18,2124.02,Spotify,Entertainment,"Bengaluru, IN",device-mobile-018,2026-09-08T02:25:45.823367+00:00,APPROVED,0,None
a3e60cab-1a0a-4954-bf37-5ad491eed97a,39,2813.57,Croma,Electronics,"Chennai, IN",device-mobile-039,2026-09-08T02:28:02.823367+00:00,APPROVED,0,None
fc45d133-e00b-4c8e-b1b2-8534896742c9,11,1420.57,Swiggy,Food & Dining,"Delhi, IN",device-mobile-011,2026-09-08T02:41:47.823367+00:00,APPROVED,0,None
3ac9eb1c-431e-48a9-a63d-7467ccad9c3b,20,4152.72,Tata Power,Utilities,"Pune, IN",device-mobile-020,2026-09-08T02:55:54.823367+00:00,APPROVED,0,None
c7649a1f-2d9e-4383-bc07-ce8a378e0c6f,3,2743.94,Ola,Travel,"Delhi, IN",device-laptop-003,2026-09-08T03:10:38.823367+00:00,APPROVED,0,None
963830d1-5e08-4956-839b-0f7f833e26be,22,534.96,Vijay Sales,Electronics,"Bengaluru, IN",device-mobile-022,2026-09-08T03:16:04.823367+00:00,APPROVED,0,None
fe99c385-43bc-4a51-8c6e-43becabfa6a7,12,1331.93,Zepto,Groceries,"Chennai, IN",device-mobile-012,2026-09-08T03:16:57.823367+00:00,APPROVED,0,None
b724b916-be56-4bb8-b4d4-76588bd204f8,23,83262.78,Apple Store,Electronics,"Ahmedabad, IN",device-emulator-root-3243,2026-09-08T03:42:20.823367+00:00,SUSPICIOUS,1,UNRECOGNIZED_DEVICE
e0cb97ac-8fde-4ac9-be88-ec2322beff18,33,262.26,Adani Gas,Utilities,"Kolkata, IN",device-mobile-033,2026-09-08T03:51:31.823367+00:00,APPROVED,0,None
d8f4c868-3823-4721-b00b-79cbca70c184,11,941.33,Spotify,Entertainment,"Delhi, IN",device-mobile-011,2026-09-08T04:07:12.823367+00:00,APPROVED,0,None
4f1b0668-d48b-422b-9d6f-3c8c64a3edaa,9,2576.05,PVR Cinemas,Entertainment,"Pune, IN",device-mobile-009,2026-09-08T04:24:03.823367+00:00,APPROVED,0,None
2ad0b8e1-33a9-488e-a7b1-5b18cc048655,27,1123.36,DMart,Groceries,"Chennai, IN",device-mobile-027,2026-09-08T04:29:46.823367+00:00,APPROVED,0,None
5bc42f1b-5a59-4dc4-9ee1-05fed5c32d30,2,9078.03,Zara,Shopping,"Pune, IN",device-mobile-002,2026-09-08T04:41:37.823367+00:00,APPROVED,0,None
427eefe0-b3b4-4d0e-94c7-caa0f64dfe84,20,2793.51,Vijay Sales,Electronics,"Pune, IN",device-mobile-020,2026-09-08T04:47:44.823367+00:00,APPROVED,0,None
2e968d30-9efe-4421-a85a-d907f723ce1d,45,2130.91,IRCTC,Travel,"Kolkata, IN",device-mobile-045,2026-09-08T05:05:14.823367+00:00,APPROVED,0,None
7fb707b9-8f8b-498e-b7ce-b2ccce03d5e1,47,728.31,Adani Gas,Utilities,"Bengaluru, IN",device-mobile-047,2026-09-08T05:18:38.823367+00:00,APPROVED,0,None
5b5a77b9-4632-4ea4-a7f9-6b4d31a63709,12,3047.96,Flipkart,Shopping,"Chennai, IN",device-mobile-012,2026-09-08T05:20:17.823367+00:00,APPROVED,0,None
b6844a84-245c-4a01-918e-10093a630ca3,6,1016.63,Netflix,Entertainment,"Hyderabad, IN",device-mobile-006,2026-09-08T05:46:35.823367+00:00,APPROVED,0,None
fb50cd2e-06ec-4653-acbc-3840e2409acc,10,4248.1,Swiggy,Food & Dining,"Mumbai, IN",device-mobile-010,2026-09-08T06:00:00.823367+00:00,APPROVED,0,None
bc00a305-0558-4d06-aaa7-19980406927e,39,1959.37,IndiGo,Travel,"Chennai, IN",device-mobile-039,2026-09-08T06:01:32.823367+00:00,APPROVED,0,None
ffc94471-b661-448a-b92a-212ab5d8bc61,42,1992.56,MakeMyTrip,Travel,"Delhi, IN",device-mobile-042,2026-09-08T06:14:03.823367+00:00,APPROVED,0,None
18680134-56cf-4e66-bc1a-b8db37a93a06,31,2486.73,Zara,Shopping,"Delhi, IN",device-mobile-031,2026-09-08T06:15:37.823367+00:00,APPROVED,0,None
d53e8664-8fff-47f9-8648-7e1b09ad1d87,48,920.37,Tata Power,Utilities,"Bengaluru, IN",device-mobile-048,2026-09-08T06:19:02.823367+00:00,APPROVED,0,None
e1929559-9f9e-406e-9ff1-54f0129a05fb,19,1378.24,H&M,Shopping,"Kolkata, IN",device-mobile-019,2026-09-08T06:19:11.823367+00:00,APPROVED,0,None
74c88185-da00-4a4d-b7ea-4b9ce4048419,5,1159.92,IRCTC,Travel,"Mumbai, IN",device-mobile-005,2026-09-08T06:32:44.823367+00:00,APPROVED,0,None
da8bb4a6-b681-44f5-92a8-2d471e5eed64,5,1992.42,BookMyShow,Entertainment,"Pune, IN",device-mobile-005,2026-09-08T06:38:12.823367+00:00,APPROVED,0,None
388a38b8-8a6b-4ecf-b977-fd811da67662,21,2295.03,Vijay Sales,Electronics,"Chennai, IN",device-mobile-021,2026-09-08T06:49:37.823367+00:00,APPROVED,0,None
eb21d9b9-0dc3-446b-b65d-09608430cbd1,33,1417.12,Blinkit,Groceries,"Kolkata, IN",device-mobile-033,2026-09-08T06:52:19.823367+00:00,APPROVED,0,None
9088b166-3395-4406-bbc3-1f15e812d616,41,788.85,Reliance Digital,Electronics,"Ahmedabad, IN",device-mobile-041,2026-09-08T07:06:38.823367+00:00,APPROVED,0,None
5a31a416-c471-4bac-8e5c-68b2a966912f,28,495.65,Bescom,Utilities,"Chennai, IN",device-mobile-028,2026-09-08T07:10:20.823367+00:00,APPROVED,0,None
e4062970-a055-44c8-ae2f-1d04aa8fb0da,4,6538.82,Zepto,Groceries,"Bengaluru, IN",device-mobile-004,2026-09-08T07:11:21.823367+00:00,APPROVED,0,None
4d75ed13-7efe-4c49-8d10-20ff99c30245,29,3483.64,Ola,Travel,"Pune, IN",device-mobile-029,2026-09-08T07:14:45.823367+00:00,APPROVED,0,None
74aa0a37-a090-4818-805d-da3e92d5fd5a,29,3427.77,Dominos,Food & Dining,"Pune, IN",device-mobile-029,2026-09-08T07:21:00.823367+00:00,APPROVED,0,None
983ad27d-64b8-49c7-894f-b7a9ab372838,2,5305.57,Flipkart,Shopping,"Pune, IN",device-mobile-002,2026-09-08T07:22:03.823367+00:00,APPROVED,0,None
1e9d0081-98b6-4441-aa87-f6e1cfeafdd1,2,2971.25,Vijay Sales,Electronics,"Pune, IN",device-mobile-002,2026-09-08T07:42:08.823367+00:00,APPROVED,0,None
cf08701a-3a72-4e8a-86ad-a93ee881e7d0,31,2849.17,Barbeque Nation,Food & Dining,"Delhi, IN",device-mobile-031,2026-09-08T08:05:55.823367+00:00,APPROVED,0,None
25b07fc4-097a-47bc-8c7d-c954018f39ba,8,2536.99,CaratLane,Luxury & Jewelry,"Kolkata, IN",device-mobile-008,2026-09-08T08:10:39.823367+00:00,APPROVED,0,None
35044838-b537-41af-adcf-ab770aa2f9ca,25,1645.66,Zomato,Food & Dining,"Bengaluru, IN",device-mobile-025,2026-09-08T08:20:40.823367+00:00,APPROVED,0,None
5a923bc4-d425-45e0-b96f-3881ced435b0,40,2213.19,McDonald's,Food & Dining,"Ahmedabad, IN",device-mobile-040,2026-09-08T08:22:05.823367+00:00,APPROVED,0,None
ba75201c-ba5c-4241-948b-b089f1d4fea4,49,2046.23,BigBasket,Groceries,"Delhi, IN",device-mobile-049,2026-09-08T08:28:27.823367+00:00,APPROVED,0,None
b4569a7e-2974-4682-a110-dad9aaec9e00,34,4548.15,Booking.com,Travel,"Hyderabad, IN",device-mobile-034,2026-09-08T08:31:00.823367+00:00,APPROVED,0,None
fc5e34f0-77af-4bdb-b0ee-fa912be515be,14,270.44,Samsung Store,Electronics,"Chennai, IN",device-mobile-014,2026-09-08T08:31:14.823367+00:00,APPROVED,0,None
4a9b0675-f384-4bdb-9bf1-ab8767961e5d,26,2779.05,H&M,Shopping,"Ahmedabad, IN",device-mobile-026,2026-09-08T08:39:16.823367+00:00,APPROVED,0,None
da94d43c-c675-47a5-bc51-7df61cb0c0eb,30,973.43,BigBasket,Groceries,"Mumbai, IN",device-mobile-030,2026-09-08T08:50:03.823367+00:00,APPROVED,0,None
85aaddad-6ca6-457c-8f1e-92d8015eb604,45,1522.34,Blinkit,Groceries,"Kolkata, IN",device-mobile-045,2026-09-08T08:54:34.823367+00:00,APPROVED,0,None
41b22b2a-5e18-4629-b590-1ec86ed72238,43,910.3,Reliance Digital,Electronics,"Pune, IN",device-mobile-043,2026-09-08T08:59:09.823367+00:00,APPROVED,0,None
b3429042-704f-4e41-b257-da3a9a1d5379,10,4717.81,H&M,Shopping,"Bengaluru, IN",device-mobile-010,2026-09-08T09:00:50.823367+00:00,APPROVED,0,None
6e513294-11fd-4404-b21e-7a4397025f62,25,8709.56,Barbeque Nation,Food & Dining,"Hyderabad, IN",device-mobile-025,2026-09-08T09:12:28.823367+00:00,APPROVED,0,None
92f093aa-349d-446d-866f-4f72c37f6040,17,2026.6,Adani Gas,Utilities,"Mumbai, IN",device-mobile-017,2026-09-08T09:18:12.823367+00:00,APPROVED,0,None
dc4b0a8f-4c9f-4015-af33-dd123e23a78e,7,786.27,PVR Cinemas,Entertainment,"Mumbai, IN",device-mobile-007,2026-09-08T09:20:57.823367+00:00,APPROVED,0,None
655c91a1-bc63-49f8-a769-07107813c6d9,32,1194.22,Dominos,Food & Dining,"Hyderabad, IN",device-mobile-032,2026-09-08T09:26:17.823367+00:00,APPROVED,0,None
f1908190-83d3-434b-8e71-6367c53bd594,48,1971.16,Spotify,Entertainment,"Bengaluru, IN",device-mobile-048,2026-09-08T09:28:21.823367+00:00,APPROVED,0,None
20e18ac5-a2d8-423a-a31c-ee5b71c06462,19,3099.45,Zara,Shopping,"Kolkata, IN",device-mobile-019,2026-09-08T09:33:17.823367+00:00,APPROVED,0,None
b81b1d94-2e14-4071-a696-bfa9db4d4283,11,1639.58,Vijay Sales,Electronics,"Delhi, IN",device-mobile-011,2026-09-08T09:35:00.823367+00:00,APPROVED,0,None
430ea209-717d-4f42-8b20-eb81e3445c47,31,2652.52,Samsung Store,Electronics,"Delhi, IN",device-mobile-031,2026-09-08T09:36:21.823367+00:00,APPROVED,0,None
aac176e0-303a-4326-9f3a-e45db0e25a99,1,829.94,Amazon India,Shopping,"Bengaluru, IN",device-mobile-001,2026-09-08T09:43:11.823367+00:00,APPROVED,0,None
261bd079-38bb-4a7d-83e1-bc62c8cba20b,11,1648.55,Airtel Bill,Utilities,"Delhi, IN",device-laptop-011,2026-09-08T09:55:06.823367+00:00,APPROVED,0,None
6a9d389e-1abb-4039-87d8-03ff5e4d02e5,32,1356.43,Uber,Travel,"Hyderabad, IN",device-mobile-032,2026-09-08T09:59:19.823367+00:00,APPROVED,0,None
3075eb27-2603-4113-8936-ce20bbed441e,41,777.46,Apple Store,Electronics,"Ahmedabad, IN",device-mobile-041,2026-09-08T10:01:12.823367+00:00,APPROVED,0,None
51122e9b-d884-40af-b499-4e7f1031099d,30,402.69,Croma,Electronics,"Bengaluru, IN",device-mobile-030,2026-09-08T10:02:56.823367+00:00,APPROVED,0,None
04199a6f-b578-467e-81d9-88e0bb8c5706,1,2463.59,Blinkit,Groceries,"Bengaluru, IN",device-mobile-001,2026-09-08T10:05:28.823367+00:00,APPROVED,0,None
a3efcda6-3e7c-46d6-967a-ce9361eb8e0f,48,1895.05,MakeMyTrip,Travel,"Bengaluru, IN",device-mobile-048,2026-09-08T10:08:46.823367+00:00,APPROVED,0,None
95544668-5e74-42a6-8f04-103cbefc1645,36,5433.06,BookMyShow,Entertainment,"Mumbai, IN",device-laptop-036,2026-09-08T10:29:17.823367+00:00,APPROVED,0,None
83db9f05-aea9-46e9-b1eb-eaba92fd7d64,38,1418.37,Flipkart,Shopping,"Hyderabad, IN",device-laptop-038,2026-09-08T10:39:45.823367+00:00,APPROVED,0,None
44de5d14-9029-42af-a97f-05bd8fbba6ee,46,1405.59,Dominos,Food & Dining,"Delhi, IN",device-mobile-046,2026-09-08T10:39:58.823367+00:00,APPROVED,0,None
42de4a23-02fc-47cf-aa85-67762b6d7aa4,42,4839.38,Dominos,Food & Dining,"Delhi, IN",device-mobile-042,2026-09-08T11:24:44.823367+00:00,APPROVED,0,None
373fa5fb-4d0c-4c88-9c90-deea4774d17a,21,3065.01,Croma,Electronics,"Chennai, IN",device-laptop-021,2026-09-08T11:40:51.823367+00:00,APPROVED,0,None
f1667e20-0dfd-4b82-a15b-61e729b51794,14,1450.72,Dominos,Food & Dining,"Ahmedabad, IN",device-mobile-014,2026-09-08T11:57:06.823367+00:00,APPROVED,0,None
fc3e94c7-d292-4ea2-90de-5da9d9af681c,31,1149.46,Nature's Basket,Groceries,"Delhi, IN",device-mobile-031,2026-09-08T11:58:33.823367+00:00,APPROVED,0,None
8f08d3ea-3a24-4abe-a29a-189959bfcd2f,40,1499.66,PVR Cinemas,Entertainment,"Ahmedabad, IN",device-mobile-040,2026-09-08T12:11:21.823367+00:00,APPROVED,0,None
bd7fe3ec-64ad-46fa-be0a-c1e81b1a975f,20,1871.88,Zara,Shopping,"Pune, IN",device-mobile-020,2026-09-08T12:15:40.823367+00:00,APPROVED,0,None
03d72cb0-7d22-4ae2-85f6-73e04e2d8088,32,2136.09,Flipkart,Shopping,"Hyderabad, IN",device-mobile-032,2026-09-08T12:16:30.823367+00:00,APPROVED,0,None
b3e2431d-3ab7-4940-8a18-89dfcda1f061,18,1530.35,Adani Gas,Utilities,"Bengaluru, IN",device-mobile-018,2026-09-08T12:27:46.823367+00:00,APPROVED,0,None
9157bfea-6712-4a12-b726-7df5fb1125d0,5,974.29,Ajio,Shopping,"Mumbai, IN",device-mobile-005,2026-09-08T12:39:25.823367+00:00,APPROVED,0,None
d3bb0259-d885-43b5-a93e-d554e9f2a726,37,1917.0,PVR Cinemas,Entertainment,"Kolkata, IN",device-mobile-037,2026-09-08T12:41:46.823367+00:00,APPROVED,0,None
c4fb6dc0-6ff9-474d-baf4-4b74be2e3cb8,8,2305.14,Amazon India,Shopping,"Kolkata, IN",device-mobile-008,2026-09-08T12:48:16.823367+00:00,APPROVED,0,None
c050bb32-11f6-4aed-b163-0636ea6f1960,15,1012.51,Netflix,Entertainment,"Kolkata, IN",device-mobile-015,2026-09-08T12:54:14.823367+00:00,APPROVED,0,None
c9d4b4a0-4b97-461c-a75e-e58d52b0481f,15,969.32,Swiggy,Food & Dining,"Kolkata, IN",device-mobile-015,2026-09-08T13:01:04.823367+00:00,APPROVED,0,None
fd0372d1-c9a8-4aa0-b250-a3e2bb6df2b2,4,1948.09,H&M,Shopping,"Bengaluru, IN",device-mobile-004,2026-09-08T13:02:00.823367+00:00,APPROVED,0,None
71e8f6ed-75cb-44b9-b584-fa956bfb1326,13,2042.95,Airtel Bill,Utilities,"Hyderabad, IN",device-laptop-013,2026-09-08T13:16:54.823367+00:00,APPROVED,0,None
08a095a7-e23e-4cbb-ac87-edca6d5f983c,42,6553.98,Tata Power,Utilities,"Delhi, IN",device-mobile-042,2026-09-08T13:19:49.823367+00:00,APPROVED,0,None
1ebefffa-6c0b-43e2-a75b-6f44c5a9160a,48,1311.21,Myntra,Shopping,"Bengaluru, IN",device-mobile-048,2026-09-08T13:32:38.823367+00:00,APPROVED,0,None
b0ba1a62-be81-4b77-824f-d7fd9fc55390,21,2651.49,Airtel Bill,Utilities,"Chennai, IN",device-mobile-021,2026-09-08T13:38:00.823367+00:00,APPROVED,0,None
f8a69e9b-84d9-4bff-ab99-553ae5c710a7,28,1223.95,Zara,Shopping,"Chennai, IN",device-mobile-028,2026-09-08T13:38:01.823367+00:00,APPROVED,0,None
4aad2728-b564-4934-965b-6d88c4ad0d47,26,4275.15,Barbeque Nation,Food & Dining,"Delhi, IN",device-mobile-026,2026-09-08T13:57:35.823367+00:00,APPROVED,0,None
9a7c4846-ce9a-4e16-90d5-89b014db217e,43,25871.85,MakeMyTrip,Travel,"Bucharest, RO",device-mobile-043,2026-09-08T14:02:10.823367+00:00,SUSPICIOUS,1,LOCATION_HOPPING
612d86c9-1081-41da-8ff6-6f2b12298ad3,12,3767.25,MakeMyTrip,Travel,"Chennai, IN",device-mobile-012,2026-09-08T14:10:06.823367+00:00,APPROVED,0,None
64e8931e-808e-44cd-ad92-2326087fd9bd,15,924.76,Ajio,Shopping,"Kolkata, IN",device-mobile-015,2026-09-08T14:12:08.823367+00:00,APPROVED,0,None
40e3b05f-b3db-4ab4-a551-60bee3f38990,28,33854.6,Apple Store,Electronics,"Kolkata, IN",device-emulator-root-1375,2026-09-08T14:12:50.823367+00:00,SUSPICIOUS,1,UNRECOGNIZED_DEVICE
806ee5d3-0945-4b26-8fd2-b0df4caa295a,15,643.18,H&M,Shopping,"Kolkata, IN",device-mobile-015,2026-09-08T14:23:03.823367+00:00,APPROVED,0,None
38787836-8cb8-44ab-8df8-a765afb4e1bf,41,507.04,Instamart,Groceries,"Ahmedabad, IN",device-mobile-041,2026-09-08T14:24:53.823367+00:00,APPROVED,0,None
0f35945d-9b3a-4000-8676-825d423f3695,18,2392.99,H&M,Shopping,"Bengaluru, IN",device-mobile-018,2026-09-08T14:41:22.823367+00:00,APPROVED,0,None
b3b8bb60-7764-4ade-8df1-b220470480eb,16,1524.24,Tata Power,Utilities,"Chennai, IN",device-mobile-016,2026-09-08T14:43:09.823367+00:00,APPROVED,0,None
96f27de5-ba0f-41ee-9e1c-91280c109625,36,4932.79,Bescom,Utilities,"Mumbai, IN",device-mobile-036,2026-09-08T15:06:07.823367+00:00,APPROVED,0,None
a377d4d1-d5e6-4b4a-beba-f8aee9e22561,40,3977.02,PVR Cinemas,Entertainment,"Pune, IN",device-mobile-040,2026-09-08T15:07:48.823367+00:00,APPROVED,0,None
2c75306e-036e-4b61-bce8-7be9e3556155,34,1740.58,Steam Games,Shopping,"Cayman Islands, KY",device-botnet-14,2026-09-08T15:10:09.823367+00:00,FLAGGED,1,FAILED_ATTEMPT_STUFFING
b49f306c-0636-45f0-950b-98abdba679a2,14,874.75,Swiggy,Food & Dining,"Chennai, IN",device-mobile-014,2026-09-08T15:17:56.823367+00:00,APPROVED,0,None
57e75957-e1a5-4c15-a6f9-e7e9218d3c01,28,9807.51,Nature's Basket,Groceries,"Chennai, IN",device-mobile-028,2026-09-08T15:21:42.823367+00:00,APPROVED,0,None
babe0f5d-c83e-443a-8422-54158953e4fe,37,2679.8,Spotify,Entertainment,"Kolkata, IN",device-mobile-037,2026-09-08T15:47:20.823367+00:00,APPROVED,0,None
9154c0b0-f344-4c23-aaf2-a5ec8ddf79a9,27,1291.47,Ola,Travel,"Chennai, IN",device-mobile-027,2026-09-08T15:52:48.823367+00:00,APPROVED,0,None
aceed75a-2cd7-48e6-bbc7-0704964ce280,36,5311.72,Steam Games,Entertainment,"Mumbai, IN",device-mobile-036,2026-09-08T15:57:16.823367+00:00,APPROVED,0,None
6b297bc0-1ab9-4dd0-85b8-a5b51170ebc9,29,1150.8,Vijay Sales,Electronics,"Pune, IN",device-mobile-029,2026-09-08T15:57:38.823367+00:00,APPROVED,0,None
5e3c1009-9a9e-4322-bf37-508c45c855ea,42,1744.54,Tata Power,Utilities,"Delhi, IN",device-mobile-042,2026-09-08T16:04:26.823367+00:00,APPROVED,0,None
50677754-801a-45b2-b736-9363bc096c0d,41,1520.88,H&M,Shopping,"Ahmedabad, IN",device-mobile-041,2026-09-08T16:06:37.823367+00:00,APPROVED,0,None
9645418c-0b10-439f-a452-85466143ff06,43,1277.39,BigBasket,Groceries,"Pune, IN",device-mobile-043,2026-09-08T16:09:53.823367+00:00,APPROVED,0,None
60450d0b-a6f2-44f0-bc9f-a0fa62bb1491,17,855.09,Uber,Travel,"Mumbai, IN",device-mobile-017,2026-09-08T16:13:46.823367+00:00,APPROVED,0,None
34cef92a-38f4-4909-81ad-4e74ee208c5e,39,1750.97,Nature's Basket,Groceries,"Delhi, IN",device-mobile-039,2026-09-08T16:23:10.823367+00:00,APPROVED,0,None
b18dac77-2986-4215-a167-c26e760b5ead,50,917.92,Myntra,Shopping,"Kolkata, IN",device-mobile-050,2026-09-08T16:25:20.823367+00:00,APPROVED,0,None
fab53833-1bb6-4f01-afa9-1b314183ad26,42,3020.92,Flipkart,Shopping,"Delhi, IN",device-mobile-042,2026-09-08T16:27:41.823367+00:00,APPROVED,0,None
2dd5ae93-ef44-48e6-9a6b-4cf28662b980,49,3165.48,Booking.com,Travel,"Delhi, IN",device-laptop-049,2026-09-08T16:37:00.823367+00:00,APPROVED,0,None
1c3e4cc3-8289-4176-abb5-82b44ecb8350,23,1441.05,BigBasket,Groceries,"Hyderabad, IN",device-laptop-023,2026-09-08T16:37:51.823367+00:00,APPROVED,0,None
391f4700-0b68-4488-8cc6-e7b6f356f6c5,2,6027.43,Apple Store,Electronics,"Pune, IN",device-mobile-002,2026-09-08T16:41:41.823367+00:00,APPROVED,0,None
fa7c047c-7bd4-4879-abd6-3144e812ba1a,39,5273.65,Ajio,Shopping,"Chennai, IN",device-mobile-039,2026-09-08T16:47:50.823367+00:00,APPROVED,0,None
2b837d56-e0c0-4668-98fe-67ba3667b374,1,80425.77,Apple Store,Electronics,"Delhi, IN",device-emulator-root-7861,2026-09-08T16:56:14.823367+00:00,SUSPICIOUS,1,UNRECOGNIZED_DEVICE
0ccc3d45-9f0d-4048-a9a4-619c03aef8cb,17,905.17,Reliance Digital,Electronics,"Mumbai, IN",device-mobile-017,2026-09-08T17:25:23.823367+00:00,APPROVED,0,None
9ab5e696-81bb-45fd-b50e-d38648545970,29,23765.36,Booking.com,Travel,"Moscow, RU",device-mobile-029,2026-09-08T17:34:32.823367+00:00,SUSPICIOUS,1,LOCATION_HOPPING
09135017-a94b-41f9-92ba-dbe9e64c2f34,50,480.8,Apple Store,Electronics,"Mumbai, IN",device-mobile-050,2026-09-08T17:49:22.823367+00:00,APPROVED,0,None
16042115-9960-4e52-aaac-f4ca315ec642,9,96724.77,Rolex Boutique,Luxury & Jewelry,"Pune, IN",device-mobile-009,2026-09-08T17:56:25.823367+00:00,FLAGGED,1,HIGH_AMOUNT_SPIKE
bd9ea998-606a-4ed0-a2b7-a7293946de3e,6,1395.7,IRCTC,Travel,"Hyderabad, IN",device-mobile-006,2026-09-08T18:18:54.823367+00:00,APPROVED,0,None
47026b12-2e88-450c-848a-73cdadc8741b,42,2593.84,Nature's Basket,Groceries,"Kolkata, IN",device-mobile-042,2026-09-08T18:45:31.823367+00:00,APPROVED,0,None
ffeb0f3d-1fb2-419b-a507-cea1d34f990b,7,882.76,Croma,Electronics,"Mumbai, IN",device-mobile-007,2026-09-08T19:10:43.823367+00:00,APPROVED,0,None
793a68a6-a332-4007-a17d-154b0182c69a,29,1806.69,McDonald's,Food & Dining,"Pune, IN",device-mobile-029,2026-09-08T19:16:23.823367+00:00,APPROVED,0,None
d330bda3-6b95-4ef2-bb96-b1f55496c724,46,1528.87,Croma,Electronics,"Delhi, IN",device-mobile-046,2026-09-08T19:25:09.823367+00:00,APPROVED,0,None
aba186fd-76e6-4072-96a1-ebc525e6b77b,49,6109.45,Adani Gas,Utilities,"Kolkata, IN",device-laptop-049,2026-09-08T19:25:58.823367+00:00,APPROVED,0,None
0476ad58-4afe-4066-89bc-5e7ba5f5ccb9,30,11677.22,MakeMyTrip,Travel,"Singapore, SG",device-mobile-030,2026-09-08T19:29:01.823367+00:00,SUSPICIOUS,1,LOCATION_HOPPING
c7562e4e-09d4-4583-a3cb-b25d09ad9b13,35,5267.43,Zepto,Groceries,"Mumbai, IN",device-mobile-035,2026-09-08T19:46:32.823367+00:00,APPROVED,0,None
e25c0799-0b11-44bd-adeb-5f5a08925ec5,32,967.89,Dominos,Food & Dining,"Hyderabad, IN",device-mobile-032,2026-09-08T19:48:59.823367+00:00,APPROVED,0,None
5c8ec9ca-b678-4eaf-ae5e-06bc00f5cd89,9,1812.93,Apple Store,Electronics,"Pune, IN",device-mobile-009,2026-09-08T20:03:17.823367+00:00,APPROVED,0,None
4b401945-8be8-4ae2-aa14-ab811058a823,30,1052.86,Jio Recharge,Utilities,"Bengaluru, IN",device-mobile-030,2026-09-08T20:17:43.823367+00:00,APPROVED,0,None
92641903-3542-4654-a683-f645ca975b6a,3,1188.57,DMart,Groceries,"Delhi, IN",device-mobile-003,2026-09-08T20:23:56.823367+00:00,APPROVED,0,None
75674c79-c9f5-4c7e-9f47-70fa2162dcab,38,651.87,IndiGo,Travel,"Hyderabad, IN",device-mobile-038,2026-09-08T20:34:16.823367+00:00,APPROVED,0,None
7c923f33-f731-4072-9509-b463ca1b6475,1,1522.46,Ajio,Shopping,"Bengaluru, IN",device-mobile-001,2026-09-08T20:38:01.823367+00:00,APPROVED,0,None
79b5407c-46be-45d4-ba45-dc89c0d7a5b9,45,1234.86,PVR Cinemas,Entertainment,"Chennai, IN",device-mobile-045,2026-09-08T20:51:11.823367+00:00,APPROVED,0,None
6da09938-a663-4a48-86f6-da0fbbb1d1b8,25,3915.54,McDonald's,Food & Dining,"Ahmedabad, IN",device-mobile-025,2026-09-08T21:11:21.823367+00:00,APPROVED,0,None
2f1b574d-ff43-4770-84a7-23a4e420ee38,4,4223.41,Flipkart,Shopping,"Bengaluru, IN",device-laptop-004,2026-09-08T21:26:37.823367+00:00,APPROVED,0,None
00b4d82c-1bbe-4dd1-a9d7-14b4e452c1f1,46,1404.66,DMart,Groceries,"Delhi, IN",device-laptop-046,2026-09-08T21:33:54.823367+00:00,APPROVED,0,None
3801a568-ffa0-48bd-907c-e1c4b239ef6a,31,7331.29,Zepto,Groceries,"Delhi, IN",device-laptop-031,2026-09-08T21:39:28.823367+00:00,APPROVED,0,None
ed219c42-a52b-43a2-9c89-3dfdb9dd7b72,33,1580.46,Netflix,Entertainment,"Kolkata, IN",device-mobile-033,2026-09-08T21:42:16.823367+00:00,APPROVED,0,None
b469bf04-b6b0-446c-85e7-efd4b867a3e7,44,2711.56,Samsung Store,Electronics,"Bengaluru, IN",device-mobile-044,2026-09-08T21:45:07.823367+00:00,APPROVED,0,None
93f81ec0-236f-42e6-b910-8608b58a78bf,12,2921.3,Apple Store,Electronics,"Chennai, IN",device-mobile-012,2026-09-08T22:22:27.823367+00:00,APPROVED,0,None
775927ff-5bff-4339-89e2-86ebf4857a38,13,2224.46,Croma,Electronics,"Hyderabad, IN",device-mobile-013,2026-09-08T22:28:11.823367+00:00,APPROVED,0,None
acef4acf-8569-4d6c-b040-8d94daee643a,14,1881.61,Netflix,Entertainment,"Chennai, IN",device-mobile-014,2026-09-08T22:36:16.823367+00:00,APPROVED,0,None
d6ba27c6-f4ef-47af-a32f-31feef615004,36,1642.43,Adani Gas,Utilities,"Mumbai, IN",device-mobile-036,2026-09-08T22:43:50.823367+00:00,APPROVED,0,None
371ca2c1-88a9-45cf-8a75-14f4a4b349c6,19,975.61,Amazon India,Shopping,"Ahmedabad, IN",device-mobile-019,2026-09-08T22:56:35.823367+00:00,APPROVED,0,None
85ecd4fc-3fff-4312-b17f-3979190787f8,3,2429.12,Nature's Basket,Groceries,"Delhi, IN",device-mobile-003,2026-09-08T23:02:07.823367+00:00,APPROVED,0,None
7fce8d36-dbe8-4266-b73f-5e14a6638f08,15,999.91,Blinkit,Groceries,"Kolkata, IN",device-mobile-015,2026-09-08T23:16:20.823367+00:00,APPROVED,0,None
def9b9e3-b73e-4ef4-8c3d-7a923e927d23,49,212524.51,CaratLane,Luxury & Jewelry,"Delhi, IN",device-mobile-049,2026-09-08T23:23:57.823367+00:00,FLAGGED,1,HIGH_AMOUNT_SPIKE
7e90821a-be97-464c-af37-445fe0eba5fe,2,3234.26,IndiGo,Travel,"Pune, IN",device-mobile-002,2026-09-08T23:30:31.823367+00:00,APPROVED,0,None
faa27686-2035-4d75-860a-ee93c9a6ba1b,47,2099.46,Ajio,Shopping,"Chennai, IN",device-mobile-047,2026-09-08T23:38:18.823367+00:00,APPROVED,0,None
e1b3e9eb-ed0e-472f-8097-8515c476aca6,23,1445.32,Spotify,Entertainment,"Hyderabad, IN",device-mobile-023,2026-09-08T23:45:58.823367+00:00,APPROVED,0,None
3efe2962-4145-4ddd-b414-e2f12b2ba891,37,1986.6,Apple Store,Electronics,"Kolkata, IN",device-mobile-037,2026-09-08T23:47:31.823367+00:00,APPROVED,0,None
d2d03ebc-9b44-4ba4-9d5b-311c77ef2efb,7,4781.52,Steam Games,Shopping,"Lagos, NG",device-botnet-49,2026-09-08T23:51:07.823367+00:00,FLAGGED,1,FAILED_ATTEMPT_STUFFING
4edcdee4-ca5f-4860-9f96-599880b33890,23,1246.73,IRCTC,Travel,"Hyderabad, IN",device-mobile-023,2026-09-08T23:53:24.823367+00:00,APPROVED,0,None
afdb5498-4e20-4c4e-a49e-9f0ff0be7e11,26,1605.89,Zepto,Groceries,"Ahmedabad, IN",device-laptop-026,2026-09-09T00:29:37.823367+00:00,APPROVED,0,None
4f9e1d4c-1dc6-4f3b-acc6-ac56babd93e1,48,2446.92,H&M,Shopping,"Bengaluru, IN",device-mobile-048,2026-09-09T00:33:58.823367+00:00,APPROVED,0,None
a5e4bb47-0a51-423e-a029-4916e148e4c0,36,2977.68,Ajio,Shopping,"Mumbai, IN",device-laptop-036,2026-09-09T00:36:47.823367+00:00,APPROVED,0,None
57028ab1-2f3b-45d8-9342-abebe77b7a59,21,848.47,Blinkit,Groceries,"Chennai, IN",device-mobile-021,2026-09-09T00:49:30.823367+00:00,APPROVED,0,None
e020058d-5399-4b96-99ea-b332dca1a7b4,27,1080.13,BookMyShow,Entertainment,"Chennai, IN",device-mobile-027,2026-09-09T00:49:53.823367+00:00,APPROVED,0,None
5ef1fc7d-c481-4cef-8330-79da3f6e9dc6,42,3106.46,CaratLane,Luxury & Jewelry,"Delhi, IN",device-mobile-042,2026-09-09T00:55:18.823367+00:00,APPROVED,0,None
94c6338c-e938-4cf8-9383-8cff329a53ea,14,1284.25,Spotify,Entertainment,"Chennai, IN",device-mobile-014,2026-09-09T01:06:06.823367+00:00,APPROVED,0,None
f169f141-fca7-4b58-ab1b-a277559525f5,19,1752.46,BookMyShow,Entertainment,"Kolkata, IN",device-mobile-019,2026-09-09T01:07:26.823367+00:00,APPROVED,0,None
57581d2e-3ad7-4df7-9b20-185f41264ff2,18,1221.59,Bescom,Utilities,"Bengaluru, IN",device-mobile-018,2026-09-09T01:10:13.823367+00:00,APPROVED,0,None
96ebe3cf-be14-4609-89dc-28ae4ce8a6f3,48,983.49,Vijay Sales,Electronics,"Bengaluru, IN",device-mobile-048,2026-09-09T01:11:22.823367+00:00,APPROVED,0,None
21d3a96d-bfb9-41ac-8d2a-58bc35f12399,6,3232.64,Netflix,Entertainment,"Hyderabad, IN",device-mobile-006,2026-09-09T01:22:46.823367+00:00,APPROVED,0,None
02a534c2-e832-4658-9f2f-f326b5644b87,7,1232.25,Samsung Store,Electronics,"Mumbai, IN",device-mobile-007,2026-09-09T01:47:21.823367+00:00,APPROVED,0,None
a2885a97-d9a3-4f7f-a949-a946b5cb027e,37,2265.29,H&M,Shopping,"Kolkata, IN",device-mobile-037,2026-09-09T01:47:45.823367+00:00,APPROVED,0,None
336ef9ed-3a13-4c82-b058-599155c7bd9d,13,3386.16,Ajio,Shopping,"Hyderabad, IN",device-mobile-013,2026-09-09T01:57:55.823367+00:00,APPROVED,0,None
e82316d2-aa9f-4269-8733-2aa87f9a1bcb,40,2914.44,Swiggy,Food & Dining,"Ahmedabad, IN",device-mobile-040,2026-09-09T02:18:46.823367+00:00,APPROVED,0,None
d7124a2d-9a59-4fcc-9056-5a34f095ae1a,18,1214.72,Amazon India,Shopping,"Bengaluru, IN",device-laptop-018,2026-09-09T02:51:14.823367+00:00,APPROVED,0,None
e338d929-e6d2-4477-a0ed-f482a6c83d59,26,2388.68,Flipkart,Shopping,"Ahmedabad, IN",device-laptop-026,2026-09-09T02:53:17.823367+00:00,APPROVED,0,None
7d366b1d-9a4a-4f52-b589-a4bf3a410a7d,41,1018.01,Uber,Travel,"Ahmedabad, IN",device-mobile-041,2026-09-09T03:06:36.823367+00:00,APPROVED,0,None
04881d5c-b154-41e8-aecc-6fa811f0af61,40,2702.76,Ajio,Shopping,"Ahmedabad, IN",device-mobile-040,2026-09-09T03:15:07.823367+00:00,APPROVED,0,None
910d0b85-055b-45b7-a6da-878838f0d865,21,2041.75,Vijay Sales,Electronics,"Chennai, IN",device-mobile-021,2026-09-09T03:24:05.823367+00:00,APPROVED,0,None
3a5c45ba-92a6-421b-9517-e07f6ff73305,44,4691.75,Samsung Store,Electronics,"Kolkata, IN",device-mobile-044,2026-09-09T03:24:17.823367+00:00,APPROVED,0,None
cbf0a0d7-613f-4889-9730-8e3196d5573f,39,5763.0,Amazon India,Shopping,"Chennai, IN",device-mobile-039,2026-09-09T03:24:37.823367+00:00,APPROVED,0,None
2f75c41e-0e84-4f21-a84b-138c69e41c91,17,1247.64,MakeMyTrip,Travel,"Mumbai, IN",device-mobile-017,2026-09-09T03:26:33.823367+00:00,APPROVED,0,None
3d66b21b-6acd-40c1-87d1-14abd4030231,5,1579.27,Vijay Sales,Electronics,"Mumbai, IN",device-mobile-005,2026-09-09T03:47:43.823367+00:00,APPROVED,0,None
3ae95849-2873-4d28-aff9-cd903fc187ed,34,1924.56,Tata Power,Utilities,"Hyderabad, IN",device-mobile-034,2026-09-09T03:49:07.823367+00:00,APPROVED,0,None
c97ce1b7-458f-4116-83af-5f8a063b694e,18,1633.6,Tata Power,Utilities,"Bengaluru, IN",device-mobile-018,2026-09-09T04:13:43.823367+00:00,APPROVED,0,None
ef14d840-ebf4-48ff-8c10-9e4493bce25d,48,2229.62,Vijay Sales,Electronics,"Bengaluru, IN",device-mobile-048,2026-09-09T04:16:11.823367+00:00,APPROVED,0,None
2f31c241-c7d7-4e75-8061-6d8e1c6f6e91,10,1560.0,BookMyShow,Entertainment,"Mumbai, IN",device-mobile-010,2026-09-09T04:18:54.823367+00:00,APPROVED,0,None
c0e535e1-6f20-48e9-bb32-d6dd4402c1f8,50,2680.53,Adani Gas,Utilities,"Kolkata, IN",device-laptop-050,2026-09-09T04:30:26.823367+00:00,APPROVED,0,None
52e22cc1-8019-4117-9c2a-f3971ef5881a,48,1125.32,Zara,Shopping,"Bengaluru, IN",device-mobile-048,2026-09-09T04:36:28.823367+00:00,APPROVED,0,None
4d07907d-4d13-4595-8b41-9fb1ad789428,30,1230.96,Nature's Basket,Groceries,"Bengaluru, IN",device-laptop-030,2026-09-09T04:37:51.823367+00:00,APPROVED,0,None
3c8622b6-f0fd-4084-9f99-146313ad2e0b,17,1695.54,Adani Gas,Utilities,"Mumbai, IN",device-mobile-017,2026-09-09T04:44:21.823367+00:00,APPROVED,0,None
ba720537-4284-43da-bb70-0cb7a2d927a5,22,316.83,IRCTC,Travel,"Bengaluru, IN",device-mobile-022,2026-09-09T04:45:36.823367+00:00,APPROVED,0,None
9872d25a-cf51-41f4-9d11-e8283f59a9ad,7,355.6,Tata Power,Utilities,"Mumbai, IN",device-laptop-007,2026-09-09T04:50:25.823367+00:00,APPROVED,0,None
db5b3199-ce6d-4fc0-b809-e42092002349,7,644.41,Zomato,Food & Dining,"Mumbai, IN",device-mobile-007,2026-09-09T04:51:32.823367+00:00,APPROVED,0,None
49659a16-e6ce-43ce-b267-213724bab0a5,45,1077.28,IRCTC,Travel,"Kolkata, IN",device-mobile-045,2026-09-09T04:54:04.823367+00:00,APPROVED,0,None
d30e40fe-ce2c-4ba8-9291-ca25e93d015e,50,932.48,Instamart,Groceries,"Kolkata, IN",device-mobile-050,2026-09-09T04:57:25.823367+00:00,APPROVED,0,None
78773437-3ab9-4797-b351-cdb611c7abb2,11,586.47,Samsung Store,Electronics,"Delhi, IN",device-mobile-011,2026-09-09T05:02:24.823367+00:00,APPROVED,0,None
f3939b08-32e9-43a3-83be-8b2d91a88776,19,1768.16,Rolex Boutique,Luxury & Jewelry,"Kolkata, IN",device-mobile-019,2026-09-09T05:26:01.823367+00:00,APPROVED,0,None
c18c65ec-7e88-4074-bedb-06bdf6253fa9,45,1290.76,Nature's Basket,Groceries,"Kolkata, IN",device-mobile-045,2026-09-09T05:42:39.823367+00:00,APPROVED,0,None
aa3dc6de-5c72-41d3-b82d-184a97e7f1ee,31,2436.99,Instamart,Groceries,"Delhi, IN",device-mobile-031,2026-09-09T05:45:37.823367+00:00,APPROVED,0,None
c98308f1-d117-4906-a03a-dae4b9f3b053,50,11376.35,Amazon India,Shopping,"Kolkata, IN",device-mobile-050,2026-09-09T05:49:06.823367+00:00,SUSPICIOUS,1,RAPID_BURST
f476e886-6379-4969-81e3-98550982140d,6,856.06,Steam Games,Entertainment,"Hyderabad, IN",device-mobile-006,2026-09-09T05:54:24.823367+00:00,APPROVED,0,None
0d9432bc-4c04-43e2-b99b-8ac3f8ce858f,36,2550.69,Spotify,Entertainment,"Mumbai, IN",device-mobile-036,2026-09-09T05:58:07.823367+00:00,APPROVED,0,None
598d75be-de47-4b26-a95f-39c3ba24309b,41,1384.59,H&M,Shopping,"Ahmedabad, IN",device-mobile-041,2026-09-09T06:16:04.823367+00:00,APPROVED,0,None
8154d06d-6ed8-4b75-b2e0-05285739471e,8,8752.17,Apple Store,Electronics,"Kolkata, IN",device-mobile-008,2026-09-09T06:24:59.823367+00:00,APPROVED,0,None
2624d0bd-e240-438c-af2b-b7001c3efdee,43,394.96,BigBasket,Groceries,"Pune, IN",device-laptop-043,2026-09-09T06:26:09.823367+00:00,APPROVED,0,None
ae85b431-22d6-4d38-98ea-b17070592136,14,2712.4,Airtel Bill,Utilities,"Chennai, IN",device-mobile-014,2026-09-09T06:43:35.823367+00:00,APPROVED,0,None
d3ffaa7e-5440-4ad7-baad-1f025c0db961,32,729.51,Starbucks,Food & Dining,"Hyderabad, IN",device-mobile-032,2026-09-09T06:50:06.823367+00:00,APPROVED,0,None
2c168f6a-09ba-4e36-80e2-4c858fa42319,8,1971.85,BigBasket,Groceries,"Kolkata, IN",device-mobile-008,2026-09-09T06:52:29.823367+00:00,APPROVED,0,None
560ec62d-96c5-4275-b495-51d36d05f451,47,1279.62,Reliance Digital,Electronics,"Bengaluru, IN",device-mobile-047,2026-09-09T07:08:23.823367+00:00,APPROVED,0,None
ae2dab5d-ddd4-40fc-ae49-44e4f9c8a82b,36,3713.15,BigBasket,Groceries,"Mumbai, IN",device-mobile-036,2026-09-09T07:21:21.823367+00:00,APPROVED,0,None
3374acf9-6e05-4bce-bba1-8a9091f5c94d,11,986.12,BookMyShow,Entertainment,"Delhi, IN",device-mobile-011,2026-09-09T07:39:20.823367+00:00,APPROVED,0,None
317963b1-9409-4a6c-8711-1f925aa3538d,26,5147.51,Croma,Electronics,"Ahmedabad, IN",device-mobile-026,2026-09-09T07:48:29.823367+00:00,APPROVED,0,None
f4674bf8-b4da-406a-8b0c-ed85975e70e5,40,4927.66,Starbucks,Food & Dining,"Ahmedabad, IN",device-mobile-040,2026-09-09T07:48:44.823367+00:00,APPROVED,0,None
98a82593-d212-4b69-9ba2-03e045dda3e4,10,2637.68,Tiffany & Co,Luxury & Jewelry,"Mumbai, IN",device-mobile-010,2026-09-09T07:52:47.823367+00:00,APPROVED,0,None
dffeb34f-5ce8-4a9b-b796-77a9e8cdd72e,37,1126.92,McDonald's,Food & Dining,"Kolkata, IN",device-mobile-037,2026-09-09T08:10:51.823367+00:00,APPROVED,0,None
6c59a756-a382-4ccc-aea6-f8ad9287c4ae,48,1921.32,Dominos,Food & Dining,"Bengaluru, IN",device-mobile-048,2026-09-09T08:17:16.823367+00:00,APPROVED,0,None
8f5cb7ab-3cba-4cf2-9623-922d39764de3,16,999.82,PVR Cinemas,Entertainment,"Chennai, IN",device-mobile-016,2026-09-09T08:17:23.823367+00:00,APPROVED,0,None
edabcf23-d4fd-464f-aea2-257a7e9fa4f7,13,2193.61,Flipkart,Shopping,"Hyderabad, IN",device-mobile-013,2026-09-09T08:20:12.823367+00:00,APPROVED,0,None
053ba31e-4d41-4b35-be4a-9a3340867acf,12,3347.17,Flipkart,Shopping,"Chennai, IN",device-mobile-012,2026-09-09T08:41:13.823367+00:00,APPROVED,0,None
bdc51808-b3ed-419c-95f1-546e9c1a88df,19,1775.42,Swiggy,Food & Dining,"Kolkata, IN",device-mobile-019,2026-09-09T08:47:21.823367+00:00,APPROVED,0,None
4fe1b0e0-3216-4883-a531-657bfa217705,26,2238.25,Ajio,Shopping,"Ahmedabad, IN",device-mobile-026,2026-09-09T08:47:33.823367+00:00,APPROVED,0,None
973dfa73-ba42-4af2-bbdf-ce8be58e5bea,22,1167.77,Spotify,Entertainment,"Chennai, IN",device-mobile-022,2026-09-09T08:58:16.823367+00:00,APPROVED,0,None
26607ebd-1bb5-42bb-b33c-b28543e48d93,7,1250.76,Zomato,Food & Dining,"Mumbai, IN",device-mobile-007,2026-09-09T09:39:04.823367+00:00,APPROVED,0,None
ae13361a-359c-452d-815e-ec1c40028203,7,346.69,Adani Gas,Utilities,"Kolkata, IN",device-mobile-007,2026-09-09T09:48:34.823367+00:00,APPROVED,0,None
cf6d5ad6-f737-482e-8eb5-896b7b1f80b9,28,1433.96,Starbucks,Food & Dining,"Chennai, IN",device-mobile-028,2026-09-09T09:52:38.823367+00:00,APPROVED,0,None
b9f23acf-ae77-4e76-8c10-4da4f1794679,6,819.18,Zara,Shopping,"Hyderabad, IN",device-mobile-006,2026-09-09T10:03:24.823367+00:00,APPROVED,0,None
d1d7fd20-d90a-4acd-b49d-1e80df959e52,47,1578.49,Dominos,Food & Dining,"Hyderabad, IN",device-mobile-047,2026-09-09T10:05:27.823367+00:00,APPROVED,0,None
e22baed8-ec92-4bc1-ad4a-57966e2a8ff8,8,3125.94,Ajio,Shopping,"Kolkata, IN",device-mobile-008,2026-09-09T10:12:40.823367+00:00,APPROVED,0,None
392987aa-7079-420c-9932-52c746075ae9,20,3649.45,Zara,Shopping,"Pune, IN",device-mobile-020,2026-09-09T10:13:14.823367+00:00,APPROVED,0,None
e3daed51-05d5-49a8-81c3-7ace52f55f82,1,960.39,Adani Gas,Utilities,"Bengaluru, IN",device-mobile-001,2026-09-09T10:17:09.823367+00:00,APPROVED,0,None
f645ad65-798d-4e54-96e5-0c66729654d3,33,913.88,Zomato,Food & Dining,"Kolkata, IN",device-mobile-033,2026-09-09T10:21:55.823367+00:00,APPROVED,0,None
fe76f23e-587e-4e13-8b81-f9637cd7dd0d,37,1380.25,Blinkit,Groceries,"Kolkata, IN",device-mobile-037,2026-09-09T10:24:57.823367+00:00,APPROVED,0,None
33897026-9d14-4a5c-9dad-bf775bf5ab38,22,1664.07,Samsung Store,Electronics,"Bengaluru, IN",device-mobile-022,2026-09-09T10:33:34.823367+00:00,APPROVED,0,None
e8aaa982-d240-4318-b067-a475d908ee59,5,600.35,Spotify,Entertainment,"Ahmedabad, IN",device-mobile-005,2026-09-09T10:39:37.823367+00:00,APPROVED,0,None
e8e5de5c-2e6d-4b79-97fa-e0fcc5ca3ce4,25,923.81,Vijay Sales,Electronics,"Bengaluru, IN",device-mobile-025,2026-09-09T10:47:51.823367+00:00,APPROVED,0,None
aac6d85b-77e5-49d0-a2b1-eb7df722a0e1,32,1197.59,Tata Power,Utilities,"Hyderabad, IN",device-mobile-032,2026-09-09T10:48:15.823367+00:00,APPROVED,0,None
71d18ef3-60c6-4251-a0ab-852aa95a9e7c,47,1326.12,Dominos,Food & Dining,"Chennai, IN",device-laptop-047,2026-09-09T10:55:17.823367+00:00,APPROVED,0,None
8d5c8c80-ebb1-4fe5-9dc1-e492c3f09f9c,17,2388.94,Uber,Travel,"Mumbai, IN",device-mobile-017,2026-09-09T11:02:50.823367+00:00,APPROVED,0,None
fba3ceff-e171-49a2-885c-44ce571b91af,11,927.81,H&M,Shopping,"Delhi, IN",device-mobile-011,2026-09-09T12:05:31.823367+00:00,APPROVED,0,None
5d7b7abd-98cc-4109-b24c-bc3c0f569f2e,44,8136.25,Airtel Bill,Utilities,"Kolkata, IN",device-laptop-044,2026-09-09T12:06:23.823367+00:00,APPROVED,0,None
21c9c723-551a-49e0-a3c0-ab2726e8505c,30,1338.39,Steam Games,Entertainment,"Bengaluru, IN",device-mobile-030,2026-09-09T12:15:18.823367+00:00,APPROVED,0,None
e15ec8e4-fea5-44f9-a1bb-d24d0d7fbdc4,4,1542.39,Steam Games,Shopping,"Singapore, SG",device-botnet-40,2026-09-09T12:16:15.823367+00:00,FLAGGED,1,FAILED_ATTEMPT_STUFFING
5182981c-f2d8-4be4-bc99-cbfb16fb686a,19,1996.74,Reliance Digital,Electronics,"Kolkata, IN",device-mobile-019,2026-09-09T12:24:27.823367+00:00,APPROVED,0,None
b4e30bce-51c1-4f1d-bfc7-ea9e9678e7ec,5,742.51,Steam Games,Entertainment,"Mumbai, IN",device-mobile-005,2026-09-09T12:45:36.823367+00:00,APPROVED,0,None
6dbc2803-4a93-498b-9d81-5a2e3ece7a82,6,505.53,Netflix,Entertainment,"Hyderabad, IN",device-mobile-006,2026-09-09T13:09:05.823367+00:00,APPROVED,0,None
d58c11c8-1f78-4af7-81da-de937d8bab99,42,3363.0,Tiffany & Co,Luxury & Jewelry,"Delhi, IN",device-mobile-042,2026-09-09T13:12:18.823367+00:00,APPROVED,0,None
f990108c-235c-4419-a2f1-cc6748eb72ad,12,1842.64,Myntra,Shopping,"Chennai, IN",device-mobile-012,2026-09-09T13:23:48.823367+00:00,APPROVED,0,None
ed5d81da-e993-4498-bafb-76243fbbca12,7,526.75,Zara,Shopping,"Mumbai, IN",device-mobile-007,2026-09-09T13:41:18.823367+00:00,APPROVED,0,None
d700a955-c03a-4d5c-8cf8-eba5ba33400a,47,1923.87,Adani Gas,Utilities,"Bengaluru, IN",device-mobile-047,2026-09-09T13:43:44.823367+00:00,APPROVED,0,None
9e40a8de-4f7f-42d1-abba-71abde480acf,9,30230.54,Apple Store,Electronics,"Pune, IN",device-emulator-root-4809,2026-09-09T13:56:39.823367+00:00,SUSPICIOUS,1,UNRECOGNIZED_DEVICE
58aa0598-1744-4ff6-85ba-cbf99b440b3a,25,1657.37,Uber,Travel,"Bengaluru, IN",device-mobile-025,2026-09-09T14:03:40.823367+00:00,APPROVED,0,None
854024bc-063e-40d4-8fdb-fd4511d51253,8,4158.76,Flipkart,Shopping,"Kolkata, IN",device-mobile-008,2026-09-09T14:23:11.823367+00:00,APPROVED,0,None
83a55484-d534-439d-bbac-3312ac89b751,16,1108.79,Croma,Electronics,"Chennai, IN",device-mobile-016,2026-09-09T14:30:37.823367+00:00,APPROVED,0,None
15f73a3c-118b-4dd0-a507-04d46fb7aeba,44,5189.45,Booking.com,Travel,"Kolkata, IN",device-mobile-044,2026-09-09T14:36:34.823367+00:00,APPROVED,0,None
227ef0ff-7bf9-432e-96d1-5c1af0131f05,50,526.69,Blinkit,Groceries,"Kolkata, IN",device-mobile-050,2026-09-09T14:47:47.823367+00:00,APPROVED,0,None
7afdf13a-c0b5-4931-89af-43f679037595,3,2929.96,Adani Gas,Utilities,"Delhi, IN",device-mobile-003,2026-09-09T14:55:54.823367+00:00,APPROVED,0,None
0db81b95-3c0b-4773-9bfd-442efbcf5963,39,2289.03,Booking.com,Travel,"Chennai, IN",device-mobile-039,2026-09-09T15:03:55.823367+00:00,APPROVED,0,None
74a689dc-7be9-4947-bc73-63c33eba1522,19,2839.52,Croma,Electronics,"Kolkata, IN",device-mobile-019,2026-09-09T15:07:22.823367+00:00,APPROVED,0,None
27d2f36f-788c-42d4-b3ef-87c75398f7ec,45,692.14,Netflix,Entertainment,"Kolkata, IN",device-mobile-045,2026-09-09T15:08:13.823367+00:00,APPROVED,0,None
d03e85a6-6885-4528-98f9-ab22ba3e89ba,2,8335.75,Amazon India,Shopping,"Pune, IN",device-mobile-002,2026-09-09T15:12:42.823367+00:00,SUSPICIOUS,1,RAPID_BURST
4e3ec951-81cb-4a0e-9822-5f649a5ddbec,16,1707.07,Uber,Travel,"Chennai, IN",device-mobile-016,2026-09-09T15:17:44.823367+00:00,APPROVED,0,None
652fd462-4a55-45f8-be73-c824370522e8,46,2041.05,H&M,Shopping,"Delhi, IN",device-laptop-046,2026-09-09T15:22:19.823367+00:00,APPROVED,0,None
67b7c391-6479-4072-a1e4-636ff735bcc7,30,37084.87,H&M,Shopping,"Bucharest, RO",device-mobile-030,2026-09-09T15:23:55.823367+00:00,SUSPICIOUS,1,LOCATION_HOPPING
705a3864-5d00-4633-8dac-67410118dc7e,40,2611.35,Zomato,Food & Dining,"Ahmedabad, IN",device-mobile-040,2026-09-09T15:30:38.823367+00:00,APPROVED,0,None
69378cd7-bef8-4974-a5f5-d09c7fc08122,40,1434.73,Myntra,Shopping,"Kolkata, IN",device-mobile-040,2026-09-09T15:43:05.823367+00:00,APPROVED,0,None
7cf1477b-8325-44fb-8f59-92f99f2202c0,17,2455.85,Airtel Bill,Utilities,"Mumbai, IN",device-mobile-017,2026-09-09T15:47:58.823367+00:00,APPROVED,0,None
8fd2b875-ff31-4427-924d-c7ecdbb20141,40,1205.42,Swiggy,Food & Dining,"Ahmedabad, IN",device-mobile-040,2026-09-09T15:55:23.823367+00:00,APPROVED,0,None
a8158a7a-ebf9-47fa-a82b-02d5d6d6b599,44,6273.39,Blinkit,Groceries,"Delhi, IN",device-mobile-044,2026-09-09T16:28:10.823367+00:00,APPROVED,0,None
fb871feb-6b43-4f76-92ab-a9f3423e6efa,22,784.6,Zomato,Food & Dining,"Bengaluru, IN",device-mobile-022,2026-09-09T16:28:30.823367+00:00,APPROVED,0,None
96857ae9-5a59-479a-ab85-911c307d01fa,24,1115.73,DMart,Groceries,"Mumbai, IN",device-laptop-024,2026-09-09T16:38:48.823367+00:00,APPROVED,0,None
8d818fe1-80ed-4c3f-8dc3-4f8d7433be90,11,756.41,Zepto,Groceries,"Delhi, IN",device-laptop-011,2026-09-09T16:50:02.823367+00:00,APPROVED,0,None
bdebd1eb-fa8e-45f7-a7a6-3dee13c69fc5,8,4703.48,Dominos,Food & Dining,"Kolkata, IN",device-mobile-008,2026-09-09T16:50:14.823367+00:00,APPROVED,0,None
55743436-cf77-4dfb-908c-d48ceaa8d078,24,1989.34,Spotify,Entertainment,"Bengaluru, IN",device-mobile-024,2026-09-09T16:54:34.823367+00:00,APPROVED,0,None
eb494ca8-278e-4b0c-92c0-13802e80c967,36,3315.01,Jio Recharge,Utilities,"Mumbai, IN",device-mobile-036,2026-09-09T17:00:03.823367+00:00,APPROVED,0,None
076d0063-fce8-43ba-98e1-9b8780785c0e,32,1262.91,Apple Store,Electronics,"Hyderabad, IN",device-mobile-032,2026-09-09T17:05:24.823367+00:00,APPROVED,0,None
41cf983c-10cc-415b-ba3c-ecd7eafbeec0,3,4592.86,Blinkit,Groceries,"Kolkata, IN",device-mobile-003,2026-09-09T17:07:40.823367+00:00,APPROVED,0,None
a055d0c0-0660-48f0-85f0-c2c99d33e2c6,31,1513.04,IRCTC,Travel,"Delhi, IN",device-mobile-031,2026-09-09T17:09:04.823367+00:00,APPROVED,0,None
7bffa8d5-9dfe-44a7-b7cd-96ac4b430066,19,84327.66,Apple Store,Electronics,"Delhi, IN",device-emulator-root-1393,2026-09-09T17:10:13.823367+00:00,SUSPICIOUS,1,UNRECOGNIZED_DEVICE
5afe6d58-8c28-479c-86c8-f68edcd051f8,14,2521.22,Instamart,Groceries,"Chennai, IN",device-mobile-014,2026-09-09T17:13:19.823367+00:00,APPROVED,0,None
644953a2-a966-417c-a0e7-ecf21a43aa34,6,2212.82,Booking.com,Travel,"Hyderabad, IN",device-mobile-006,2026-09-09T17:23:29.823367+00:00,APPROVED,0,None
0dcdfdda-ad07-45ce-b70c-e420e834120d,45,2057.79,Rolex Boutique,Luxury & Jewelry,"Kolkata, IN",device-mobile-045,2026-09-09T17:31:45.823367+00:00,APPROVED,0,None
271d3157-a9c0-4f85-9941-c512e9f09784,27,701.53,Adani Gas,Utilities,"Chennai, IN",device-mobile-027,2026-09-09T17:37:26.823367+00:00,APPROVED,0,None
ac0f1fe3-4032-457e-b482-4d27472b4a0a,36,7364.56,Bescom,Utilities,"Mumbai, IN",device-mobile-036,2026-09-09T17:46:41.823367+00:00,APPROVED,0,None
1ffd9a4a-5348-4b09-a65f-17fe224ce846,13,4785.36,DMart,Groceries,"Hyderabad, IN",device-mobile-013,2026-09-09T17:54:55.823367+00:00,APPROVED,0,None
5abf2fbe-4f56-4b76-8210-889b4c72ff0d,14,968.73,Zara,Shopping,"Chennai, IN",device-mobile-014,2026-09-09T17:59:43.823367+00:00,APPROVED,0,None
1c2ea61d-410b-41ca-a065-ebd872d666f3,36,3034.42,Myntra,Shopping,"Mumbai, IN",device-mobile-036,2026-09-09T18:07:39.823367+00:00,APPROVED,0,None
69219830-f5db-49bf-962b-f2226ac4a2b9,31,4270.79,Myntra,Shopping,"Delhi, IN",device-mobile-031,2026-09-09T18:42:56.823367+00:00,APPROVED,0,None
9f1446ff-b08b-45f8-b3d6-6de1bad8c09c,19,2321.65,Spotify,Entertainment,"Kolkata, IN",device-mobile-019,2026-09-09T18:47:16.823367+00:00,APPROVED,0,None
a112e6e1-7c86-4796-8e21-c9bdd1abc208,13,3836.27,PVR Cinemas,Entertainment,"Hyderabad, IN",device-mobile-013,2026-09-09T18:49:46.823367+00:00,APPROVED,0,None
e6900eef-40d4-4bdd-af9e-fcd5a90a096c,27,518.37,Swiggy,Food & Dining,"Chennai, IN",device-mobile-027,2026-09-09T19:32:36.823367+00:00,APPROVED,0,None
6c21c40d-b956-4585-be2e-439d8ff9ab3a,6,2866.04,Zomato,Food & Dining,"Hyderabad, IN",device-mobile-006,2026-09-09T20:00:52.823367+00:00,APPROVED,0,None
3f994ec8-3615-47f1-bfab-9ea3b058c57b,11,669.68,Adani Gas,Utilities,"Delhi, IN",device-laptop-011,2026-09-09T20:08:21.823367+00:00,APPROVED,0,None
072f9f74-239e-4834-a213-c66ab9289fdb,13,4066.69,Nature's Basket,Groceries,"Hyderabad, IN",device-mobile-013,2026-09-09T20:09:55.823367+00:00,APPROVED,0,None
1f5a2b3e-f750-404e-8bd7-b69522100cac,23,1800.06,Flipkart,Shopping,"Hyderabad, IN",device-mobile-023,2026-09-09T20:19:23.823367+00:00,APPROVED,0,None
b7f4d2b0-49b2-485b-b09e-4db9da7e8545,8,5495.56,Bescom,Utilities,"Bengaluru, IN",device-mobile-008,2026-09-09T20:27:54.823367+00:00,APPROVED,0,None
a5624dc3-5b13-43b2-a4eb-b7cd7bf2e442,17,635.45,Vijay Sales,Electronics,"Mumbai, IN",device-mobile-017,2026-09-09T20:31:47.823367+00:00,APPROVED,0,None
e6f176f8-b38b-443e-9e86-7fa133b757d9,45,3270.72,Bescom,Utilities,"Kolkata, IN",device-mobile-045,2026-09-09T20:39:34.823367+00:00,APPROVED,0,None
9807e45f-bfb1-483c-bc52-a763c7ba73e4,34,2222.99,Apple Store,Electronics,"Hyderabad, IN",device-mobile-034,2026-09-09T20:44:05.823367+00:00,APPROVED,0,None
0aceae0b-576a-41d3-b8ae-2bec4a413e24,12,4409.07,Barbeque Nation,Food & Dining,"Chennai, IN",device-mobile-012,2026-09-09T20:56:14.823367+00:00,APPROVED,0,None
7df9085d-4f5f-44e2-aae1-1a1ad04ba69d,44,1738.36,Jio Recharge,Utilities,"Kolkata, IN",device-mobile-044,2026-09-09T21:01:23.823367+00:00,APPROVED,0,None
d869d138-64fa-406a-af6f-ee65a0c09211,18,1574.09,Flipkart,Shopping,"Bengaluru, IN",device-mobile-018,2026-09-09T21:20:23.823367+00:00,APPROVED,0,None
84dde320-17ec-4295-a1ec-534442061a70,33,457.81,Airtel Bill,Utilities,"Kolkata, IN",device-mobile-033,2026-09-09T21:34:19.823367+00:00,APPROVED,0,None
95ea017d-4639-40d1-b2aa-83f5b50ac167,28,39489.64,Zara,Shopping,"Dubai, AE",device-mobile-028,2026-09-09T21:40:35.823367+00:00,SUSPICIOUS,1,LOCATION_HOPPING
be9bc82e-6a61-42bc-b6ce-ab1850b30a87,49,2069.44,Croma,Electronics,"Delhi, IN",device-mobile-049,2026-09-09T21:44:23.823367+00:00,APPROVED,0,None
5ae4fe6e-23a4-4947-9ae3-e32626a826e3,42,2617.02,Samsung Store,Electronics,"Delhi, IN",device-mobile-042,2026-09-09T21:48:01.823367+00:00,APPROVED,0,None
a4006e61-5057-4563-ac1e-d74e74626b86,15,235947.7,Croma,Electronics,"Kolkata, IN",device-mobile-015,2026-09-09T21:57:46.823367+00:00,FLAGGED,1,HIGH_AMOUNT_SPIKE
d5e02b67-8cef-4184-8039-f2d6d9c0ddb8,20,1259.89,Ajio,Shopping,"Pune, IN",device-laptop-020,2026-09-09T21:58:12.823367+00:00,APPROVED,0,None
3e2c5007-d453-45e4-818c-97982cb94191,50,655.06,Ajio,Shopping,"Kolkata, IN",device-mobile-050,2026-09-09T22:04:46.823367+00:00,APPROVED,0,None
3a849016-a642-44ac-9bea-b4a5dc8bad2e,28,1842.91,Ola,Travel,"Chennai, IN",device-mobile-028,2026-09-09T22:08:31.823367+00:00,APPROVED,0,None
1622c787-6b29-422f-a2c2-d2dee6350d85,49,3940.38,Netflix,Entertainment,"Delhi, IN",device-mobile-049,2026-09-09T22:23:23.823367+00:00,APPROVED,0,None
a6228d9c-eda3-4c8c-9385-4cf224aaf7a4,33,196.17,Vijay Sales,Electronics,"Kolkata, IN",device-mobile-033,2026-09-09T22:23:58.823367+00:00,APPROVED,0,None
1393b8c9-fcaf-40b5-a62d-67edf0c18ee6,14,1647.82,Blinkit,Groceries,"Chennai, IN",device-mobile-014,2026-09-09T22:35:54.823367+00:00,APPROVED,0,None
6f117d9e-0b2f-416d-b927-0c42bac3f100,33,704.04,Amazon India,Shopping,"Kolkata, IN",device-mobile-033,2026-09-09T22:38:36.823367+00:00,APPROVED,0,None
5e4250a1-b2d1-42f2-9775-060b212548b9,35,2692.77,Apple Store,Electronics,"Hyderabad, IN",device-mobile-035,2026-09-09T22:46:40.823367+00:00,APPROVED,0,None
892c2924-0c88-4098-9aff-5cb61652f9ff,13,4456.95,Jio Recharge,Utilities,"Hyderabad, IN",device-mobile-013,2026-09-09T22:58:02.823367+00:00,APPROVED,0,None
c7127e36-1229-474a-a599-b5bd51f1242d,37,1304.91,Jio Recharge,Utilities,"Kolkata, IN",device-mobile-037,2026-09-09T23:08:26.823367+00:00,APPROVED,0,None
75a0f28a-f577-454a-8c10-491a3a47d124,47,1932.86,BookMyShow,Entertainment,"Bengaluru, IN",device-mobile-047,2026-09-09T23:21:55.823367+00:00,APPROVED,0,None
47866a06-62ca-4cae-8758-a899569d331a,38,474.84,Airtel Bill,Utilities,"Hyderabad, IN",device-mobile-038,2026-09-09T23:24:24.823367+00:00,APPROVED,0,None
0457b882-8283-4986-81ec-c5d66a9f2e8a,36,39567.02,Apple Store,Electronics,"Hyderabad, IN",device-emulator-root-1070,2026-09-09T23:24:48.823367+00:00,SUSPICIOUS,1,UNRECOGNIZED_DEVICE
48db216d-10cf-43b7-aa31-28edd738bc97,38,1136.52,Jio Recharge,Utilities,"Hyderabad, IN",device-mobile-038,2026-09-09T23:26:24.823367+00:00,APPROVED,0,None
9dc1783a-66bd-42a3-8d56-52647b281f1e,29,3077.22,BookMyShow,Entertainment,"Pune, IN",device-mobile-029,2026-09-09T23:33:04.823367+00:00,APPROVED,0,None
2608b96c-7c9d-4b6f-b969-eb8fe91b8e65,2,3227.23,Ajio,Shopping,"Pune, IN",device-mobile-002,2026-09-09T23:33:09.823367+00:00,APPROVED,0,None
591ac72f-00e0-4050-8c86-99b0ebe6cf04,46,1528.12,Steam Games,Entertainment,"Delhi, IN",device-mobile-046,2026-09-09T23:38:14.823367+00:00,APPROVED,0,None
cb2e46cf-d6f4-4def-aba1-346ee6e55fb0,35,3525.1,Uber,Travel,"Mumbai, IN",device-mobile-035,2026-09-09T23:39:58.823367+00:00,APPROVED,0,None
dd039753-7286-46b0-991c-a8b268fa2595,18,940.37,Blinkit,Groceries,"Bengaluru, IN",device-mobile-018,2026-09-09T23:40:21.823367+00:00,APPROVED,0,None
3753a57b-05fe-4580-9cfe-cca6228979ce,49,1808.67,Adani Gas,Utilities,"Delhi, IN",device-mobile-049,2026-09-09T23:50:26.823367+00:00,APPROVED,0,None
76cec5d0-36e7-437e-bfdb-ecec52b925de,14,535.82,Swiggy,Food & Dining,"Chennai, IN",device-mobile-014,2026-09-09T23:53:16.823367+00:00,APPROVED,0,None
f7c617e1-b711-4e82-b73c-ec4e1bfed18b,46,1716.11,Amazon India,Shopping,"Delhi, IN",device-mobile-046,2026-09-09T23:56:30.823367+00:00,APPROVED,0,None
1b50358e-37e7-45e1-8ca5-a78c8cc3ab8f,29,2214.45,Zara,Shopping,"Pune, IN",device-mobile-029,2026-09-10T00:14:35.823367+00:00,APPROVED,0,None
83b0be3d-fb7a-4126-a7ec-f782a8679aa4,36,10348.34,Reliance Digital,Electronics,"Mumbai, IN",device-mobile-036,2026-09-10T00:22:22.823367+00:00,APPROVED,0,None
252f43ae-8e9c-4441-a316-649d1756b308,10,2236.38,Barbeque Nation,Food & Dining,"Mumbai, IN",device-mobile-010,2026-09-10T00:30:27.823367+00:00,APPROVED,0,None
de7eec76-5cd3-4ee4-ad54-94bb1264e3ce,20,1388.38,Zara,Shopping,"Pune, IN",device-mobile-020,2026-09-10T00:31:43.823367+00:00,APPROVED,0,None
a8455e3a-9924-42ec-b08d-9dfcf504f970,20,1255.15,Nature's Basket,Groceries,"Pune, IN",device-mobile-020,2026-09-10T00:41:37.823367+00:00,APPROVED,0,None
98562733-4300-4844-99a6-1c184abece1a,12,3250.8,Barbeque Nation,Food & Dining,"Chennai, IN",device-mobile-012,2026-09-10T00:52:46.823367+00:00,APPROVED,0,None
9419d532-733d-4c5e-91e2-ca3319886566,25,1977.07,Myntra,Shopping,"Bengaluru, IN",device-mobile-025,2026-09-10T00:53:47.823367+00:00,APPROVED,0,None
108504d1-07fe-41a3-b672-8f7f0211186c,15,487.55,Amazon India,Shopping,"Kolkata, IN",device-mobile-015,2026-09-10T00:53:54.823367+00:00,APPROVED,0,None
049af313-e39b-4cc9-9d58-097e6277edd1,38,1561.75,Vijay Sales,Electronics,"Kolkata, IN",device-laptop-038,2026-09-10T00:59:38.823367+00:00,APPROVED,0,None
565aec0e-5630-481b-8397-51263aed1e21,22,607.9,H&M,Shopping,"Bengaluru, IN",device-mobile-022,2026-09-10T01:03:09.823367+00:00,APPROVED,0,None
d2237076-a770-4a29-9bb7-d90fa75a20b7,34,3736.81,Dominos,Food & Dining,"Hyderabad, IN",device-mobile-034,2026-09-10T01:03:44.823367+00:00,APPROVED,0,None
1874d21e-c636-4417-a1e6-f543e5dd49ab,6,929.6,Starbucks,Food & Dining,"Hyderabad, IN",device-mobile-006,2026-09-10T01:11:10.823367+00:00,APPROVED,0,None
6352c4e4-a6ca-4104-b77d-5352d1eb732b,38,600.71,Spotify,Entertainment,"Hyderabad, IN",device-laptop-038,2026-09-10T01:17:25.823367+00:00,APPROVED,0,None
b93f4394-77e8-4d08-bd23-756619a7b5e5,9,19025.83,Apple Store,Electronics,"Hyderabad, IN",device-emulator-root-8772,2026-09-10T01:20:16.823367+00:00,SUSPICIOUS,1,UNRECOGNIZED_DEVICE
459dd178-1113-40c1-9da1-cd6b28829fe5,31,3265.63,Myntra,Shopping,"Delhi, IN",device-mobile-031,2026-09-10T01:35:53.823367+00:00,APPROVED,0,None
96bb762d-7251-412b-9f74-d8437b93b5bf,50,1216.56,DMart,Groceries,"Kolkata, IN",device-mobile-050,2026-09-10T01:40:37.823367+00:00,APPROVED,0,None
309901e0-387f-4976-b3f7-af541c89834a,3,3525.1,Adani Gas,Utilities,"Delhi, IN",device-mobile-003,2026-09-10T01:48:47.823367+00:00,APPROVED,0,None
8ccac8de-48d9-4d1c-a311-826468b3445f,31,1339.94,Tata Power,Utilities,"Bengaluru, IN",device-mobile-031,2026-09-10T02:00:18.823367+00:00,APPROVED,0,None
89bffa16-887d-4b2a-975f-87876278b042,4,1802.26,Starbucks,Food & Dining,"Bengaluru, IN",device-mobile-004,2026-09-10T02:07:14.823367+00:00,APPROVED,0,None
7dbdd222-d031-4f37-bab5-4efe08a56750,36,4949.73,Zara,Shopping,"Mumbai, IN",device-laptop-036,2026-09-10T02:10:26.823367+00:00,APPROVED,0,None
7d1f3486-9ace-420d-8e72-3de2826810bd,28,2302.27,Reliance Digital,Electronics,"Chennai, IN",device-mobile-028,2026-09-10T02:22:35.823367+00:00,APPROVED,0,None
6f65fc05-1fbf-449a-9c63-2c60f8437e8a,40,1470.57,Zara,Shopping,"Delhi, IN",device-mobile-040,2026-09-10T02:24:07.823367+00:00,APPROVED,0,None
1969f613-346f-457c-a63a-2ccf84de74be,48,1842.41,Netflix,Entertainment,"Mumbai, IN",device-mobile-048,2026-09-10T02:28:02.823367+00:00,APPROVED,0,None
be6f2a17-e3ae-4b8a-83f7-df7dfe993514,16,971.57,Apple Store,Electronics,"Chennai, IN",device-mobile-016,2026-09-10T02:43:23.823367+00:00,APPROVED,0,None
0c6577f8-f7a7-41e2-a7bd-8bd8d2de4bd2,36,4470.26,Steam Games,Entertainment,"Mumbai, IN",device-mobile-036,2026-09-10T02:45:09.823367+00:00,APPROVED,0,None
5486fee3-84ad-419e-9e03-6760228009dd,23,894.9,Swiggy,Food & Dining,"Hyderabad, IN",device-laptop-023,2026-09-10T02:59:05.823367+00:00,APPROVED,0,None
b6d2a1cf-0d7d-439f-8c0e-a7f336cd7033,9,1541.53,Instamart,Groceries,"Pune, IN",device-mobile-009,2026-09-10T03:00:27.823367+00:00,APPROVED,0,None
6ed237bd-d232-41ca-aaa6-3f8debdb1236,24,1274.82,Reliance Digital,Electronics,"Bengaluru, IN",device-mobile-024,2026-09-10T03:11:46.823367+00:00,APPROVED,0,None
9cc1cda7-922d-49e8-be46-81e377f72b02,12,3191.74,H&M,Shopping,"Pune, IN",device-mobile-012,2026-09-10T03:12:26.823367+00:00,APPROVED,0,None
c79b9b1b-59b5-4c00-aadc-2170962be179,1,1323.14,BigBasket,Groceries,"Bengaluru, IN",device-mobile-001,2026-09-10T03:17:27.823367+00:00,APPROVED,0,None
0f1f138f-bf17-4552-bc2d-6a619caeb7bc,26,5328.81,IRCTC,Travel,"Ahmedabad, IN",device-mobile-026,2026-09-10T03:22:24.823367+00:00,APPROVED,0,None
cf06be9b-9b27-4edf-a298-27b11cc5d453,23,744.74,Samsung Store,Electronics,"Hyderabad, IN",device-mobile-023,2026-09-10T03:30:11.823367+00:00,APPROVED,0,None
0d6d6ce4-0dea-40be-963e-65c7df7674c6,1,1092.42,Amazon India,Shopping,"Bengaluru, IN",device-mobile-001,2026-09-10T03:32:51.823367+00:00,APPROVED,0,None
40ab8ee9-bf1c-45ab-ad4e-9f4ab4391623,43,1040.67,Zomato,Food & Dining,"Pune, IN",device-mobile-043,2026-09-10T03:42:18.823367+00:00,APPROVED,0,None
c281b525-b7ea-463a-9536-2e2e3e23e1b1,37,1423.72,Rolex Boutique,Luxury & Jewelry,"Kolkata, IN",device-mobile-037,2026-09-10T03:57:38.823367+00:00,APPROVED,0,None
0a561481-e90c-4a06-83d5-d5235ab70d6d,19,3714.47,Zara,Shopping,"Kolkata, IN",device-mobile-019,2026-09-10T04:12:45.823367+00:00,APPROVED,0,None
a42a4be3-49a6-4b13-9d61-a08ea5ab21d2,43,275.71,Apple Store,Electronics,"Pune, IN",device-mobile-043,2026-09-10T04:16:45.823367+00:00,APPROVED,0,None
f71be4f9-d90a-4dcd-a58c-b6141c086a34,5,1172.03,Croma,Electronics,"Mumbai, IN",device-mobile-005,2026-09-10T04:23:45.823367+00:00,APPROVED,0,None
79bf1503-770c-4a65-aabb-421c6287cd5a,5,1464.7,Zara,Shopping,"Mumbai, IN",device-mobile-005,2026-09-10T04:35:54.823367+00:00,APPROVED,0,None
643655ba-bae4-456a-910b-a650fd205417,9,1000.07,Ajio,Shopping,"Pune, IN",device-mobile-009,2026-09-10T04:50:06.823367+00:00,APPROVED,0,None
813fe723-d307-46cd-af55-392114c36808,28,2588.79,Vijay Sales,Electronics,"Chennai, IN",device-mobile-028,2026-09-10T05:05:50.823367+00:00,APPROVED,0,None
d8a678db-63ef-4d2b-968b-0c88ea432c05,23,1912.44,Apple Store,Electronics,"Hyderabad, IN",device-laptop-023,2026-09-10T05:14:49.823367+00:00,APPROVED,0,None
c1607665-f19e-4200-b61f-f00f73c3deb8,7,455.65,Zara,Shopping,"Mumbai, IN",device-mobile-007,2026-09-10T05:34:08.823367+00:00,APPROVED,0,None
f581f1ca-9ba1-43b3-a8b0-2db6029aeb05,37,1570.0,Ajio,Shopping,"Kolkata, IN",device-mobile-037,2026-09-10T05:34:46.823367+00:00,APPROVED,0,None
eeaa4f6b-1013-42b7-8d89-6eb8fbe4cb48,49,3086.96,Samsung Store,Electronics,"Delhi, IN",device-mobile-049,2026-09-10T05:36:34.823367+00:00,APPROVED,0,None
67559b71-6715-4c5e-b68b-82a401652133,11,35684.58,Apple Store,Electronics,"Hyderabad, IN",device-emulator-root-5125,2026-09-10T05:37:30.823367+00:00,SUSPICIOUS,1,UNRECOGNIZED_DEVICE
fd002bfa-15b7-4be9-8768-badc837c259c,16,1913.86,Instamart,Groceries,"Ahmedabad, IN",device-mobile-016,2026-09-10T05:38:17.823367+00:00,APPROVED,0,None
aa98cf9b-2d0f-4a67-93ed-2d6dc018daef,39,2683.43,Instamart,Groceries,"Chennai, IN",device-mobile-039,2026-09-10T06:08:16.823367+00:00,APPROVED,0,None
9175401b-8c9a-4f6e-b0b7-6ebcb3784dbb,34,1503.07,Uber,Travel,"Hyderabad, IN",device-mobile-034,2026-09-10T06:56:43.823367+00:00,APPROVED,0,None
3e61f126-3f67-4cfe-a014-f8ebd32af1a4,16,1441.46,Amazon India,Shopping,"Chennai, IN",device-mobile-016,2026-09-10T07:02:34.823367+00:00,APPROVED,0,None
176538fa-bc3d-4d3a-9de9-c5839974e652,10,1865.99,Uber,Travel,"Mumbai, IN",device-mobile-010,2026-09-10T07:50:09.823367+00:00,APPROVED,0,None
f9e0dce6-f911-4be7-b834-863a1eb7351a,18,730.59,Bescom,Utilities,"Bengaluru, IN",device-laptop-018,2026-09-10T08:07:08.823367+00:00,APPROVED,0,None
51d4c8e6-ebcc-401b-8b01-04147d2ce629,4,1950.62,Uber,Travel,"Bengaluru, IN",device-laptop-004,2026-09-10T08:12:11.823367+00:00,APPROVED,0,None
6bc9636d-ce1c-43d0-84ea-889e21cbb992,16,763.01,Flipkart,Shopping,"Chennai, IN",device-mobile-016,2026-09-10T08:22:18.823367+00:00,APPROVED,0,None
a63b088a-5b34-4b04-b605-c59d45ebfdf2,34,2047.7,Myntra,Shopping,"Hyderabad, IN",device-mobile-034,2026-09-10T08:26:29.823367+00:00,APPROVED,0,None
1e66f843-87ef-4142-b885-98f52667f613,50,685.56,Booking.com,Travel,"Kolkata, IN",device-mobile-050,2026-09-10T08:38:50.823367+00:00,APPROVED,0,None
58de991b-7d7b-488e-bc39-d50f9dbf5de8,12,1251.95,IndiGo,Travel,"Chennai, IN",device-mobile-012,2026-09-10T08:44:34.823367+00:00,APPROVED,0,None
a28a03b8-5030-40e9-a791-b7a2af6d9ced,43,717.65,Airtel Bill,Utilities,"Pune, IN",device-laptop-043,2026-09-10T08:55:20.823367+00:00,APPROVED,0,None
2f793ad3-c8c1-4abc-a8f1-0508f9a1488c,38,1465.1,Spotify,Entertainment,"Hyderabad, IN",device-mobile-038,2026-09-10T08:58:18.823367+00:00,APPROVED,0,None
8775bc23-3c08-405f-a3b2-5312f93e336d,5,2706.91,IRCTC,Travel,"Mumbai, IN",device-mobile-005,2026-09-10T09:02:32.823367+00:00,APPROVED,0,None
4f165c6e-c772-4fd5-b67b-2da92ee2ccfe,12,2287.56,Croma,Electronics,"Chennai, IN",device-mobile-012,2026-09-10T09:07:13.823367+00:00,APPROVED,0,None
c12e9180-3bf0-4722-9053-4abc97c1a7cc,11,527.6,McDonald's,Food & Dining,"Delhi, IN",device-mobile-011,2026-09-10T09:14:45.823367+00:00,APPROVED,0,None
17e70f56-76e2-42cf-ae62-fdd054676ab3,26,5905.52,BigBasket,Groceries,"Pune, IN",device-mobile-026,2026-09-10T09:30:43.823367+00:00,APPROVED,0,None
c45afd16-9526-468b-b40a-1bfc23e53f9d,3,1418.32,Apple Store,Electronics,"Delhi, IN",device-mobile-003,2026-09-10T09:31:28.823367+00:00,APPROVED,0,None
9ab23e36-4b12-4b7a-b0fb-81614aed089b,25,892.72,Croma,Electronics,"Bengaluru, IN",device-mobile-025,2026-09-10T09:32:24.823367+00:00,APPROVED,0,None
07b542aa-0803-4877-8350-8ded554799ae,28,1946.36,Spotify,Entertainment,"Chennai, IN",device-mobile-028,2026-09-10T09:46:38.823367+00:00,APPROVED,0,None
e4fd40bc-4253-49f4-93c7-fe24b759a5d7,31,5748.43,Amazon India,Shopping,"Delhi, IN",device-mobile-031,2026-09-10T09:50:21.823367+00:00,APPROVED,0,None
36cfac79-e7ba-4bed-a6a4-0a2710d46500,2,3857.83,Blinkit,Groceries,"Pune, IN",device-mobile-002,2026-09-10T10:00:45.823367+00:00,APPROVED,0,None
81153eaa-46ac-48d1-a2b7-db86773c28b0,45,278507.93,Vijay Sales,Electronics,"Kolkata, IN",device-mobile-045,2026-09-10T10:03:29.823367+00:00,FLAGGED,1,HIGH_AMOUNT_SPIKE
c351261e-4796-447c-909f-78f922405d50,8,3980.27,Spotify,Entertainment,"Kolkata, IN",device-mobile-008,2026-09-10T10:11:36.823367+00:00,APPROVED,0,None
c724aae3-52e0-4e8c-8bdc-76cf36ecd500,4,5900.29,Airtel Bill,Utilities,"Bengaluru, IN",device-mobile-004,2026-09-10T10:25:51.823367+00:00,APPROVED,0,None
551a90b9-d60d-4cfe-a7a1-4d8a8371da6f,19,1458.61,DMart,Groceries,"Kolkata, IN",device-mobile-019,2026-09-10T10:38:00.823367+00:00,APPROVED,0,None
a0a54dd3-477d-4fea-aa48-b2fba98e4c5a,42,2070.87,Amazon India,Shopping,"Delhi, IN",device-mobile-042,2026-09-10T10:47:50.823367+00:00,APPROVED,0,None
1abae351-2c2e-487f-9e80-d6cdeac2fee8,16,1299.08,Swiggy,Food & Dining,"Chennai, IN",device-laptop-016,2026-09-10T10:57:49.823367+00:00,APPROVED,0,None
31367fdd-d307-4d3c-899f-f6a7f1f4b689,13,6199.16,Airtel Bill,Utilities,"Hyderabad, IN",device-mobile-013,2026-09-10T11:03:33.823367+00:00,APPROVED,0,None
b8ec99f3-c8f3-4cb2-be68-72161659472c,9,1824.57,Amazon India,Shopping,"Pune, IN",device-mobile-009,2026-09-10T11:13:13.823367+00:00,APPROVED,0,None
05786797-a6b5-4516-a656-96b8f299322a,18,1086.51,Amazon India,Shopping,"Bengaluru, IN",device-mobile-018,2026-09-10T11:15:49.823367+00:00,APPROVED,0,None
32788a8b-9622-4490-a458-e976e91e200c,16,82403.06,Apple Store,Electronics,"Chennai, IN",device-emulator-root-4686,2026-09-10T11:23:45.823367+00:00,SUSPICIOUS,1,UNRECOGNIZED_DEVICE
c675cce4-85d5-4e24-b165-fa3b3503496d,48,1444.71,Vijay Sales,Electronics,"Bengaluru, IN",device-mobile-048,2026-09-10T11:26:12.823367+00:00,APPROVED,0,None
d1914f74-bc69-4288-bf39-3e2d1f5c8284,33,501.87,McDonald's,Food & Dining,"Kolkata, IN",device-mobile-033,2026-09-10T11:28:38.823367+00:00,APPROVED,0,None
1c355275-c6c1-469b-b72c-92da6a6a5815,35,2880.03,Zomato,Food & Dining,"Mumbai, IN",device-mobile-035,2026-09-10T11:35:48.823367+00:00,APPROVED,0,None
0e23070b-2a3c-467a-be34-05713120f8ad,45,1731.84,Nature's Basket,Groceries,"Kolkata, IN",device-mobile-045,2026-09-10T11:45:30.823367+00:00,APPROVED,0,None
9ee63d0b-5d4a-40e5-b669-dba02cbb3eee,10,2271.53,Swiggy,Food & Dining,"Mumbai, IN",device-mobile-010,2026-09-10T11:47:33.823367+00:00,APPROVED,0,None
3d534544-65ea-4b97-94ab-d873a218f332,32,582.21,Starbucks,Food & Dining,"Hyderabad, IN",device-mobile-032,2026-09-10T11:51:34.823367+00:00,APPROVED,0,None
eee391fb-34a1-46cc-a703-241f0622b9aa,7,1669.54,Tanishq,Luxury & Jewelry,"Mumbai, IN",device-laptop-007,2026-09-10T11:55:49.823367+00:00,APPROVED,0,None
076b703e-2c50-4a5a-a38e-6c057497b023,49,1277.48,Spotify,Entertainment,"Delhi, IN",device-mobile-049,2026-09-10T12:15:50.823367+00:00,APPROVED,0,None
9f59fcf2-c3da-48e9-8b60-1cbd9dba5830,10,4154.7,Vijay Sales,Electronics,"Mumbai, IN",device-mobile-010,2026-09-10T12:24:51.823367+00:00,APPROVED,0,None
7efc8cd2-0c57-4d01-8aaf-0ddb3867632a,38,748.62,Barbeque Nation,Food & Dining,"Hyderabad, IN",device-laptop-038,2026-09-10T12:25:19.823367+00:00,APPROVED,0,None
40b4c01a-fbc0-4f07-a669-bad4278c160d,6,1113.54,Swiggy,Food & Dining,"Hyderabad, IN",device-mobile-006,2026-09-10T12:49:16.823367+00:00,APPROVED,0,None
2a88f4cd-495f-495e-a0ee-4a4e45e73423,28,1697.69,IndiGo,Travel,"Hyderabad, IN",device-mobile-028,2026-09-10T12:49:47.823367+00:00,APPROVED,0,None
17164cb3-64b7-485d-b4a1-347abc4be6a7,48,2478.95,Jio Recharge,Utilities,"Bengaluru, IN",device-mobile-048,2026-09-10T13:03:08.823367+00:00,APPROVED,0,None
ef6df133-6f02-4e6c-bf78-05f54c726cf3,4,1008.49,Spotify,Entertainment,"Bengaluru, IN",device-mobile-004,2026-09-10T13:28:20.823367+00:00,APPROVED,0,None
65cad048-f445-4b35-a542-c2af777c5216,47,3364.6,Croma,Electronics,"Bengaluru, IN",device-mobile-047,2026-09-10T13:32:11.823367+00:00,APPROVED,0,None
a47f5aa6-2afd-4b63-80cf-555efe4b4a56,27,479.0,Zepto,Groceries,"Chennai, IN",device-mobile-027,2026-09-10T13:32:55.823367+00:00,APPROVED,0,None
5509ebb6-ae71-4a65-a5ed-8214fbf7f25c,37,1177.69,Amazon India,Shopping,"Kolkata, IN",device-mobile-037,2026-09-10T13:54:37.823367+00:00,APPROVED,0,None
c8528470-d504-4140-9b37-f0cdc67db96f,9,2093.69,Adani Gas,Utilities,"Pune, IN",device-mobile-009,2026-09-10T13:57:31.823367+00:00,APPROVED,0,None
dcf914d2-41f0-4207-b949-faf5c2b48a20,39,1614.44,Instamart,Groceries,"Chennai, IN",device-mobile-039,2026-09-10T13:58:29.823367+00:00,APPROVED,0,None
96356a48-bc35-49e2-8135-4f1f52802ed3,38,542.39,Zara,Shopping,"Hyderabad, IN",device-mobile-038,2026-09-10T14:04:55.823367+00:00,APPROVED,0,None
edb547e5-37bc-49e7-a0f9-59693e83fa38,50,687.21,Vijay Sales,Electronics,"Kolkata, IN",device-mobile-050,2026-09-10T14:14:54.823367+00:00,APPROVED,0,None
5df6ce04-123f-40dc-a27f-cd8aec212a8d,28,2471.76,BookMyShow,Entertainment,"Chennai, IN",device-mobile-028,2026-09-10T14:16:42.823367+00:00,APPROVED,0,None
240a74bb-90b7-46ef-9537-6c48539c0e7b,29,3201.59,Starbucks,Food & Dining,"Pune, IN",device-mobile-029,2026-09-10T14:21:58.823367+00:00,APPROVED,0,None
2937ed10-0791-4e52-9f6e-f706de7ecbd8,40,2108.27,BigBasket,Groceries,"Ahmedabad, IN",device-mobile-040,2026-09-10T14:32:27.823367+00:00,APPROVED,0,None
551f6c94-bd96-4dd7-8e71-0ebdb680b720,16,785.58,Nature's Basket,Groceries,"Ahmedabad, IN",device-mobile-016,2026-09-10T14:35:13.823367+00:00,APPROVED,0,None
ec3921f2-92df-40c0-ab12-4489b3664a0a,39,1194.19,Swiggy,Food & Dining,"Chennai, IN",device-mobile-039,2026-09-10T14:39:34.823367+00:00,APPROVED,0,None
c9ad737f-dd5e-49dd-871e-83c937b6e0df,14,1000.24,Croma,Electronics,"Chennai, IN",device-mobile-014,2026-09-10T14:45:06.823367+00:00,APPROVED,0,None
8761feb0-b91c-4270-8d10-055d9bae028e,3,1048.11,Croma,Electronics,"Delhi, IN",device-mobile-003,2026-09-10T14:48:25.823367+00:00,APPROVED,0,None
